property_id,city,area_sqft,bhk,bathrooms,price_lakh,furnishing
IN00000,Hyderabad,1666,1,1,17.5,Unfurnished
IN00001,Hyderabad,1101,3,3,15,Semi
IN00002,Chennai,1042,4,1,16.72,Unfurnished
IN00003,Bangalore,1213,4,1,15.53,Unfurnished
IN00004,Delhi,1234,3,2,15,Furnished
IN00005,Kolkata,1450,2,2,20.53,Furnished
IN00006,Delhi,1247,3,2,16.19,Unfurnished
IN00007,Bangalore,1859,3,1,21.51,Unfurnished
IN00008,Bangalore,1833,3,1,15,Unfurnished
IN00009,Kolkata,1454,2,3,21.7,Semi
IN00010,Bangalore,1192,4,3,15,Unfurnished
IN00011,Kolkata,1699,3,3,15,Unfurnished
IN00012,Hyderabad,431,2,3,15,Semi
IN00013,Hyderabad,300,1,1,15,Unfurnished
IN00014,Mumbai,865,2,2,15,Semi
IN00015,Kolkata,1239,3,2,19.59,Furnished
IN00016,Hyderabad,1128,1,2,15,Furnished
IN00017,Delhi,476,3,2,15,Unfurnished
IN00018,Delhi,1193,2,2,15,Furnished
IN00019,Mumbai,1451,2,1,16.28,Semi
IN00020,Delhi,869,3,2,15,Unfurnished
IN00021,Delhi,1113,4,3,15,Semi
IN00022,Delhi,582,2,2,15,Semi
IN00023,Mumbai,1368,3,3,17.38,Semi
IN00024,Bangalore,410,3,3,15,Furnished
IN00025,Delhi,1223,2,1,15,Unfurnished
IN00026,Delhi,919,1,1,15,Unfurnished
IN00027,Chennai,692,3,2,15,Unfurnished
IN00028,Delhi,1389,3,2,27.78,Unfurnished
IN00029,Delhi,300,3,2,15,Furnished
IN00030,Bangalore,2090,2,3,39.88,Unfurnished
IN00031,Delhi,816,3,2,15,Furnished
IN00032,Mumbai,1332,3,3,19.53,Furnished
IN00033,Bangalore,462,2,3,15,Furnished
IN00034,Kolkata,436,2,3,15,Semi
IN00035,Hyderabad,657,3,2,15,Furnished
IN00036,Hyderabad,300,1,1,15,Furnished
IN00037,Chennai,576,3,3,15,Unfurnished
IN00038,Bangalore,439,3,2,15,Unfurnished
IN00039,Mumbai,1415,3,3,19.9,Unfurnished
IN00040,Chennai,774,3,2,15,Unfurnished
IN00041,Chennai,695,2,1,15,Unfurnished
IN00042,Mumbai,1594,3,2,18.45,Unfurnished
IN00043,Delhi,1382,2,1,15.59,Unfurnished
IN00044,Hyderabad,551,3,2,15,Semi
IN00045,Kolkata,1245,3,2,26.61,Semi
IN00046,Mumbai,1250,3,3,15,Furnished
IN00047,Chennai,790,3,2,15,Unfurnished
IN00048,Delhi,1087,3,1,17.97,Semi
IN00049,Hyderabad,519,2,2,15,Semi
IN00050,Delhi,962,4,2,15,Furnished
IN00051,Chennai,1266,2,3,15.09,Furnished
IN00052,Kolkata,545,1,2,15,Unfurnished
IN00053,Hyderabad,1765,2,1,15,Unfurnished
IN00054,Chennai,468,3,3,15,Furnished
IN00055,Hyderabad,686,1,1,15,Unfurnished
IN00056,Chennai,1718,2,3,21.35,Unfurnished
IN00057,Chennai,1424,2,2,15,Unfurnished
IN00058,Bangalore,1574,1,3,26.95,Furnished
IN00059,Bangalore,1795,3,2,15,Furnished
IN00060,Bangalore,830,3,1,15,Furnished
IN00061,Delhi,391,2,3,15,Semi
IN00062,Delhi,929,4,2,15,Furnished
IN00063,Mumbai,806,2,2,15,Semi
IN00064,Kolkata,1477,3,2,23.98,Furnished
IN00065,Hyderabad,952,2,2,15,Furnished
IN00066,Hyderabad,488,4,2,15,Unfurnished
IN00067,Chennai,1088,4,2,15.04,Semi
IN00068,Bangalore,1109,1,1,15,Semi
IN00069,Delhi,1169,3,2,17.24,Furnished
IN00070,Chennai,621,4,1,15,Unfurnished
IN00071,Bangalore,1999,3,1,15,Furnished
IN00072,Delhi,967,2,1,15,Semi
IN00073,Mumbai,1900,4,2,18.34,Unfurnished
IN00074,Mumbai,1674,2,1,15,Semi
IN00075,Delhi,1575,4,2,15,Furnished
IN00076,Chennai,602,1,3,15,Semi
IN00077,Chennai,1225,2,2,19.2,Unfurnished
IN00078,Bangalore,1001,3,2,15,Unfurnished
IN00079,Bangalore,1502,2,2,27.87,Semi
IN00080,Bangalore,1788,3,2,17.26,Semi
IN00081,Mumbai,1361,2,2,23.3,Semi
IN00082,Mumbai,1056,3,1,15,Semi
IN00083,Mumbai,1355,2,2,20.67,Semi
IN00084,Kolkata,1171,4,2,15,Unfurnished
IN00085,Bangalore,1232,3,3,15,Furnished
IN00086,Bangalore,1243,4,2,15,Furnished
IN00087,Mumbai,1466,3,1,23.75,Semi
IN00088,Hyderabad,1054,3,1,15,Semi
IN00089,Bangalore,332,2,3,15,Furnished
IN00090,Mumbai,970,4,1,15,Semi
IN00091,Bangalore,1004,3,3,17.04,Unfurnished
IN00092,Bangalore,363,1,1,15,Unfurnished
IN00093,Chennai,1592,2,2,35.75,Unfurnished
IN00094,Delhi,1095,2,1,15,Unfurnished
IN00095,Hyderabad,1137,2,2,15,Semi
IN00096,Mumbai,1388,3,3,21.87,Semi
IN00097,Mumbai,677,2,3,15,Semi
IN00098,Kolkata,1506,3,2,15,Semi
IN00099,Bangalore,1046,2,2,15,Unfurnished
IN00100,Bangalore,1275,4,2,16.52,Unfurnished
IN00101,Delhi,890,2,2,15,Furnished
IN00102,Bangalore,1169,4,2,15,Furnished
IN00103,Chennai,1178,1,2,24.87,Semi
IN00104,Delhi,628,2,1,15,Furnished
IN00105,Bangalore,1681,3,3,16.48,Semi
IN00106,Hyderabad,1365,3,1,22.34,Furnished
IN00107,Delhi,1263,2,2,15,Furnished
IN00108,Hyderabad,752,2,1,15,Unfurnished
IN00109,Kolkata,1503,4,1,16.06,Semi
IN00110,Hyderabad,1003,2,2,20.83,Semi
IN00111,Chennai,1430,1,2,21.5,Furnished
IN00112,Delhi,900,2,3,15,Furnished
IN00113,Chennai,300,1,3,15,Semi
IN00114,Mumbai,729,3,2,15,Furnished
IN00115,Delhi,589,1,2,15,Furnished
IN00116,Delhi,551,2,3,15,Unfurnished
IN00117,Bangalore,1262,3,3,15,Furnished
IN00118,Hyderabad,1429,2,2,19.68,Furnished
IN00119,Hyderabad,587,2,1,15,Unfurnished
IN00120,Hyderabad,1317,2,1,19.56,Furnished
IN00121,Delhi,1244,2,1,15,Semi
IN00122,Hyderabad,1486,3,2,15.99,Unfurnished
IN00123,Chennai,1041,2,1,15,Unfurnished
IN00124,Bangalore,1342,2,3,17.97,Unfurnished
IN00125,Delhi,939,3,3,15,Furnished
IN00126,Kolkata,1274,2,1,15,Furnished
IN00127,Delhi,1669,4,1,21.44,Unfurnished
IN00128,Chennai,1119,4,3,26.7,Furnished
IN00129,Kolkata,1640,3,1,19.92,Unfurnished
IN00130,Kolkata,1193,3,2,16.46,Unfurnished
IN00131,Chennai,1269,2,2,22.26,Semi
IN00132,Hyderabad,1383,3,2,15,Furnished
IN00133,Delhi,1565,3,2,15,Furnished
IN00134,Delhi,856,2,2,15,Semi
IN00135,Chennai,1970,2,2,19.64,Furnished
IN00136,Mumbai,835,1,2,15,Furnished
IN00137,Chennai,1102,2,3,15,Semi
IN00138,Mumbai,553,1,2,15,Semi
IN00139,Chennai,758,3,3,15,Semi
IN00140,Hyderabad,777,4,2,15,Unfurnished
IN00141,Chennai,1418,4,3,15,Furnished
IN00142,Delhi,1243,1,2,24.03,Unfurnished
IN00143,Chennai,437,1,1,15,Semi
IN00144,Kolkata,1220,2,2,15,Semi
IN00145,Chennai,1841,3,2,24.9,Unfurnished
IN00146,Delhi,1281,2,2,20.24,Semi
IN00147,Mumbai,2276,3,2,30.57,Unfurnished
IN00148,Delhi,1969,2,1,17.81,Semi
IN00149,Mumbai,922,1,3,15,Furnished
IN00150,Mumbai,1154,1,3,16.86,Furnished
IN00151,Chennai,1359,3,1,15,Unfurnished
IN00152,Kolkata,1183,3,2,15,Furnished
IN00153,Kolkata,1152,3,2,16.94,Semi
IN00154,Bangalore,1438,3,3,20.52,Unfurnished
IN00155,Chennai,1036,2,3,20.38,Unfurnished
IN00156,Chennai,1682,1,1,27.81,Unfurnished
IN00157,Bangalore,912,3,3,15,Semi
IN00158,Mumbai,729,2,1,15,Unfurnished
IN00159,Mumbai,1846,1,3,15.2,Unfurnished
IN00160,Mumbai,1838,4,1,40.15,Furnished
IN00161,Delhi,1429,1,2,15.33,Semi
IN00162,Delhi,1199,4,2,15,Furnished
IN00163,Mumbai,2098,2,1,15,Semi
IN00164,Chennai,1113,3,1,17.19,Unfurnished
IN00165,Kolkata,1124,4,1,15,Unfurnished
IN00166,Bangalore,1467,3,3,24.65,Furnished
IN00167,Delhi,908,3,2,16.81,Furnished
IN00168,Hyderabad,1445,1,3,15,Semi
IN00169,Mumbai,1907,4,3,15,Semi
IN00170,Delhi,1431,2,1,15.47,Furnished
IN00171,Mumbai,1553,2,2,24.98,Unfurnished
IN00172,Chennai,1072,1,3,15,Semi
IN00173,Mumbai,738,3,2,15,Furnished
IN00174,Chennai,327,3,3,15,Unfurnished
IN00175,Mumbai,387,3,2,15,Unfurnished
IN00176,Delhi,1557,3,1,15,Furnished
IN00177,Delhi,1382,2,2,15,Furnished
IN00178,Bangalore,1492,4,1,15,Unfurnished
IN00179,Mumbai,970,3,2,15,Unfurnished
IN00180,Chennai,873,4,2,15.22,Furnished
IN00181,Kolkata,1277,2,2,19.05,Semi
IN00182,Chennai,2030,1,1,33.47,Semi
IN00183,Kolkata,304,1,1,15,Unfurnished
IN00184,Mumbai,908,2,2,15,Unfurnished
IN00185,Kolkata,1836,2,2,17.42,Furnished
IN00186,Bangalore,1985,2,1,21.82,Semi
IN00187,Delhi,844,3,2,15,Semi
IN00188,Hyderabad,1713,2,2,15,Semi
IN00189,Kolkata,1610,2,3,26.72,Furnished
IN00190,Mumbai,1436,3,2,16.96,Furnished
IN00191,Chennai,841,1,2,15,Semi
IN00192,Hyderabad,1439,3,3,19.48,Furnished
IN00193,Chennai,300,2,2,15,Unfurnished
IN00194,Chennai,1893,4,3,27.43,Unfurnished
IN00195,Bangalore,1445,2,3,21.54,Unfurnished
IN00196,Delhi,1511,4,1,16.8,Furnished
IN00197,Mumbai,542,3,3,15,Furnished
IN00198,Kolkata,854,2,1,15,Semi
IN00199,Mumbai,1175,4,2,15,Furnished
IN00200,Delhi,1388,2,2,26.9,Furnished
IN00201,Delhi,1825,3,2,32.86,Furnished
IN00202,Mumbai,1574,3,1,15,Furnished
IN00203,Hyderabad,1392,2,3,34.5,Furnished
IN00204,Hyderabad,850,1,3,15,Semi
IN00205,Chennai,673,4,2,15,Semi
IN00206,Bangalore,1624,2,2,22.52,Unfurnished
IN00207,Hyderabad,1333,3,2,18.54,Furnished
IN00208,Mumbai,767,3,2,15,Semi
IN00209,Bangalore,1326,4,3,15.21,Semi
IN00210,Bangalore,1435,1,2,21.15,Furnished
IN00211,Kolkata,907,1,1,15.04,Furnished
IN00212,Chennai,1965,3,1,19.73,Semi
IN00213,Chennai,970,2,1,16.93,Furnished
IN00214,Delhi,988,3,1,15,Furnished
IN00215,Kolkata,767,3,2,15,Semi
IN00216,Hyderabad,355,1,1,15,Semi
IN00217,Kolkata,1488,3,1,15,Unfurnished
IN00218,Mumbai,776,4,2,15,Semi
IN00219,Delhi,982,2,2,15,Semi
IN00220,Mumbai,907,1,1,15,Semi
IN00221,Kolkata,1084,4,2,15,Furnished
IN00222,Hyderabad,1311,3,1,17.79,Furnished
IN00223,Kolkata,1064,2,1,15,Furnished
IN00224,Hyderabad,1138,2,1,15,Furnished
IN00225,Bangalore,1814,1,3,25.06,Unfurnished
IN00226,Chennai,1518,1,2,24.4,Furnished
IN00227,Hyderabad,630,2,2,15,Unfurnished
IN00228,Bangalore,426,2,1,15,Semi
IN00229,Chennai,902,2,3,15,Semi
IN00230,Bangalore,1143,4,2,16.49,Unfurnished
IN00231,Bangalore,927,1,2,15,Semi
IN00232,Bangalore,1208,3,2,19.18,Unfurnished
IN00233,Hyderabad,658,3,1,15,Furnished
IN00234,Mumbai,1079,3,1,15.91,Semi
IN00235,Bangalore,865,3,2,15,Unfurnished
IN00236,Hyderabad,1005,3,1,15,Semi
IN00237,Hyderabad,1122,3,1,15,Furnished
IN00238,Bangalore,1726,3,2,21.22,Unfurnished
IN00239,Kolkata,1033,2,1,15,Furnished
IN00240,Delhi,1335,1,1,21.19,Semi
IN00241,Mumbai,1767,3,1,24.11,Semi
IN00242,Kolkata,2377,4,2,29.05,Unfurnished
IN00243,Bangalore,1271,3,1,16.64,Unfurnished
IN00244,Bangalore,1759,3,2,21.27,Semi
IN00245,Bangalore,1448,1,2,22.8,Unfurnished
IN00246,Mumbai,1499,4,3,19.92,Furnished
IN00247,Hyderabad,1500,2,1,23.37,Furnished
IN00248,Hyderabad,806,2,3,15,Unfurnished
IN00249,Hyderabad,1351,3,1,15,Unfurnished
IN00250,Kolkata,1090,3,1,15,Unfurnished
IN00251,Hyderabad,996,1,2,15,Furnished
IN00252,Bangalore,1196,2,2,15,Semi
IN00253,Mumbai,865,3,1,15,Semi
IN00254,Hyderabad,1274,2,2,15.16,Unfurnished
IN00255,Kolkata,1217,2,3,15,Semi
IN00256,Delhi,840,2,1,15,Furnished
IN00257,Hyderabad,1615,1,1,15,Furnished
IN00258,Hyderabad,1356,3,3,15,Furnished
IN00259,Bangalore,875,3,1,15,Furnished
IN00260,Bangalore,1397,3,2,15,Unfurnished
IN00261,Bangalore,858,2,2,15,Unfurnished
IN00262,Chennai,1068,2,1,15.08,Unfurnished
IN00263,Delhi,1999,2,3,31.7,Semi
IN00264,Chennai,319,4,2,15,Unfurnished
IN00265,Hyderabad,1722,4,3,15,Furnished
IN00266,Mumbai,1133,2,3,15,Unfurnished
IN00267,Delhi,1471,1,3,17.52,Furnished
IN00268,Mumbai,505,4,3,15,Furnished
IN00269,Mumbai,1097,2,2,15,Furnished
IN00270,Hyderabad,300,4,2,15,Unfurnished
IN00271,Delhi,771,2,1,15,Semi
IN00272,Hyderabad,791,3,2,15,Semi
IN00273,Kolkata,684,1,2,15,Semi
IN00274,Delhi,1259,1,2,15,Unfurnished
IN00275,Bangalore,1250,3,2,15,Semi
IN00276,Mumbai,1350,3,2,15.72,Unfurnished
IN00277,Mumbai,354,3,3,15,Semi
IN00278,Bangalore,344,3,3,15,Semi
IN00279,Chennai,1081,2,1,15.99,Semi
IN00280,Bangalore,1430,3,1,15,Unfurnished
IN00281,Bangalore,688,2,2,15,Unfurnished
IN00282,Mumbai,971,3,1,15,Unfurnished
IN00283,Chennai,1221,3,1,15,Unfurnished
IN00284,Hyderabad,1186,2,2,15,Semi
IN00285,Bangalore,1194,2,3,15,Unfurnished
IN00286,Bangalore,1182,4,3,15,Semi
IN00287,Mumbai,800,1,3,15,Furnished
IN00288,Delhi,300,3,3,15,Semi
IN00289,Delhi,615,1,2,15,Unfurnished
IN00290,Chennai,1185,1,2,20.57,Unfurnished
IN00291,Bangalore,833,2,3,15,Furnished
IN00292,Chennai,652,2,1,15,Semi
IN00293,Hyderabad,1238,1,3,15,Semi
IN00294,Delhi,1161,3,3,15.09,Furnished
IN00295,Chennai,302,4,3,15,Furnished
IN00296,Mumbai,1888,3,3,26.09,Semi
IN00297,Kolkata,1022,3,2,15,Semi
IN00298,Kolkata,1286,3,1,15,Unfurnished
IN00299,Mumbai,1078,4,3,15,Semi
IN00300,Hyderabad,1128,4,2,18.76,Unfurnished
IN00301,Chennai,1567,1,3,18.66,Semi
IN00302,Chennai,300,4,2,15,Furnished
IN00303,Chennai,691,4,1,15,Unfurnished
IN00304,Bangalore,1580,1,2,15,Furnished
IN00305,Bangalore,300,2,1,15,Furnished
IN00306,Chennai,885,2,1,15,Unfurnished
IN00307,Hyderabad,1590,2,2,25.25,Furnished
IN00308,Delhi,1423,3,3,18.15,Semi
IN00309,Bangalore,2409,1,3,36.34,Semi
IN00310,Delhi,1367,4,1,15,Furnished
IN00311,Chennai,1932,4,2,27.93,Unfurnished
IN00312,Bangalore,450,1,1,15,Semi
IN00313,Mumbai,1001,3,3,15,Unfurnished
IN00314,Kolkata,1519,4,3,23.16,Semi
IN00315,Delhi,580,2,2,15,Furnished
IN00316,Mumbai,1541,3,1,20.75,Unfurnished
IN00317,Kolkata,1097,3,1,15,Furnished
IN00318,Kolkata,1167,3,3,15,Unfurnished
IN00319,Mumbai,1512,2,3,15,Unfurnished
IN00320,Mumbai,1060,2,3,15,Semi
IN00321,Hyderabad,300,2,2,15,Semi
IN00322,Delhi,494,1,2,15,Furnished
IN00323,Kolkata,336,2,2,15,Unfurnished
IN00324,Kolkata,1740,2,2,23.79,Semi
IN00325,Mumbai,1321,4,2,15,Semi
IN00326,Bangalore,806,3,2,15,Unfurnished
IN00327,Hyderabad,679,2,2,15,Unfurnished
IN00328,Delhi,1639,3,2,15,Furnished
IN00329,Mumbai,1883,3,3,30.83,Semi
IN00330,Bangalore,1248,4,1,21.45,Unfurnished
IN00331,Bangalore,1171,3,2,15,Unfurnished
IN00332,Bangalore,1639,2,3,19.77,Furnished
IN00333,Mumbai,1227,1,2,16.41,Semi
IN00334,Kolkata,1347,2,1,22.75,Unfurnished
IN00335,Delhi,1706,2,3,18.06,Semi
IN00336,Chennai,1097,3,1,18.44,Furnished
IN00337,Hyderabad,1196,4,3,15,Unfurnished
IN00338,Bangalore,2177,4,2,15,Semi
IN00339,Delhi,1857,1,1,18.52,Unfurnished
IN00340,Bangalore,1253,1,1,15,Unfurnished
IN00341,Chennai,1127,2,2,15,Semi
IN00342,Delhi,300,2,2,15,Semi
IN00343,Bangalore,395,4,1,15,Furnished
IN00344,Delhi,1481,4,3,22.61,Unfurnished
IN00345,Delhi,1350,2,1,17.17,Furnished
IN00346,Bangalore,1450,3,2,20.65,Furnished
IN00347,Mumbai,619,2,3,15,Furnished
IN00348,Bangalore,1154,4,2,15,Unfurnished
IN00349,Hyderabad,300,3,2,15,Unfurnished
IN00350,Kolkata,1187,4,2,26.18,Semi
IN00351,Hyderabad,1031,4,2,17.41,Semi
IN00352,Chennai,1127,3,3,16.66,Furnished
IN00353,Mumbai,1858,2,1,16.44,Furnished
IN00354,Delhi,1255,2,2,15,Unfurnished
IN00355,Chennai,1047,3,2,15.31,Unfurnished
IN00356,Bangalore,1263,4,3,17.68,Furnished
IN00357,Chennai,440,3,1,15,Furnished
IN00358,Kolkata,1895,3,3,23.13,Unfurnished
IN00359,Hyderabad,826,3,1,15,Furnished
IN00360,Mumbai,554,3,2,15,Unfurnished
IN00361,Mumbai,751,4,2,15,Furnished
IN00362,Chennai,949,3,2,15,Semi
IN00363,Chennai,358,2,2,15,Furnished
IN00364,Mumbai,1103,1,2,15,Semi
IN00365,Delhi,631,1,3,15,Furnished
IN00366,Hyderabad,819,3,2,15,Unfurnished
IN00367,Chennai,1205,3,3,15,Furnished
IN00368,Mumbai,822,4,2,15,Semi
IN00369,Delhi,907,3,2,15,Furnished
IN00370,Bangalore,1471,2,1,15,Unfurnished
IN00371,Hyderabad,855,2,1,15,Unfurnished
IN00372,Mumbai,1205,1,2,15,Unfurnished
IN00373,Mumbai,1117,3,2,20.09,Unfurnished
IN00374,Bangalore,1320,4,3,24.43,Furnished
IN00375,Delhi,300,2,2,15,Furnished
IN00376,Kolkata,1294,3,1,15,Furnished
IN00377,Kolkata,359,3,3,15,Semi
IN00378,Chennai,732,2,3,15,Furnished
IN00379,Bangalore,580,2,2,15,Furnished
IN00380,Kolkata,1808,1,2,25.7,Furnished
IN00381,Chennai,1072,2,2,15,Semi
IN00382,Delhi,1504,4,1,24.61,Furnished
IN00383,Chennai,1642,3,2,19.02,Furnished
IN00384,Delhi,1481,1,1,22.41,Unfurnished
IN00385,Chennai,1345,3,3,15,Unfurnished
IN00386,Delhi,1785,1,1,17.78,Unfurnished
IN00387,Bangalore,300,4,2,15,Furnished
IN00388,Hyderabad,833,3,3,15,Semi
IN00389,Hyderabad,1282,3,3,15,Unfurnished
IN00390,Mumbai,717,4,2,15,Semi
IN00391,Delhi,654,3,2,15,Furnished
IN00392,Kolkata,954,2,2,15,Semi
IN00393,Kolkata,679,2,2,15,Furnished
IN00394,Mumbai,1466,4,2,24.37,Furnished
IN00395,Mumbai,733,2,3,15,Semi
IN00396,Hyderabad,1929,3,1,30.79,Unfurnished
IN00397,Bangalore,566,3,2,15,Unfurnished
IN00398,Delhi,570,3,2,15,Furnished
IN00399,Mumbai,1215,3,3,19.81,Semi
IN00400,Bangalore,1573,4,1,15,Unfurnished
IN00401,Delhi,1536,2,2,15,Furnished
IN00402,Bangalore,900,1,2,15,Unfurnished
IN00403,Mumbai,1715,4,3,24.58,Unfurnished
IN00404,Chennai,1051,2,1,15,Semi
IN00405,Delhi,1109,1,1,22.43,Semi
IN00406,Delhi,437,3,2,15,Unfurnished
IN00407,Hyderabad,1006,1,3,15,Unfurnished
IN00408,Bangalore,861,3,2,15,Unfurnished
IN00409,Kolkata,697,2,2,15,Semi
IN00410,Kolkata,971,1,2,15,Furnished
IN00411,Kolkata,1054,3,2,19.29,Furnished
IN00412,Hyderabad,1262,2,1,15,Unfurnished
IN00413,Chennai,1233,2,1,15.12,Furnished
IN00414,Delhi,2121,1,2,32.32,Unfurnished
IN00415,Hyderabad,2144,2,3,29.54,Unfurnished
IN00416,Kolkata,1407,3,1,15,Semi
IN00417,Hyderabad,920,2,1,15,Unfurnished
IN00418,Bangalore,409,2,2,15,Unfurnished
IN00419,Chennai,1200,3,3,17.15,Semi
IN00420,Chennai,460,3,3,15,Unfurnished
IN00421,Kolkata,958,3,3,15,Unfurnished
IN00422,Kolkata,300,2,2,15,Semi
IN00423,Delhi,1545,4,2,21.68,Furnished
IN00424,Mumbai,1767,1,3,22.21,Unfurnished
IN00425,Chennai,1159,2,3,15,Semi
IN00426,Hyderabad,969,4,3,15,Furnished
IN00427,Bangalore,317,2,1,15,Furnished
IN00428,Mumbai,1016,3,1,15,Semi
IN00429,Hyderabad,309,1,1,15,Semi
IN00430,Delhi,959,2,2,15,Furnished
IN00431,Kolkata,784,2,2,15,Unfurnished
IN00432,Mumbai,1592,2,2,15,Unfurnished
IN00433,Kolkata,951,3,2,15,Furnished
IN00434,Delhi,300,3,1,15,Unfurnished
IN00435,Delhi,945,3,1,15,Unfurnished
IN00436,Bangalore,697,3,2,15,Furnished
IN00437,Chennai,1259,2,3,18.85,Unfurnished
IN00438,Delhi,941,2,1,15,Furnished
IN00439,Kolkata,1303,1,2,21.66,Unfurnished
IN00440,Delhi,1536,3,2,15,Semi
IN00441,Chennai,1152,4,2,16.04,Furnished
IN00442,Delhi,1114,3,2,15,Semi
IN00443,Delhi,1824,2,3,20.61,Semi
IN00444,Delhi,1259,1,3,15,Unfurnished
IN00445,Hyderabad,1532,3,2,15,Unfurnished
IN00446,Hyderabad,1655,2,3,15,Unfurnished
IN00447,Delhi,1031,2,1,18.99,Furnished
IN00448,Hyderabad,1101,3,2,15,Semi
IN00449,Chennai,1359,2,1,15,Furnished
IN00450,Bangalore,1599,2,2,24.54,Semi
IN00451,Bangalore,499,2,2,15,Furnished
IN00452,Mumbai,1042,2,1,15.76,Unfurnished
IN00453,Chennai,1961,3,2,15,Furnished
IN00454,Kolkata,1257,3,3,15,Furnished
IN00455,Mumbai,1666,4,2,27.38,Unfurnished
IN00456,Chennai,1586,2,2,15,Semi
IN00457,Kolkata,1323,3,1,15,Furnished
IN00458,Bangalore,1606,3,1,20.59,Unfurnished
IN00459,Hyderabad,1429,2,2,20.2,Unfurnished
IN00460,Bangalore,497,1,2,15,Unfurnished
IN00461,Kolkata,642,1,2,15,Semi
IN00462,Delhi,1495,4,3,18.26,Unfurnished
IN00463,Chennai,868,1,1,15,Unfurnished
IN00464,Kolkata,1105,2,1,15,Semi
IN00465,Chennai,851,3,2,15,Semi
IN00466,Mumbai,1661,2,1,15,Semi
IN00467,Hyderabad,1581,4,1,15,Unfurnished
IN00468,Bangalore,1780,2,1,15,Unfurnished
IN00469,Kolkata,750,2,2,15,Unfurnished
IN00470,Hyderabad,1086,2,1,15,Unfurnished
IN00471,Chennai,938,3,1,15,Unfurnished
IN00472,Bangalore,398,2,2,15,Semi
IN00473,Mumbai,585,2,2,15,Furnished
IN00474,Kolkata,1297,3,2,15,Semi
IN00475,Delhi,1064,2,1,15,Unfurnished
IN00476,Delhi,1495,2,2,23.54,Unfurnished
IN00477,Bangalore,1043,1,2,15,Semi
IN00478,Bangalore,1376,2,3,15,Furnished
IN00479,Bangalore,1067,2,1,15,Furnished
IN00480,Hyderabad,1512,4,2,15,Unfurnished
IN00481,Chennai,1668,4,3,15,Unfurnished
IN00482,Delhi,971,2,2,15,Furnished
IN00483,Chennai,895,2,2,15,Semi
IN00484,Hyderabad,418,2,2,15,Furnished
IN00485,Chennai,770,3,2,15,Semi
IN00486,Kolkata,600,2,1,15,Furnished
IN00487,Delhi,762,3,2,15,Unfurnished
IN00488,Mumbai,1967,2,2,30.01,Furnished
IN00489,Chennai,1985,3,1,21.89,Furnished
IN00490,Hyderabad,1010,3,3,15,Furnished
IN00491,Kolkata,1491,2,1,21.3,Furnished
IN00492,Delhi,714,2,3,15,Furnished
IN00493,Kolkata,1023,4,3,15,Furnished
IN00494,Kolkata,957,4,2,21.27,Unfurnished
IN00495,Delhi,1860,4,3,20.28,Unfurnished
IN00496,Delhi,1144,2,2,15,Unfurnished
IN00497,Hyderabad,1616,3,1,15,Semi
IN00498,Delhi,957,1,3,15.33,Unfurnished
IN00499,Hyderabad,1395,1,3,16.31,Semi
IN00500,Delhi,529,2,3,15,Semi
IN00501,Chennai,1332,3,2,24.43,Furnished
IN00502,Mumbai,1160,2,3,15,Furnished
IN00503,Chennai,1832,3,2,27.26,Semi
IN00504,Delhi,1314,4,2,15,Unfurnished
IN00505,Hyderabad,879,2,3,15,Furnished
IN00506,Kolkata,1214,2,2,16.19,Furnished
IN00507,Mumbai,1078,4,3,15,Unfurnished
IN00508,Delhi,531,4,3,15,Unfurnished
IN00509,Chennai,1018,2,3,15,Furnished
IN00510,Bangalore,2130,4,1,37.79,Furnished
IN00511,Bangalore,1680,2,2,19.08,Semi
IN00512,Mumbai,857,4,2,15,Unfurnished
IN00513,Chennai,1557,1,2,15,Unfurnished
IN00514,Mumbai,1387,2,2,15,Unfurnished
IN00515,Kolkata,1076,3,2,15.21,Furnished
IN00516,Kolkata,1736,3,1,24.99,Semi
IN00517,Hyderabad,1395,3,2,15.47,Semi
IN00518,Hyderabad,1282,3,2,21.09,Furnished
IN00519,Kolkata,300,1,2,15,Furnished
IN00520,Chennai,1237,4,2,15,Furnished
IN00521,Hyderabad,1757,3,3,20.26,Furnished
IN00522,Hyderabad,1139,2,1,15,Semi
IN00523,Kolkata,1197,2,1,15.76,Semi
IN00524,Hyderabad,1598,3,2,25.14,Unfurnished
IN00525,Mumbai,1927,4,2,15.44,Semi
IN00526,Hyderabad,804,1,2,15,Unfurnished
IN00527,Hyderabad,1203,4,2,15,Unfurnished
IN00528,Kolkata,715,3,1,15,Unfurnished
IN00529,Hyderabad,1395,2,2,22.48,Unfurnished
IN00530,Mumbai,700,1,1,15,Unfurnished
IN00531,Delhi,1716,4,2,15,Semi
IN00532,Delhi,1625,2,2,30.52,Semi
IN00533,Bangalore,1732,2,1,15,Unfurnished
IN00534,Kolkata,1447,3,1,15,Semi
IN00535,Hyderabad,1662,3,3,25.19,Semi
IN00536,Chennai,887,3,2,15.89,Semi
IN00537,Kolkata,1272,4,3,15,Unfurnished
IN00538,Kolkata,300,2,2,15,Semi
IN00539,Mumbai,1484,2,2,20.97,Unfurnished
IN00540,Hyderabad,1590,2,2,17.8,Unfurnished
IN00541,Bangalore,898,2,2,15,Unfurnished
IN00542,Mumbai,788,3,2,15,Unfurnished
IN00543,Mumbai,911,1,2,15.52,Semi
IN00544,Mumbai,1135,1,2,15,Unfurnished
IN00545,Kolkata,387,1,2,15,Furnished
IN00546,Delhi,1378,2,2,22.61,Furnished
IN00547,Delhi,1086,3,2,15,Semi
IN00548,Delhi,1284,3,1,15,Furnished
IN00549,Bangalore,871,1,3,15,Unfurnished
IN00550,Hyderabad,965,4,3,15,Semi
IN00551,Bangalore,1204,4,1,15,Semi
IN00552,Delhi,1259,3,2,15,Semi
IN00553,Bangalore,1678,2,2,17.07,Furnished
IN00554,Hyderabad,1347,2,2,17.41,Unfurnished
IN00555,Chennai,1365,4,1,17.32,Furnished
IN00556,Hyderabad,330,3,3,15,Furnished
IN00557,Bangalore,1337,3,3,23.68,Furnished
IN00558,Bangalore,1429,2,2,15,Furnished
IN00559,Delhi,574,3,3,15,Furnished
IN00560,Delhi,1081,2,3,18.67,Semi
IN00561,Hyderabad,879,3,2,15,Furnished
IN00562,Hyderabad,1206,3,1,15,Unfurnished
IN00563,Kolkata,1062,3,3,15.38,Furnished
IN00564,Chennai,597,2,3,15,Furnished
IN00565,Delhi,1620,2,2,18.78,Furnished
IN00566,Bangalore,1058,2,3,15,Unfurnished
IN00567,Kolkata,300,3,3,15,Unfurnished
IN00568,Delhi,1177,3,3,15,Unfurnished
IN00569,Hyderabad,1177,2,2,15,Furnished
IN00570,Chennai,1117,3,1,17.99,Semi
IN00571,Mumbai,1890,3,3,26.15,Unfurnished
IN00572,Kolkata,1206,3,2,15.78,Furnished
IN00573,Kolkata,1577,3,2,15,Furnished
IN00574,Mumbai,1433,4,3,15.44,Unfurnished
IN00575,Mumbai,1272,1,1,15,Semi
IN00576,Bangalore,1552,1,2,18.63,Unfurnished
IN00577,Chennai,1512,2,3,15.95,Semi
IN00578,Chennai,1432,3,3,20.15,Furnished
IN00579,Chennai,844,4,2,15,Furnished
IN00580,Bangalore,300,2,2,15,Semi
IN00581,Bangalore,1014,2,3,15,Semi
IN00582,Hyderabad,1289,3,3,15,Furnished
IN00583,Hyderabad,947,4,2,15,Semi
IN00584,Bangalore,300,2,3,15,Unfurnished
IN00585,Delhi,451,2,1,15,Semi
IN00586,Hyderabad,934,2,2,19.67,Unfurnished
IN00587,Hyderabad,1251,3,3,15,Unfurnished
IN00588,Kolkata,1237,4,2,15,Furnished
IN00589,Mumbai,1510,3,3,15,Semi
IN00590,Kolkata,1537,1,2,16.99,Semi
IN00591,Delhi,1279,4,2,18.68,Unfurnished
IN00592,Hyderabad,1810,2,2,23.87,Unfurnished
IN00593,Delhi,1559,3,3,26.56,Furnished
IN00594,Mumbai,1278,4,3,17.84,Semi
IN00595,Kolkata,1062,3,2,15,Furnished
IN00596,Mumbai,1682,4,2,15,Unfurnished
IN00597,Delhi,940,2,2,15,Semi
IN00598,Delhi,1542,1,2,25.19,Semi
IN00599,Mumbai,974,3,2,15,Semi
IN00600,Kolkata,901,3,2,15,Unfurnished
IN00601,Hyderabad,698,2,3,15,Semi
IN00602,Chennai,1475,3,2,15,Semi
IN00603,Bangalore,1969,3,2,18.03,Semi
IN00604,Mumbai,635,2,1,15,Furnished
IN00605,Kolkata,1322,1,2,24.47,Semi
IN00606,Delhi,909,3,2,15,Unfurnished
IN00607,Chennai,873,2,3,15,Semi
IN00608,Kolkata,647,2,2,15,Furnished
IN00609,Mumbai,557,1,2,15,Furnished
IN00610,Chennai,1633,2,1,23.62,Unfurnished
IN00611,Kolkata,1964,2,1,23.84,Furnished
IN00612,Kolkata,1128,3,2,15,Furnished
IN00613,Bangalore,1404,4,2,15,Furnished
IN00614,Delhi,1590,2,2,22.01,Semi
IN00615,Chennai,1090,2,1,15,Furnished
IN00616,Chennai,611,3,2,15,Semi
IN00617,Delhi,1076,1,2,15,Semi
IN00618,Bangalore,671,2,2,15,Semi
IN00619,Chennai,1541,4,3,19.0,Furnished
IN00620,Kolkata,772,4,2,15,Furnished
IN00621,Delhi,940,2,1,15,Semi
IN00622,Hyderabad,1576,4,1,18.09,Furnished
IN00623,Bangalore,1306,2,3,16.13,Furnished
IN00624,Chennai,951,1,2,15,Unfurnished
IN00625,Hyderabad,300,1,2,15,Semi
IN00626,Delhi,1818,4,3,15,Semi
IN00627,Chennai,1441,2,2,15,Semi
IN00628,Bangalore,793,3,2,15,Furnished
IN00629,Delhi,1106,3,3,23.7,Unfurnished
IN00630,Kolkata,456,4,1,15,Furnished
IN00631,Mumbai,693,4,2,15,Furnished
IN00632,Chennai,462,4,3,15,Unfurnished
IN00633,Chennai,1413,2,2,16.83,Unfurnished
IN00634,Hyderabad,841,3,3,15,Furnished
IN00635,Chennai,1718,4,1,24.49,Semi
IN00636,Chennai,1830,3,3,26.37,Unfurnished
IN00637,Bangalore,1488,3,2,19.5,Furnished
IN00638,Kolkata,1398,4,1,20.75,Unfurnished
IN00639,Bangalore,1124,2,3,20.99,Furnished
IN00640,Chennai,1556,3,2,23.75,Unfurnished
IN00641,Mumbai,1391,3,3,15,Unfurnished
IN00642,Delhi,1381,1,1,19.77,Furnished
IN00643,Delhi,1011,1,3,15,Semi
IN00644,Chennai,494,4,1,15,Unfurnished
IN00645,Hyderabad,1077,4,2,15.68,Furnished
IN00646,Bangalore,1141,1,2,15,Semi
IN00647,Chennai,1253,2,2,16.86,Semi
IN00648,Mumbai,1927,2,1,29.74,Furnished
IN00649,Hyderabad,979,3,2,15,Semi
IN00650,Hyderabad,1637,1,1,20.22,Semi
IN00651,Kolkata,1645,2,1,22.85,Semi
IN00652,Mumbai,2058,3,1,23.03,Furnished
IN00653,Bangalore,799,2,2,15.01,Furnished
IN00654,Kolkata,1997,3,2,31.29,Unfurnished
IN00655,Bangalore,1282,2,2,18.34,Semi
IN00656,Mumbai,1379,4,2,15,Unfurnished
IN00657,Mumbai,807,4,2,15,Semi
IN00658,Hyderabad,988,1,2,15,Furnished
IN00659,Delhi,1113,1,1,16.35,Semi
IN00660,Chennai,895,2,2,15,Unfurnished
IN00661,Mumbai,528,3,1,15,Semi
IN00662,Mumbai,1708,1,3,20.03,Unfurnished
IN00663,Delhi,1898,3,2,19.0,Semi
IN00664,Kolkata,2100,3,2,15,Unfurnished
IN00665,Hyderabad,640,2,1,15,Unfurnished
IN00666,Kolkata,1118,4,2,15,Unfurnished
IN00667,Delhi,1417,2,3,16.57,Unfurnished
IN00668,Bangalore,419,1,3,15,Furnished
IN00669,Chennai,1711,2,3,15,Unfurnished
IN00670,Chennai,1118,1,2,15,Unfurnished
IN00671,Bangalore,300,4,2,15,Unfurnished
IN00672,Hyderabad,2130,4,2,15,Furnished
IN00673,Kolkata,1717,4,2,17.08,Furnished
IN00674,Delhi,661,3,3,15,Semi
IN00675,Delhi,1005,2,2,15,Unfurnished
IN00676,Hyderabad,1050,2,2,15,Unfurnished
IN00677,Delhi,730,2,2,15,Furnished
IN00678,Kolkata,983,4,1,15,Furnished
IN00679,Chennai,620,4,2,15,Furnished
IN00680,Delhi,870,2,3,15,Furnished
IN00681,Kolkata,638,3,2,15,Semi
IN00682,Bangalore,1922,2,3,22.17,Furnished
IN00683,Bangalore,1846,3,3,17.01,Unfurnished
IN00684,Mumbai,1375,3,1,20.2,Furnished
IN00685,Bangalore,1553,2,2,15,Unfurnished
IN00686,Chennai,1238,4,2,15,Unfurnished
IN00687,Mumbai,1181,4,2,15.77,Unfurnished
IN00688,Delhi,1380,3,2,18.49,Unfurnished
IN00689,Bangalore,1314,1,1,15,Semi
IN00690,Hyderabad,1286,2,2,23.42,Semi
IN00691,Chennai,2248,1,3,17.29,Unfurnished
IN00692,Delhi,820,1,3,15,Semi
IN00693,Mumbai,1533,3,2,17.79,Unfurnished
IN00694,Bangalore,829,3,2,15,Unfurnished
IN00695,Hyderabad,739,4,3,15,Furnished
IN00696,Bangalore,1428,2,3,19.86,Semi
IN00697,Kolkata,1113,3,3,15,Semi
IN00698,Chennai,1407,1,1,18.88,Unfurnished
IN00699,Chennai,1324,3,3,17.0,Furnished
IN00700,Chennai,1034,4,2,15,Unfurnished
IN00701,Hyderabad,1192,1,1,15,Semi
IN00702,Mumbai,1657,3,2,26.16,Furnished
IN00703,Chennai,985,2,2,15,Semi
IN00704,Hyderabad,580,4,2,15,Unfurnished
IN00705,Hyderabad,2121,1,1,33.0,Semi
IN00706,Chennai,1604,2,2,16.2,Semi
IN00707,Delhi,1407,2,2,15,Unfurnished
IN00708,Bangalore,1260,3,2,15,Semi
IN00709,Kolkata,363,3,1,15,Unfurnished
IN00710,Chennai,949,2,2,15,Unfurnished
IN00711,Mumbai,1073,2,2,15,Semi
IN00712,Mumbai,1105,3,2,15,Semi
IN00713,Chennai,942,1,3,15,Furnished
IN00714,Kolkata,927,2,2,15,Unfurnished
IN00715,Mumbai,861,2,3,15,Semi
IN00716,Chennai,690,1,2,15,Semi
IN00717,Bangalore,1517,1,1,21.94,Furnished
IN00718,Hyderabad,1656,1,3,31.27,Unfurnished
IN00719,Bangalore,687,3,2,15,Furnished
IN00720,Bangalore,506,2,2,15,Unfurnished
IN00721,Chennai,956,2,2,15,Furnished
IN00722,Hyderabad,1165,4,1,22.31,Unfurnished
IN00723,Chennai,1541,3,1,16.68,Semi
IN00724,Mumbai,300,2,3,15,Semi
IN00725,Hyderabad,1147,4,3,15.98,Furnished
IN00726,Mumbai,639,2,1,15,Unfurnished
IN00727,Bangalore,1302,4,2,15,Semi
IN00728,Delhi,1889,4,1,36.98,Furnished
IN00729,Hyderabad,673,1,2,15,Unfurnished
IN00730,Kolkata,1530,3,3,16.03,Unfurnished
IN00731,Delhi,1637,2,3,15,Unfurnished
IN00732,Chennai,1991,2,2,32.25,Semi
IN00733,Mumbai,1478,4,2,17.72,Semi
IN00734,Delhi,1338,3,3,16.59,Unfurnished
IN00735,Kolkata,487,3,3,15,Semi
IN00736,Bangalore,1226,3,2,18.15,Unfurnished
IN00737,Delhi,1329,3,2,16.48,Semi
IN00738,Mumbai,1150,1,2,15,Semi
IN00739,Kolkata,1554,3,2,18.72,Semi
IN00740,Hyderabad,440,2,2,15,Unfurnished
IN00741,Mumbai,1954,3,3,18.39,Furnished
IN00742,Kolkata,573,3,2,15,Furnished
IN00743,Kolkata,465,4,3,15,Semi
IN00744,Bangalore,1424,3,2,15,Furnished
IN00745,Chennai,1822,3,3,18.99,Semi
IN00746,Kolkata,1084,4,2,15.7,Unfurnished
IN00747,Hyderabad,755,1,1,15,Furnished
IN00748,Bangalore,638,4,3,15,Furnished
IN00749,Chennai,629,4,3,15,Semi
IN00750,Kolkata,749,1,2,15,Unfurnished
IN00751,Hyderabad,1427,1,1,15.18,Unfurnished
IN00752,Delhi,985,3,2,15,Unfurnished
IN00753,Mumbai,1145,1,2,15,Furnished
IN00754,Delhi,1788,3,2,31.73,Furnished
IN00755,Bangalore,1520,3,2,15.03,Semi
IN00756,Chennai,1542,4,3,20.36,Furnished
IN00757,Bangalore,651,3,2,15,Furnished
IN00758,Bangalore,813,2,2,15,Unfurnished
IN00759,Bangalore,300,3,3,15,Semi
IN00760,Mumbai,1600,2,2,19.78,Semi
IN00761,Chennai,742,2,2,15,Unfurnished
IN00762,Chennai,1543,2,1,17.37,Furnished
IN00763,Chennai,300,3,3,15,Unfurnished
IN00764,Delhi,564,4,3,15,Furnished
IN00765,Hyderabad,1279,2,2,20.19,Semi
IN00766,Chennai,1428,2,2,20.0,Furnished
IN00767,Kolkata,1535,4,2,19.47,Semi
IN00768,Bangalore,719,2,2,15,Semi
IN00769,Hyderabad,1904,3,3,22.05,Furnished
IN00770,Chennai,1358,3,3,15.79,Unfurnished
IN00771,Delhi,1688,3,3,24.22,Semi
IN00772,Hyderabad,1048,2,3,15,Semi
IN00773,Mumbai,1914,4,1,18.27,Unfurnished
IN00774,Hyderabad,1059,4,2,15,Furnished
IN00775,Delhi,1130,1,2,15,Semi
IN00776,Bangalore,629,3,3,15,Semi
IN00777,Delhi,777,3,3,15,Unfurnished
IN00778,Delhi,1250,3,3,15,Furnished
IN00779,Hyderabad,300,3,2,15,Furnished
IN00780,Chennai,1763,2,2,17.17,Semi
IN00781,Hyderabad,1567,2,2,15,Semi
IN00782,Chennai,1219,3,2,15,Unfurnished
IN00783,Mumbai,2071,1,2,31.82,Unfurnished
IN00784,Delhi,1730,2,1,15,Furnished
IN00785,Mumbai,741,2,2,15,Furnished
IN00786,Chennai,300,3,1,15,Semi
IN00787,Hyderabad,880,3,3,15,Unfurnished
IN00788,Bangalore,1141,3,2,21.5,Semi
IN00789,Delhi,1533,1,1,28.44,Semi
IN00790,Hyderabad,1663,1,1,19.29,Furnished
IN00791,Chennai,810,3,2,15,Furnished
IN00792,Kolkata,1266,4,3,21.43,Unfurnished
IN00793,Hyderabad,1117,2,2,19.37,Furnished
IN00794,Delhi,646,2,2,15,Semi
IN00795,Chennai,1602,2,1,15,Semi
IN00796,Mumbai,1051,1,3,18.74,Semi
IN00797,Delhi,917,2,2,19.85,Unfurnished
IN00798,Chennai,1591,2,1,15.29,Furnished
IN00799,Bangalore,452,3,2,15,Semi
IN00800,Bangalore,678,3,3,15,Semi
IN00801,Chennai,1031,2,2,15,Unfurnished
IN00802,Bangalore,1175,3,2,19.95,Semi
IN00803,Mumbai,802,3,1,15,Furnished
IN00804,Kolkata,997,3,2,15,Semi
IN00805,Delhi,1474,3,3,15,Semi
IN00806,Hyderabad,942,1,1,15,Semi
IN00807,Kolkata,988,1,2,15.51,Semi
IN00808,Chennai,1059,2,1,15,Furnished
IN00809,Chennai,1422,2,1,16.34,Semi
IN00810,Chennai,1298,2,3,15,Furnished
IN00811,Mumbai,1335,2,3,16.96,Furnished
IN00812,Hyderabad,1519,2,2,15,Unfurnished
IN00813,Kolkata,793,4,2,15,Unfurnished
IN00814,Mumbai,1499,2,2,27.35,Semi
IN00815,Hyderabad,712,4,2,15,Furnished
IN00816,Chennai,907,2,1,15,Furnished
IN00817,Chennai,1368,3,2,15,Semi
IN00818,Chennai,1117,2,2,15,Unfurnished
IN00819,Kolkata,1660,1,2,15,Semi
IN00820,Chennai,1020,2,2,15,Furnished
IN00821,Chennai,1450,3,2,15,Unfurnished
IN00822,Kolkata,300,2,1,15,Unfurnished
IN00823,Chennai,1379,2,2,17.39,Semi
IN00824,Delhi,982,2,1,15,Semi
IN00825,Hyderabad,844,2,2,15,Semi
IN00826,Kolkata,951,2,2,15,Unfurnished
IN00827,Hyderabad,777,4,2,15,Unfurnished
IN00828,Bangalore,694,3,3,15,Unfurnished
IN00829,Bangalore,641,3,3,15,Unfurnished
IN00830,Hyderabad,462,2,2,15,Unfurnished
IN00831,Kolkata,645,2,2,15,Furnished
IN00832,Chennai,1259,2,2,15,Unfurnished
IN00833,Mumbai,1631,1,3,24.47,Furnished
IN00834,Bangalore,1094,1,2,15,Semi
IN00835,Bangalore,300,3,2,15,Furnished
IN00836,Hyderabad,1630,4,1,17.11,Furnished
IN00837,Kolkata,734,2,3,15,Semi
IN00838,Kolkata,1091,4,1,15,Unfurnished
IN00839,Mumbai,504,2,2,15,Furnished
IN00840,Delhi,1288,3,2,29.46,Unfurnished
IN00841,Mumbai,1295,4,3,15,Furnished
IN00842,Kolkata,1052,2,3,15,Semi
IN00843,Chennai,1548,2,2,15,Furnished
IN00844,Hyderabad,1490,1,1,21.52,Semi
IN00845,Mumbai,615,4,3,15,Semi
IN00846,Bangalore,1539,2,2,28.22,Unfurnished
IN00847,Mumbai,848,3,2,15,Furnished
IN00848,Mumbai,974,4,2,15,Unfurnished
IN00849,Hyderabad,1935,4,1,22.17,Unfurnished
IN00850,Kolkata,1068,3,2,15,Unfurnished
IN00851,Hyderabad,456,2,2,15,Unfurnished
IN00852,Hyderabad,898,2,2,15,Unfurnished
IN00853,Mumbai,300,3,1,15,Semi
IN00854,Mumbai,1466,2,3,16.01,Unfurnished
IN00855,Kolkata,890,2,1,15,Unfurnished
IN00856,Bangalore,1010,1,3,15,Furnished
IN00857,Chennai,1499,3,2,24.46,Unfurnished
IN00858,Kolkata,851,1,1,15,Unfurnished
IN00859,Delhi,957,3,1,15,Semi
IN00860,Bangalore,1580,4,2,22.36,Furnished
IN00861,Kolkata,595,4,1,15,Unfurnished
IN00862,Mumbai,955,3,2,15,Semi
IN00863,Bangalore,1341,2,1,15.64,Semi
IN00864,Hyderabad,984,4,1,15.99,Semi
IN00865,Mumbai,1250,1,1,15,Unfurnished
IN00866,Hyderabad,584,4,1,15,Furnished
IN00867,Delhi,973,2,2,15,Furnished
IN00868,Mumbai,935,4,3,15,Unfurnished
IN00869,Mumbai,1434,2,2,15,Semi
IN00870,Hyderabad,672,2,2,15,Semi
IN00871,Chennai,300,2,2,15,Furnished
IN00872,Delhi,1101,2,2,15,Unfurnished
IN00873,Mumbai,1550,4,2,23.83,Furnished
IN00874,Delhi,300,3,2,15,Unfurnished
IN00875,Kolkata,721,2,2,15,Furnished
IN00876,Chennai,1551,1,2,15.97,Unfurnished
IN00877,Kolkata,1000,4,2,15,Semi
IN00878,Mumbai,552,3,3,15,Furnished
IN00879,Hyderabad,686,1,2,15,Furnished
IN00880,Mumbai,1854,3,2,37.47,Unfurnished
IN00881,Delhi,688,4,1,15.61,Furnished
IN00882,Bangalore,1215,2,2,15,Semi
IN00883,Delhi,1187,1,3,15,Furnished
IN00884,Kolkata,553,2,2,15,Semi
IN00885,Kolkata,860,3,2,15.29,Furnished
IN00886,Delhi,1120,4,3,17.08,Furnished
IN00887,Hyderabad,1293,3,2,17.86,Unfurnished
IN00888,Kolkata,882,4,2,15,Semi
IN00889,Mumbai,1639,2,1,24.99,Semi
IN00890,Delhi,659,2,1,15,Unfurnished
IN00891,Mumbai,1343,1,1,19.04,Unfurnished
IN00892,Delhi,943,1,3,15,Unfurnished
IN00893,Kolkata,353,2,2,15,Furnished
IN00894,Hyderabad,1808,2,3,15,Unfurnished
IN00895,Hyderabad,1708,4,3,17.09,Semi
IN00896,Bangalore,808,3,2,15,Semi
IN00897,Mumbai,1124,3,2,15,Semi
IN00898,Chennai,566,2,3,15,Furnished
IN00899,Chennai,1261,1,3,18.11,Furnished
IN00900,Bangalore,1543,1,1,15,Furnished
IN00901,Mumbai,1594,4,3,29.68,Semi
IN00902,Hyderabad,1266,3,2,19.15,Furnished
IN00903,Chennai,1280,3,2,15,Furnished
IN00904,Chennai,1000,3,1,15,Semi
IN00905,Hyderabad,300,2,2,15,Semi
IN00906,Mumbai,705,3,2,15.24,Semi
IN00907,Hyderabad,1061,3,2,16.11,Furnished
IN00908,Mumbai,1116,1,2,21.12,Unfurnished
IN00909,Delhi,1470,1,1,18.32,Furnished
IN00910,Bangalore,1487,4,3,15,Furnished
IN00911,Hyderabad,585,3,2,15,Semi
IN00912,Mumbai,1132,2,3,15,Unfurnished
IN00913,Bangalore,978,3,1,16.91,Furnished
IN00914,Hyderabad,1181,4,2,17.11,Unfurnished
IN00915,Bangalore,790,2,1,15,Unfurnished
IN00916,Bangalore,1660,2,2,20.07,Furnished
IN00917,Delhi,683,3,1,15,Semi
IN00918,Bangalore,1000,3,2,15,Furnished
IN00919,Mumbai,1273,4,2,15.47,Unfurnished
IN00920,Kolkata,885,3,3,15,Unfurnished
IN00921,Mumbai,1338,1,2,15,Unfurnished
IN00922,Chennai,1299,3,1,23.89,Semi
IN00923,Hyderabad,1119,4,3,15,Semi
IN00924,Mumbai,776,3,2,15,Semi
IN00925,Delhi,2109,3,1,18.53,Semi
IN00926,Chennai,1037,3,3,15.18,Unfurnished
IN00927,Delhi,1091,2,2,21.06,Semi
IN00928,Delhi,819,2,1,15,Semi
IN00929,Delhi,1334,1,2,15,Semi
IN00930,Kolkata,646,2,2,15,Unfurnished
IN00931,Mumbai,1047,3,3,15,Semi
IN00932,Kolkata,1455,3,2,16.5,Semi
IN00933,Kolkata,640,3,1,15,Furnished
IN00934,Bangalore,579,3,2,15,Unfurnished
IN00935,Hyderabad,1419,4,2,17.73,Unfurnished
IN00936,Kolkata,1165,2,3,15,Unfurnished
IN00937,Kolkata,1317,3,2,29.71,Semi
IN00938,Mumbai,1192,3,2,15,Semi
IN00939,Delhi,1069,3,1,15,Furnished
IN00940,Delhi,1017,2,2,15,Unfurnished
IN00941,Mumbai,1288,3,2,15,Furnished
IN00942,Kolkata,468,1,1,15,Semi
IN00943,Bangalore,1140,3,1,17.18,Furnished
IN00944,Kolkata,767,4,2,15,Semi
IN00945,Mumbai,1931,4,2,18.75,Unfurnished
IN00946,Delhi,1200,3,1,15,Unfurnished
IN00947,Delhi,774,2,1,15,Furnished
IN00948,Delhi,321,3,2,15,Furnished
IN00949,Mumbai,1936,3,3,24.25,Unfurnished
IN00950,Mumbai,2127,3,2,34.0,Furnished
IN00951,Kolkata,1606,3,1,15,Unfurnished
IN00952,Bangalore,917,3,3,15,Furnished
IN00953,Chennai,541,3,3,15,Furnished
IN00954,Hyderabad,1488,2,1,27.0,Unfurnished
IN00955,Hyderabad,908,1,1,15,Furnished
IN00956,Mumbai,1142,2,2,19.96,Unfurnished
IN00957,Chennai,1510,3,3,22.08,Furnished
IN00958,Delhi,1091,3,2,15,Unfurnished
IN00959,Mumbai,1059,4,2,15,Unfurnished
IN00960,Mumbai,569,4,2,15,Furnished
IN00961,Hyderabad,1313,1,3,30.54,Unfurnished
IN00962,Bangalore,986,3,2,15,Furnished
IN00963,Mumbai,1291,2,3,17.14,Unfurnished
IN00964,Mumbai,985,1,2,15,Furnished
IN00965,Chennai,1068,3,3,15,Semi
IN00966,Chennai,1366,2,1,15,Semi
IN00967,Bangalore,754,2,1,15,Furnished
IN00968,Chennai,728,3,3,15,Semi
IN00969,Hyderabad,1113,1,1,15,Furnished
IN00970,Mumbai,1154,2,3,15,Unfurnished
IN00971,Chennai,848,2,1,15,Unfurnished
IN00972,Mumbai,856,4,1,15,Semi
IN00973,Chennai,1312,2,1,16.43,Semi
IN00974,Delhi,632,1,2,15,Furnished
IN00975,Kolkata,1801,2,1,21.72,Semi
IN00976,Mumbai,1278,4,1,15,Furnished
IN00977,Kolkata,1394,3,2,19.08,Unfurnished
IN00978,Delhi,938,4,2,15,Semi
IN00979,Chennai,670,4,3,15,Unfurnished
IN00980,Mumbai,719,3,1,15,Furnished
IN00981,Kolkata,458,3,2,15,Unfurnished
IN00982,Kolkata,2043,3,1,34.33,Unfurnished
IN00983,Kolkata,1108,2,2,15,Furnished
IN00984,Delhi,842,3,2,15,Furnished
IN00985,Bangalore,498,2,2,15,Unfurnished
IN00986,Kolkata,1385,3,3,18.79,Furnished
IN00987,Mumbai,898,1,2,15,Semi
IN00988,Chennai,1321,2,1,15,Furnished
IN00989,Delhi,1518,1,2,23.89,Furnished
IN00990,Kolkata,759,3,2,15,Semi
IN00991,Hyderabad,1346,2,2,15,Furnished
IN00992,Hyderabad,1059,2,2,15,Semi
IN00993,Mumbai,613,4,1,15,Semi
IN00994,Bangalore,332,3,2,15,Semi
IN00995,Delhi,1366,2,2,16.43,Unfurnished
IN00996,Hyderabad,1762,3,2,15,Furnished
IN00997,Hyderabad,1422,4,1,19.29,Unfurnished
IN00998,Bangalore,1117,4,2,15,Unfurnished
IN00999,Mumbai,1329,2,2,15,Furnished
IN01000,Mumbai,1381,4,3,21.48,Unfurnished
IN01001,Kolkata,1483,2,2,15,Semi
IN01002,Delhi,1178,2,2,15,Semi
IN01003,Mumbai,1089,2,1,15,Furnished
IN01004,Chennai,971,2,2,15,Furnished
IN01005,Mumbai,961,2,1,15,Semi
IN01006,Delhi,1112,1,1,15,Semi
IN01007,Hyderabad,1646,2,2,21.99,Unfurnished
IN01008,Bangalore,968,2,3,19.6,Unfurnished
IN01009,Chennai,816,3,2,15.11,Unfurnished
IN01010,Kolkata,909,3,2,15,Unfurnished
IN01011,Kolkata,791,1,2,15,Furnished
IN01012,Kolkata,1326,3,1,15,Unfurnished
IN01013,Delhi,574,3,2,15,Unfurnished
IN01014,Mumbai,987,3,1,15,Semi
IN01015,Chennai,1387,1,2,15,Unfurnished
IN01016,Mumbai,849,2,3,15,Semi
IN01017,Hyderabad,1096,4,1,15,Unfurnished
IN01018,Mumbai,1246,2,2,15,Semi
IN01019,Bangalore,462,2,1,15,Semi
IN01020,Mumbai,920,2,1,16.49,Unfurnished
IN01021,Kolkata,300,3,2,15,Unfurnished
IN01022,Bangalore,1352,2,1,25.65,Furnished
IN01023,Bangalore,1473,3,2,15.99,Furnished
IN01024,Hyderabad,626,2,2,15,Unfurnished
IN01025,Bangalore,504,2,2,15,Semi
IN01026,Hyderabad,2330,4,1,22.39,Unfurnished
IN01027,Kolkata,983,3,2,15,Furnished
IN01028,Bangalore,859,4,2,15,Semi
IN01029,Delhi,1338,3,1,16.81,Semi
IN01030,Bangalore,496,2,2,15,Furnished
IN01031,Kolkata,870,3,2,16.35,Furnished
IN01032,Kolkata,666,2,2,15,Semi
IN01033,Kolkata,1220,3,2,15,Unfurnished
IN01034,Hyderabad,1461,3,1,23.37,Furnished
IN01035,Kolkata,458,3,3,15,Semi
IN01036,Bangalore,1492,3,3,24.52,Semi
IN01037,Delhi,1472,2,2,15,Furnished
IN01038,Chennai,1526,2,3,19.62,Furnished
IN01039,Chennai,670,1,1,15,Unfurnished
IN01040,Mumbai,1523,2,3,23.19,Furnished
IN01041,Hyderabad,1277,3,2,21.59,Semi
IN01042,Hyderabad,1209,3,2,19.28,Furnished
IN01043,Delhi,1064,3,1,15,Furnished
IN01044,Chennai,1097,3,3,15,Semi
IN01045,Mumbai,663,2,1,15,Semi
IN01046,Chennai,1392,2,3,28.87,Furnished
IN01047,Mumbai,948,2,2,16.38,Semi
IN01048,Mumbai,648,2,2,15,Unfurnished
IN01049,Hyderabad,1499,2,3,23.49,Semi
IN01050,Bangalore,1224,2,3,15,Furnished
IN01051,Hyderabad,1271,1,2,15,Furnished
IN01052,Mumbai,1367,1,1,29.56,Semi
IN01053,Kolkata,1434,2,1,16.71,Furnished
IN01054,Mumbai,1239,2,2,15,Semi
IN01055,Chennai,930,2,1,15,Semi
IN01056,Kolkata,474,2,2,15,Semi
IN01057,Kolkata,939,2,2,15,Unfurnished
IN01058,Chennai,1045,2,1,15,Furnished
IN01059,Hyderabad,917,2,1,15,Furnished
IN01060,Delhi,1491,1,2,15,Unfurnished
IN01061,Bangalore,1231,3,2,18.47,Unfurnished
IN01062,Hyderabad,1467,4,2,18.35,Unfurnished
IN01063,Mumbai,1463,4,2,21.1,Semi
IN01064,Kolkata,1482,4,3,15,Unfurnished
IN01065,Bangalore,928,2,3,15,Furnished
IN01066,Kolkata,1479,3,2,24.52,Semi
IN01067,Kolkata,468,3,3,15,Semi
IN01068,Chennai,873,3,1,15,Furnished
IN01069,Chennai,995,3,2,15,Semi
IN01070,Hyderabad,383,4,1,15,Furnished
IN01071,Hyderabad,463,1,3,15,Unfurnished
IN01072,Mumbai,476,2,2,15,Semi
IN01073,Bangalore,1347,3,1,17.68,Semi
IN01074,Delhi,1222,1,1,15,Semi
IN01075,Mumbai,1211,2,3,15,Semi
IN01076,Chennai,1377,2,2,23.17,Semi
IN01077,Mumbai,300,3,3,15,Semi
IN01078,Bangalore,1497,2,3,19.2,Unfurnished
IN01079,Kolkata,524,3,2,15,Unfurnished
IN01080,Delhi,1628,1,2,25.52,Furnished
IN01081,Hyderabad,2347,1,1,40.86,Unfurnished
IN01082,Chennai,670,1,2,15,Unfurnished
IN01083,Hyderabad,1024,3,2,16.21,Semi
IN01084,Chennai,1025,3,1,15,Furnished
IN01085,Bangalore,1777,4,2,22.08,Semi
IN01086,Kolkata,947,2,3,17.0,Furnished
IN01087,Delhi,1129,1,2,15,Unfurnished
IN01088,Kolkata,1548,3,2,21.26,Furnished
IN01089,Hyderabad,1237,3,2,16.57,Semi
IN01090,Bangalore,1863,3,3,15,Furnished
IN01091,Delhi,1043,1,3,15,Semi
IN01092,Chennai,1971,3,2,31.54,Furnished
IN01093,Delhi,1690,4,1,25.92,Semi
IN01094,Hyderabad,1199,2,2,15,Unfurnished
IN01095,Chennai,2007,2,1,20.2,Semi
IN01096,Hyderabad,905,3,1,15,Unfurnished
IN01097,Kolkata,797,3,2,15,Furnished
IN01098,Mumbai,928,4,1,15,Furnished
IN01099,Bangalore,1458,3,2,24.45,Semi
IN01100,Hyderabad,1222,2,1,16.46,Furnished
IN01101,Bangalore,1297,2,3,15,Unfurnished
IN01102,Mumbai,765,2,3,15,Furnished
IN01103,Mumbai,514,4,2,15,Unfurnished
IN01104,Kolkata,1487,1,3,15.29,Furnished
IN01105,Chennai,838,2,2,15,Semi
IN01106,Mumbai,911,1,3,15,Furnished
IN01107,Chennai,948,3,3,15,Semi
IN01108,Kolkata,832,3,3,15,Semi
IN01109,Mumbai,655,2,2,15,Furnished
IN01110,Hyderabad,1875,2,1,15,Furnished
IN01111,Delhi,1404,4,2,20.18,Unfurnished
IN01112,Kolkata,315,2,1,15,Furnished
IN01113,Kolkata,1010,3,2,15,Furnished
IN01114,Chennai,979,3,2,15.26,Unfurnished
IN01115,Bangalore,1362,4,2,15,Unfurnished
IN01116,Hyderabad,778,1,3,15,Furnished
IN01117,Chennai,739,2,1,15,Unfurnished
IN01118,Hyderabad,826,4,2,15,Furnished
IN01119,Hyderabad,654,2,2,15,Furnished
IN01120,Mumbai,937,2,2,15.07,Unfurnished
IN01121,Bangalore,863,3,2,15,Unfurnished
IN01122,Bangalore,1454,1,3,15,Furnished
IN01123,Kolkata,873,2,2,15,Unfurnished
IN01124,Chennai,1522,3,1,15,Furnished
IN01125,Chennai,1085,3,2,15,Unfurnished
IN01126,Mumbai,1145,2,2,15,Semi
IN01127,Kolkata,774,2,1,15,Furnished
IN01128,Hyderabad,913,1,1,15,Semi
IN01129,Hyderabad,1225,2,2,18.68,Unfurnished
IN01130,Bangalore,898,3,2,15,Unfurnished
IN01131,Mumbai,1572,3,2,15.76,Furnished
IN01132,Bangalore,1549,1,1,26.18,Unfurnished
IN01133,Bangalore,1558,2,3,15,Semi
IN01134,Hyderabad,1408,4,3,18.47,Semi
IN01135,Hyderabad,983,3,2,15,Unfurnished
IN01136,Mumbai,1179,3,1,15,Unfurnished
IN01137,Bangalore,954,2,1,15,Unfurnished
IN01138,Delhi,2436,3,2,20.36,Semi
IN01139,Hyderabad,1142,2,2,21.66,Unfurnished
IN01140,Bangalore,1722,3,2,18.19,Furnished
IN01141,Chennai,1061,3,3,15,Furnished
IN01142,Mumbai,1415,3,2,15,Furnished
IN01143,Mumbai,1353,2,1,15,Unfurnished
IN01144,Chennai,1579,2,2,15,Furnished
IN01145,Hyderabad,1072,4,2,15,Furnished
IN01146,Kolkata,983,1,3,15,Furnished
IN01147,Mumbai,1490,2,2,18.21,Semi
IN01148,Delhi,1889,1,2,28.91,Semi
IN01149,Hyderabad,1256,3,1,15,Semi
IN01150,Mumbai,1087,1,2,20.15,Furnished
IN01151,Bangalore,1852,1,2,21.37,Semi
IN01152,Kolkata,328,3,1,15,Unfurnished
IN01153,Hyderabad,999,2,3,15,Semi
IN01154,Chennai,1225,4,2,15.01,Unfurnished
IN01155,Chennai,1889,4,2,29.49,Semi
IN01156,Mumbai,917,1,1,15,Furnished
IN01157,Mumbai,300,4,3,15,Semi
IN01158,Hyderabad,545,3,1,15,Unfurnished
IN01159,Delhi,1616,4,2,21.21,Semi
IN01160,Chennai,1431,1,3,15,Unfurnished
IN01161,Mumbai,463,4,2,15,Furnished
IN01162,Mumbai,1244,3,2,15,Semi
IN01163,Chennai,1502,3,3,20.75,Furnished
IN01164,Kolkata,1410,3,2,24.67,Unfurnished
IN01165,Mumbai,1350,3,1,15,Furnished
IN01166,Hyderabad,1118,2,1,17.83,Furnished
IN01167,Hyderabad,1553,1,2,22.88,Unfurnished
IN01168,Chennai,300,1,2,15,Semi
IN01169,Kolkata,2021,4,2,20.96,Furnished
IN01170,Hyderabad,719,2,2,15,Furnished
IN01171,Delhi,1170,1,2,15,Furnished
IN01172,Kolkata,881,4,1,15,Furnished
IN01173,Kolkata,1802,3,2,16.51,Semi
IN01174,Kolkata,1167,3,1,15,Furnished
IN01175,Bangalore,300,2,2,15,Semi
IN01176,Hyderabad,552,3,2,15,Unfurnished
IN01177,Kolkata,466,1,2,15,Furnished
IN01178,Kolkata,1203,3,1,17.29,Furnished
IN01179,Delhi,739,4,1,15,Furnished
IN01180,Delhi,1484,3,1,20.24,Unfurnished
IN01181,Bangalore,601,2,1,15,Unfurnished
IN01182,Bangalore,797,4,2,15,Furnished
IN01183,Delhi,1886,2,1,32.4,Furnished
IN01184,Chennai,951,2,1,15,Semi
IN01185,Hyderabad,859,4,1,15,Furnished
IN01186,Hyderabad,719,1,2,15.22,Semi
IN01187,Chennai,300,2,1,15,Furnished
IN01188,Delhi,1224,2,2,15,Furnished
IN01189,Bangalore,745,2,3,15,Semi
IN01190,Delhi,1803,3,2,15,Semi
IN01191,Mumbai,1949,1,2,22.5,Semi
IN01192,Delhi,1121,2,1,15,Unfurnished
IN01193,Kolkata,1587,3,1,21.13,Furnished
IN01194,Hyderabad,2060,1,1,20.47,Furnished
IN01195,Kolkata,1702,2,2,20.59,Unfurnished
IN01196,Chennai,714,3,1,15,Semi
IN01197,Hyderabad,326,4,2,15,Semi
IN01198,Mumbai,1014,3,1,15,Semi
IN01199,Chennai,1224,4,2,22.72,Unfurnished
IN01200,Bangalore,638,2,2,15,Unfurnished
IN01201,Delhi,1633,4,2,15,Semi
IN01202,Hyderabad,533,3,1,15,Unfurnished
IN01203,Kolkata,1017,1,3,17.54,Furnished
IN01204,Bangalore,1065,2,2,15,Unfurnished
IN01205,Chennai,969,2,2,15,Unfurnished
IN01206,Kolkata,1214,4,3,16.97,Semi
IN01207,Kolkata,472,3,2,15,Unfurnished
IN01208,Bangalore,494,3,3,15,Furnished
IN01209,Chennai,1336,4,3,25.75,Unfurnished
IN01210,Kolkata,1364,1,2,22.86,Semi
IN01211,Delhi,527,1,1,15,Unfurnished
IN01212,Mumbai,1589,2,1,19.15,Semi
IN01213,Kolkata,1054,4,3,15,Semi
IN01214,Mumbai,595,3,2,15,Unfurnished
IN01215,Bangalore,998,2,2,15,Semi
IN01216,Delhi,1780,3,2,15,Unfurnished
IN01217,Chennai,845,1,3,15,Furnished
IN01218,Delhi,1071,4,2,15,Semi
IN01219,Kolkata,927,2,1,15,Unfurnished
IN01220,Bangalore,930,3,2,15,Furnished
IN01221,Chennai,1050,3,2,15,Semi
IN01222,Chennai,300,3,2,15,Semi
IN01223,Chennai,1241,3,3,15,Furnished
IN01224,Kolkata,2014,3,3,26.05,Furnished
IN01225,Bangalore,1366,2,3,16.67,Semi
IN01226,Hyderabad,1588,2,2,27.13,Furnished
IN01227,Delhi,342,3,3,15,Semi
IN01228,Hyderabad,1462,2,1,28.65,Furnished
IN01229,Kolkata,1283,4,2,18.57,Furnished
IN01230,Chennai,602,4,1,15,Semi
IN01231,Hyderabad,1324,1,2,15,Unfurnished
IN01232,Chennai,335,3,1,15,Semi
IN01233,Hyderabad,1799,2,2,29.81,Semi
IN01234,Chennai,1315,3,2,18.11,Furnished
IN01235,Chennai,581,2,2,15,Unfurnished
IN01236,Mumbai,978,2,2,22.94,Semi
IN01237,Mumbai,1241,2,2,15,Semi
IN01238,Chennai,1322,3,2,15,Unfurnished
IN01239,Chennai,1173,3,1,15,Furnished
IN01240,Delhi,1005,3,1,15,Semi
IN01241,Hyderabad,842,4,2,15,Furnished
IN01242,Bangalore,1242,4,2,15,Semi
IN01243,Mumbai,590,3,3,15,Semi
IN01244,Kolkata,548,4,3,15,Furnished
IN01245,Chennai,1370,2,2,15,Unfurnished
IN01246,Kolkata,2162,2,2,41.1,Semi
IN01247,Chennai,919,4,1,15,Furnished
IN01248,Bangalore,1251,1,2,15,Unfurnished
IN01249,Mumbai,1425,3,2,18.21,Unfurnished
IN01250,Delhi,1525,4,3,18.23,Furnished
IN01251,Mumbai,1437,2,1,18.43,Unfurnished
IN01252,Bangalore,1011,3,2,15,Unfurnished
IN01253,Mumbai,1557,4,2,24.07,Furnished
IN01254,Mumbai,417,3,1,15,Semi
IN01255,Chennai,2257,3,1,32.87,Furnished
IN01256,Hyderabad,1213,4,2,15,Furnished
IN01257,Bangalore,1244,1,1,15,Unfurnished
IN01258,Hyderabad,1385,4,1,20.63,Unfurnished
IN01259,Kolkata,916,1,3,15,Furnished
IN01260,Mumbai,1033,3,1,15.8,Unfurnished
IN01261,Hyderabad,802,1,1,15.19,Unfurnished
IN01262,Kolkata,1939,3,2,37.52,Semi
IN01263,Mumbai,1075,3,2,15,Furnished
IN01264,Mumbai,741,4,2,15,Semi
IN01265,Delhi,1587,4,1,21.63,Semi
IN01266,Hyderabad,788,1,3,15,Semi
IN01267,Bangalore,1508,1,3,23.1,Unfurnished
IN01268,Hyderabad,300,3,2,15,Semi
IN01269,Delhi,967,3,1,15,Unfurnished
IN01270,Mumbai,757,2,2,16.44,Furnished
IN01271,Delhi,1514,4,2,16.92,Furnished
IN01272,Kolkata,1024,3,3,15,Unfurnished
IN01273,Bangalore,1047,3,2,15,Semi
IN01274,Kolkata,382,1,2,15,Semi
IN01275,Mumbai,553,3,2,15,Semi
IN01276,Mumbai,546,4,2,15,Furnished
IN01277,Chennai,1977,2,2,15,Furnished
IN01278,Mumbai,1272,4,2,16.56,Furnished
IN01279,Kolkata,1438,3,1,24.3,Semi
IN01280,Chennai,993,4,2,16.96,Unfurnished
IN01281,Bangalore,594,3,2,15,Furnished
IN01282,Delhi,1381,3,2,18.33,Semi
IN01283,Delhi,557,4,2,15,Furnished
IN01284,Hyderabad,1230,4,2,15,Furnished
IN01285,Kolkata,675,2,2,15,Unfurnished
IN01286,Kolkata,1408,2,2,18.2,Unfurnished
IN01287,Mumbai,1024,3,1,15,Semi
IN01288,Kolkata,1265,3,1,15.4,Furnished
IN01289,Hyderabad,1403,2,1,22.64,Furnished
IN01290,Kolkata,844,2,3,15,Furnished
IN01291,Kolkata,1836,3,1,15,Unfurnished
IN01292,Delhi,1532,2,2,15,Semi
IN01293,Hyderabad,1001,3,2,15,Furnished
IN01294,Delhi,717,3,2,15,Furnished
IN01295,Mumbai,2325,2,2,29.74,Semi
IN01296,Bangalore,1248,2,2,15.7,Furnished
IN01297,Mumbai,1724,3,2,26.31,Unfurnished
IN01298,Mumbai,326,2,3,15,Semi
IN01299,Chennai,1274,1,2,15,Semi
IN01300,Delhi,1496,2,2,23.01,Unfurnished
IN01301,Chennai,985,3,1,15,Semi
IN01302,Delhi,1648,1,2,17.61,Semi
IN01303,Delhi,1119,3,2,18.93,Semi
IN01304,Mumbai,1235,4,2,22.1,Semi
IN01305,Mumbai,300,1,3,15,Semi
IN01306,Delhi,769,1,1,15,Furnished
IN01307,Chennai,1925,2,1,27.24,Furnished
IN01308,Bangalore,1070,3,2,15,Furnished
IN01309,Bangalore,1734,3,2,17.69,Semi
IN01310,Kolkata,947,4,3,15,Semi
IN01311,Bangalore,1416,3,3,15.11,Semi
IN01312,Bangalore,1946,4,2,27.96,Semi
IN01313,Delhi,1153,3,3,15,Semi
IN01314,Delhi,872,3,1,15,Semi
IN01315,Delhi,737,4,2,15,Furnished
IN01316,Bangalore,1260,1,3,15,Furnished
IN01317,Mumbai,1538,4,2,15,Unfurnished
IN01318,Mumbai,1328,4,2,23.17,Furnished
IN01319,Delhi,914,2,1,15,Semi
IN01320,Bangalore,1145,2,2,15,Unfurnished
IN01321,Mumbai,1098,3,3,19.76,Unfurnished
IN01322,Mumbai,972,4,2,15,Unfurnished
IN01323,Hyderabad,935,2,3,15,Semi
IN01324,Bangalore,1406,2,2,16.58,Unfurnished
IN01325,Delhi,2290,3,1,15.33,Unfurnished
IN01326,Chennai,779,2,1,15,Furnished
IN01327,Delhi,483,4,3,15,Unfurnished
IN01328,Hyderabad,1806,2,2,16.53,Semi
IN01329,Kolkata,688,2,2,15,Furnished
IN01330,Kolkata,1228,3,1,15,Semi
IN01331,Chennai,976,3,1,15,Furnished
IN01332,Chennai,1361,3,3,21.19,Unfurnished
IN01333,Delhi,1929,1,2,23.31,Semi
IN01334,Hyderabad,907,4,1,15,Unfurnished
IN01335,Delhi,725,1,1,15,Unfurnished
IN01336,Chennai,378,4,3,15,Furnished
IN01337,Delhi,1267,2,2,19.27,Semi
IN01338,Chennai,1163,2,3,15.35,Semi
IN01339,Delhi,909,4,1,15,Unfurnished
IN01340,Hyderabad,1774,3,2,28.29,Furnished
IN01341,Bangalore,1235,2,2,17.38,Semi
IN01342,Kolkata,618,3,2,15,Furnished
IN01343,Delhi,1430,4,3,15,Unfurnished
IN01344,Chennai,300,4,2,15,Semi
IN01345,Bangalore,1097,2,2,15,Furnished
IN01346,Delhi,613,4,2,15,Furnished
IN01347,Mumbai,300,2,3,15,Unfurnished
IN01348,Mumbai,475,3,3,15,Semi
IN01349,Kolkata,1565,2,3,15,Furnished
IN01350,Kolkata,334,2,1,15,Unfurnished
IN01351,Delhi,808,1,2,15,Furnished
IN01352,Delhi,827,2,2,15,Unfurnished
IN01353,Mumbai,1259,3,3,22.78,Semi
IN01354,Delhi,364,4,2,15,Furnished
IN01355,Kolkata,1074,3,2,20.65,Semi
IN01356,Kolkata,650,2,2,15,Semi
IN01357,Hyderabad,951,4,2,15,Furnished
IN01358,Chennai,1012,2,2,15,Furnished
IN01359,Chennai,957,3,2,15.98,Unfurnished
IN01360,Chennai,628,2,1,15,Unfurnished
IN01361,Bangalore,1232,4,2,17.18,Semi
IN01362,Mumbai,854,3,3,15,Furnished
IN01363,Kolkata,719,3,2,15,Unfurnished
IN01364,Bangalore,375,2,2,15,Furnished
IN01365,Mumbai,1404,2,1,17.86,Furnished
IN01366,Mumbai,1162,3,2,15,Semi
IN01367,Bangalore,710,2,1,15,Unfurnished
IN01368,Chennai,1400,4,1,15.67,Semi
IN01369,Mumbai,1719,2,2,23.58,Semi
IN01370,Bangalore,821,4,1,15,Semi
IN01371,Delhi,1735,4,3,20.66,Semi
IN01372,Kolkata,1469,3,2,23.68,Furnished
IN01373,Kolkata,1949,1,3,15,Unfurnished
IN01374,Hyderabad,2250,1,3,15,Semi
IN01375,Hyderabad,762,1,3,15,Furnished
IN01376,Delhi,372,4,2,15,Semi
IN01377,Chennai,1250,4,3,15,Unfurnished
IN01378,Delhi,1148,3,2,15,Semi
IN01379,Delhi,1258,1,3,15,Unfurnished
IN01380,Bangalore,536,2,2,15,Unfurnished
IN01381,Kolkata,462,2,2,15,Semi
IN01382,Chennai,393,2,2,15,Semi
IN01383,Kolkata,1303,3,2,17.99,Unfurnished
IN01384,Hyderabad,649,3,1,15,Unfurnished
IN01385,Kolkata,1961,3,2,22.64,Semi
IN01386,Hyderabad,1192,4,2,15,Semi
IN01387,Delhi,1631,1,2,15,Furnished
IN01388,Kolkata,1912,1,1,24.21,Semi
IN01389,Delhi,805,1,1,15,Unfurnished
IN01390,Mumbai,830,4,2,15,Unfurnished
IN01391,Chennai,877,1,1,15,Unfurnished
IN01392,Hyderabad,785,2,2,15,Unfurnished
IN01393,Kolkata,586,3,2,15,Furnished
IN01394,Mumbai,1370,2,1,15,Semi
IN01395,Mumbai,1261,4,2,15,Unfurnished
IN01396,Bangalore,536,4,2,15,Unfurnished
IN01397,Hyderabad,1056,2,2,17.31,Furnished
IN01398,Delhi,935,2,1,15,Furnished
IN01399,Kolkata,1040,1,3,15,Furnished
IN01400,Kolkata,789,2,1,15,Unfurnished
IN01401,Mumbai,1346,3,2,21.05,Unfurnished
IN01402,Chennai,1039,3,2,15,Unfurnished
IN01403,Hyderabad,300,3,2,15,Unfurnished
IN01404,Kolkata,1182,1,2,15,Semi
IN01405,Chennai,392,1,3,15,Semi
IN01406,Mumbai,1861,2,1,17.92,Semi
IN01407,Delhi,1693,4,1,30.4,Semi
IN01408,Kolkata,1590,2,2,24.48,Semi
IN01409,Kolkata,457,2,3,15,Unfurnished
IN01410,Delhi,1520,3,3,27.25,Furnished
IN01411,Kolkata,898,2,1,15,Furnished
IN01412,Delhi,1230,2,2,15,Furnished
IN01413,Mumbai,979,1,2,15,Unfurnished
IN01414,Chennai,1314,2,1,15,Unfurnished
IN01415,Bangalore,2004,3,1,32.43,Unfurnished
IN01416,Delhi,731,3,2,15,Unfurnished
IN01417,Bangalore,1167,4,2,15,Furnished
IN01418,Chennai,1398,3,2,15,Semi
IN01419,Delhi,1130,2,1,17.32,Furnished
IN01420,Bangalore,300,2,1,15,Unfurnished
IN01421,Kolkata,839,1,1,15,Unfurnished
IN01422,Mumbai,991,2,2,15,Unfurnished
IN01423,Bangalore,1352,1,2,15,Unfurnished
IN01424,Delhi,300,4,2,15,Semi
IN01425,Kolkata,721,4,3,15,Unfurnished
IN01426,Chennai,1028,1,3,15,Unfurnished
IN01427,Hyderabad,1500,2,2,15.93,Semi
IN01428,Chennai,1581,3,1,22.74,Furnished
IN01429,Mumbai,1211,2,1,15.71,Furnished
IN01430,Bangalore,917,2,2,15,Semi
IN01431,Hyderabad,1320,2,2,17.91,Furnished
IN01432,Delhi,1126,1,2,18.54,Semi
IN01433,Bangalore,1594,3,2,20.4,Unfurnished
IN01434,Mumbai,1117,2,2,15,Semi
IN01435,Hyderabad,639,1,2,15,Unfurnished
IN01436,Mumbai,1112,3,2,18.08,Furnished
IN01437,Hyderabad,1046,1,2,15,Semi
IN01438,Kolkata,578,4,1,15,Furnished
IN01439,Chennai,929,2,2,15,Furnished
IN01440,Hyderabad,1073,1,3,15,Furnished
IN01441,Delhi,1179,2,1,15,Unfurnished
IN01442,Mumbai,1146,4,3,15,Unfurnished
IN01443,Mumbai,1064,4,1,15,Furnished
IN01444,Chennai,992,1,2,15,Semi
IN01445,Bangalore,828,3,2,15,Furnished
IN01446,Hyderabad,902,2,1,15,Semi
IN01447,Delhi,1460,2,3,15,Semi
IN01448,Delhi,1772,2,2,15,Unfurnished
IN01449,Delhi,914,3,1,15.2,Semi
IN01450,Kolkata,1256,2,2,15,Unfurnished
IN01451,Chennai,584,2,1,15,Semi
IN01452,Bangalore,1931,2,3,36.07,Semi
IN01453,Mumbai,1423,4,1,18.14,Furnished
IN01454,Hyderabad,1137,2,2,15,Unfurnished
IN01455,Chennai,1591,2,2,15,Semi
IN01456,Bangalore,1324,4,2,15,Furnished
IN01457,Bangalore,608,3,2,15,Furnished
IN01458,Chennai,1346,3,2,15,Unfurnished
IN01459,Hyderabad,1390,3,2,23.71,Unfurnished
IN01460,Hyderabad,833,4,2,15,Semi
IN01461,Kolkata,905,2,2,15,Furnished
IN01462,Hyderabad,1113,2,3,15,Unfurnished
IN01463,Kolkata,1126,1,1,15,Semi
IN01464,Delhi,1102,2,2,15,Furnished
IN01465,Chennai,1303,2,2,17.93,Semi
IN01466,Kolkata,1543,3,3,19.66,Furnished
IN01467,Delhi,1628,2,2,37.36,Semi
IN01468,Hyderabad,1200,3,3,15,Furnished
IN01469,Hyderabad,1444,2,2,15,Furnished
IN01470,Chennai,801,1,2,15,Unfurnished
IN01471,Chennai,946,4,3,15,Furnished
IN01472,Kolkata,930,2,2,15,Semi
IN01473,Hyderabad,826,4,1,15,Furnished
IN01474,Mumbai,984,4,3,15,Semi
IN01475,Delhi,1435,2,2,17.72,Furnished
IN01476,Delhi,1250,4,2,15,Unfurnished
IN01477,Mumbai,2018,2,1,22.08,Unfurnished
IN01478,Chennai,300,4,1,15,Unfurnished
IN01479,Hyderabad,1486,3,1,16.67,Unfurnished
IN01480,Delhi,1284,4,2,15.95,Semi
IN01481,Bangalore,1797,2,3,20.83,Furnished
IN01482,Chennai,498,2,2,15,Semi
IN01483,Bangalore,1677,1,3,18.75,Semi
IN01484,Bangalore,1650,3,2,15.13,Furnished
IN01485,Mumbai,592,2,3,15,Unfurnished
IN01486,Chennai,1111,2,1,17.15,Furnished
IN01487,Delhi,911,1,3,15,Semi
IN01488,Bangalore,310,3,2,15,Furnished
IN01489,Chennai,637,3,2,15,Unfurnished
IN01490,Hyderabad,1529,2,1,23.44,Semi
IN01491,Hyderabad,579,4,1,15,Semi
IN01492,Bangalore,836,2,2,15,Unfurnished
IN01493,Hyderabad,1787,1,2,26.08,Semi
IN01494,Kolkata,1785,1,3,18.4,Furnished
IN01495,Mumbai,698,2,2,15,Furnished
IN01496,Mumbai,836,4,2,15,Furnished
IN01497,Mumbai,912,3,3,15,Unfurnished
IN01498,Mumbai,1193,3,2,15,Semi
IN01499,Delhi,1647,2,2,15.29,Unfurnished
IN01500,Kolkata,916,1,3,15,Unfurnished
IN01501,Hyderabad,1968,4,1,24.52,Unfurnished
IN01502,Delhi,1065,3,2,15,Semi
IN01503,Bangalore,772,3,3,15,Unfurnished
IN01504,Hyderabad,1909,3,2,20.87,Furnished
IN01505,Mumbai,687,2,2,15,Furnished
IN01506,Kolkata,1996,2,2,22.58,Unfurnished
IN01507,Hyderabad,720,3,1,15,Furnished
IN01508,Bangalore,480,3,2,15,Semi
IN01509,Kolkata,886,2,3,15,Semi
IN01510,Kolkata,1222,3,2,15,Semi
IN01511,Chennai,1040,3,2,15,Furnished
IN01512,Mumbai,2307,1,1,15.72,Unfurnished
IN01513,Mumbai,1520,4,2,25.74,Semi
IN01514,Delhi,1410,1,1,17.04,Unfurnished
IN01515,Delhi,1449,4,1,31.3,Furnished
IN01516,Bangalore,1783,3,2,28.65,Unfurnished
IN01517,Chennai,549,4,3,15,Unfurnished
IN01518,Kolkata,846,1,1,15,Unfurnished
IN01519,Chennai,1427,3,2,15,Unfurnished
IN01520,Mumbai,814,3,2,15,Furnished
IN01521,Kolkata,300,2,2,15,Semi
IN01522,Hyderabad,300,3,2,15,Unfurnished
IN01523,Chennai,1099,3,3,18.42,Unfurnished
IN01524,Bangalore,1208,2,2,15,Unfurnished
IN01525,Bangalore,597,2,2,15,Furnished
IN01526,Mumbai,1118,2,3,15.96,Unfurnished
IN01527,Bangalore,1033,2,2,15.41,Semi
IN01528,Kolkata,1471,2,1,23.77,Furnished
IN01529,Kolkata,1585,3,3,23.77,Furnished
IN01530,Delhi,1010,1,1,15,Unfurnished
IN01531,Bangalore,446,4,1,15,Unfurnished
IN01532,Delhi,1590,2,1,16.09,Unfurnished
IN01533,Mumbai,1627,2,3,15,Unfurnished
IN01534,Delhi,1101,1,2,15,Unfurnished
IN01535,Hyderabad,773,1,1,15,Semi
IN01536,Bangalore,1854,4,3,17.43,Semi
IN01537,Delhi,873,3,2,15,Unfurnished
IN01538,Kolkata,843,3,1,15,Unfurnished
IN01539,Kolkata,1178,2,1,15,Semi
IN01540,Hyderabad,526,4,1,15,Unfurnished
IN01541,Chennai,1007,3,1,16.59,Furnished
IN01542,Kolkata,1105,3,2,15.01,Unfurnished
IN01543,Mumbai,553,2,3,15,Semi
IN01544,Hyderabad,967,3,2,15.08,Unfurnished
IN01545,Kolkata,1327,4,1,15,Furnished
IN01546,Bangalore,1576,2,1,33.18,Furnished
IN01547,Bangalore,1692,3,2,15,Semi
IN01548,Delhi,1338,4,2,15.23,Unfurnished
IN01549,Chennai,823,3,2,15,Semi
IN01550,Mumbai,516,4,2,15,Furnished
IN01551,Chennai,1114,4,2,17.56,Furnished
IN01552,Chennai,339,3,2,15,Furnished
IN01553,Bangalore,372,3,2,15,Unfurnished
IN01554,Chennai,300,4,2,15,Furnished
IN01555,Chennai,481,4,2,15,Furnished
IN01556,Delhi,709,3,2,15,Semi
IN01557,Hyderabad,1542,4,2,15,Furnished
IN01558,Kolkata,985,4,3,15,Semi
IN01559,Bangalore,1770,2,2,17.94,Semi
IN01560,Delhi,1103,3,2,15,Semi
IN01561,Delhi,905,3,2,15.27,Furnished
IN01562,Mumbai,1486,2,2,17.69,Unfurnished
IN01563,Bangalore,691,1,2,15,Furnished
IN01564,Mumbai,1077,3,2,15,Semi
IN01565,Chennai,470,1,2,15,Semi
IN01566,Delhi,938,3,2,15,Furnished
IN01567,Delhi,796,4,1,15,Unfurnished
IN01568,Mumbai,1087,1,2,15,Semi
IN01569,Bangalore,475,2,3,15,Furnished
IN01570,Hyderabad,950,3,1,15,Semi
IN01571,Mumbai,1214,3,2,19.42,Furnished
IN01572,Chennai,1262,3,2,16.05,Unfurnished
IN01573,Hyderabad,1333,2,2,15,Semi
IN01574,Chennai,779,4,3,15,Semi
IN01575,Hyderabad,1519,3,3,16.63,Semi
IN01576,Kolkata,1369,2,1,24.56,Furnished
IN01577,Delhi,1364,2,2,15,Furnished
IN01578,Mumbai,1466,4,2,25.76,Furnished
IN01579,Mumbai,1340,3,2,18.95,Semi
IN01580,Hyderabad,871,3,3,15,Unfurnished
IN01581,Chennai,1528,2,2,21.93,Furnished
IN01582,Delhi,1775,2,2,15,Semi
IN01583,Chennai,1133,3,3,15,Semi
IN01584,Hyderabad,696,3,2,15,Furnished
IN01585,Delhi,1200,3,2,22.06,Furnished
IN01586,Mumbai,681,2,1,15,Unfurnished
IN01587,Mumbai,973,1,2,15,Unfurnished
IN01588,Chennai,1986,4,2,33.44,Furnished
IN01589,Mumbai,1789,3,2,15.66,Furnished
IN01590,Delhi,1374,2,1,15,Semi
IN01591,Bangalore,300,3,1,15,Semi
IN01592,Hyderabad,795,3,2,15,Furnished
IN01593,Mumbai,976,3,3,15,Furnished
IN01594,Bangalore,1154,3,2,18.53,Semi
IN01595,Hyderabad,821,3,3,15,Semi
IN01596,Bangalore,1367,3,3,22.74,Unfurnished
IN01597,Delhi,1250,2,3,15.74,Unfurnished
IN01598,Chennai,2431,2,3,19.74,Semi
IN01599,Chennai,2113,3,1,21.93,Furnished
IN01600,Bangalore,848,4,2,15,Unfurnished
IN01601,Mumbai,1138,3,2,15,Furnished
IN01602,Mumbai,1972,1,1,26.12,Unfurnished
IN01603,Bangalore,300,2,2,15,Furnished
IN01604,Delhi,1164,2,1,20.23,Semi
IN01605,Bangalore,300,2,3,15,Semi
IN01606,Kolkata,978,3,2,15,Semi
IN01607,Delhi,300,3,2,15,Unfurnished
IN01608,Mumbai,1485,4,2,21.41,Unfurnished
IN01609,Mumbai,990,3,2,16.23,Semi
IN01610,Chennai,1615,1,2,16.02,Furnished
IN01611,Delhi,1490,3,3,15,Furnished
IN01612,Mumbai,1438,3,2,15,Furnished
IN01613,Bangalore,1261,2,2,22.39,Unfurnished
IN01614,Mumbai,1386,2,2,20.14,Semi
IN01615,Delhi,1594,2,2,15,Unfurnished
IN01616,Mumbai,747,4,2,15,Furnished
IN01617,Mumbai,1044,1,3,19.88,Furnished
IN01618,Chennai,2031,1,2,20.09,Furnished
IN01619,Chennai,582,1,2,15,Semi
IN01620,Hyderabad,1018,3,1,15,Furnished
IN01621,Mumbai,1996,2,3,21.65,Semi
IN01622,Bangalore,1501,2,2,15,Semi
IN01623,Mumbai,1175,3,1,15,Semi
IN01624,Delhi,1436,3,2,15,Furnished
IN01625,Hyderabad,1972,4,2,21.0,Unfurnished
IN01626,Mumbai,1807,3,2,30.49,Semi
IN01627,Kolkata,734,4,2,15,Semi
IN01628,Mumbai,851,1,1,15,Unfurnished
IN01629,Bangalore,675,3,1,15,Unfurnished
IN01630,Chennai,1591,3,2,31.35,Semi
IN01631,Delhi,777,1,2,15,Semi
IN01632,Hyderabad,1276,2,2,15,Unfurnished
IN01633,Kolkata,402,3,2,15,Semi
IN01634,Delhi,1858,4,2,24.57,Furnished
IN01635,Chennai,1437,4,3,21.03,Semi
IN01636,Bangalore,1457,4,3,15,Furnished
IN01637,Delhi,1629,3,2,18.44,Furnished
IN01638,Kolkata,1707,1,2,24.57,Unfurnished
IN01639,Delhi,978,2,2,15,Semi
IN01640,Delhi,968,3,3,15,Unfurnished
IN01641,Chennai,618,4,2,15,Semi
IN01642,Delhi,1566,3,2,18.34,Unfurnished
IN01643,Hyderabad,908,2,2,15,Semi
IN01644,Kolkata,600,3,2,15,Furnished
IN01645,Chennai,1305,3,2,15.92,Unfurnished
IN01646,Mumbai,570,4,2,15,Furnished
IN01647,Delhi,974,3,3,15,Semi
IN01648,Kolkata,1680,3,3,27.52,Semi
IN01649,Hyderabad,1634,2,3,15,Semi
IN01650,Mumbai,1474,2,2,15,Semi
IN01651,Bangalore,503,4,2,15,Semi
IN01652,Delhi,1430,1,3,20.71,Furnished
IN01653,Hyderabad,1450,3,2,15,Furnished
IN01654,Hyderabad,914,3,3,15,Unfurnished
IN01655,Chennai,1205,3,2,15.4,Furnished
IN01656,Mumbai,684,3,2,15,Furnished
IN01657,Hyderabad,856,3,2,15,Furnished
IN01658,Bangalore,1264,4,2,15,Semi
IN01659,Chennai,300,3,1,15,Unfurnished
IN01660,Bangalore,1511,1,3,21.41,Furnished
IN01661,Kolkata,977,1,3,15,Furnished
IN01662,Mumbai,1215,1,3,19.01,Semi
IN01663,Delhi,1644,3,3,15.59,Unfurnished
IN01664,Chennai,1549,1,1,15.96,Unfurnished
IN01665,Bangalore,407,2,2,15,Furnished
IN01666,Mumbai,629,1,2,15,Unfurnished
IN01667,Delhi,1884,1,1,34.8,Semi
IN01668,Hyderabad,1035,4,2,15,Unfurnished
IN01669,Delhi,1269,4,2,18.84,Semi
IN01670,Chennai,1386,3,1,16.34,Unfurnished
IN01671,Hyderabad,1270,2,2,22.45,Semi
IN01672,Chennai,1755,3,2,20.96,Semi
IN01673,Kolkata,1496,1,2,15,Semi
IN01674,Kolkata,1798,2,3,15.3,Semi
IN01675,Delhi,1312,2,3,20.37,Furnished
IN01676,Hyderabad,1603,3,2,25.33,Furnished
IN01677,Mumbai,322,4,3,15,Semi
IN01678,Kolkata,1688,2,3,15.04,Semi
IN01679,Delhi,1279,3,2,15,Furnished
IN01680,Hyderabad,1236,4,1,26.33,Unfurnished
IN01681,Bangalore,863,3,1,15,Unfurnished
IN01682,Delhi,1377,4,1,15,Unfurnished
IN01683,Hyderabad,963,3,3,15,Unfurnished
IN01684,Kolkata,1368,2,2,18.69,Semi
IN01685,Bangalore,1364,3,1,17.36,Semi
IN01686,Mumbai,995,2,2,15,Unfurnished
IN01687,Delhi,1194,1,2,15,Unfurnished
IN01688,Kolkata,818,2,3,15,Semi
IN01689,Kolkata,1176,2,1,17.96,Furnished
IN01690,Mumbai,1716,2,3,27.96,Unfurnished
IN01691,Bangalore,1668,2,2,27.51,Unfurnished
IN01692,Hyderabad,790,1,1,15,Unfurnished
IN01693,Hyderabad,445,2,2,15,Furnished
IN01694,Kolkata,1959,2,1,32.11,Furnished
IN01695,Delhi,717,1,3,15,Unfurnished
IN01696,Bangalore,945,4,2,15,Furnished
IN01697,Delhi,1061,3,1,17.07,Unfurnished
IN01698,Mumbai,827,4,3,15,Semi
IN01699,Delhi,1331,2,3,22.02,Furnished
IN01700,Chennai,1293,3,3,15,Furnished
IN01701,Delhi,902,1,1,15,Semi
IN01702,Hyderabad,460,1,2,15,Furnished
IN01703,Mumbai,479,3,2,15,Semi
IN01704,Hyderabad,1684,4,2,23.63,Unfurnished
IN01705,Mumbai,761,3,2,15,Unfurnished
IN01706,Bangalore,961,2,2,15,Semi
IN01707,Kolkata,1597,3,2,17.78,Unfurnished
IN01708,Chennai,1426,3,1,15,Unfurnished
IN01709,Kolkata,509,2,1,15,Semi
IN01710,Mumbai,1627,2,2,23.36,Furnished
IN01711,Kolkata,1870,3,2,24.69,Semi
IN01712,Chennai,2215,2,1,18.31,Semi
IN01713,Hyderabad,851,3,3,15,Unfurnished
IN01714,Kolkata,558,1,2,15,Furnished
IN01715,Chennai,1135,1,3,15.79,Furnished
IN01716,Mumbai,933,2,1,15,Semi
IN01717,Chennai,892,3,3,19.88,Furnished
IN01718,Bangalore,1208,4,1,19.78,Semi
IN01719,Kolkata,738,3,2,15,Unfurnished
IN01720,Hyderabad,1099,2,3,19.49,Unfurnished
IN01721,Delhi,749,3,2,15,Semi
IN01722,Hyderabad,719,2,1,15,Semi
IN01723,Bangalore,920,2,2,15,Unfurnished
IN01724,Hyderabad,911,3,2,15.83,Furnished
IN01725,Chennai,1260,4,3,15,Semi
IN01726,Kolkata,1144,3,3,15,Unfurnished
IN01727,Mumbai,1687,3,3,20.72,Semi
IN01728,Delhi,876,1,2,15,Unfurnished
IN01729,Bangalore,1314,3,3,16.55,Semi
IN01730,Mumbai,1924,3,2,18.28,Unfurnished
IN01731,Chennai,1697,3,2,15,Furnished
IN01732,Delhi,1158,4,2,15,Unfurnished
IN01733,Bangalore,1962,3,1,27.5,Furnished
IN01734,Delhi,1077,2,2,15,Semi
IN01735,Chennai,1123,1,3,15.15,Semi
IN01736,Delhi,856,3,2,15,Unfurnished
IN01737,Bangalore,1365,3,2,26.73,Semi
IN01738,Mumbai,775,2,3,15,Furnished
IN01739,Chennai,689,1,1,15,Unfurnished
IN01740,Delhi,825,1,3,15,Semi
IN01741,Kolkata,1924,3,3,20.49,Furnished
IN01742,Delhi,1459,3,3,15,Furnished
IN01743,Kolkata,1451,3,2,16.38,Semi
IN01744,Kolkata,1369,2,1,17.29,Semi
IN01745,Hyderabad,654,3,2,15,Semi
IN01746,Kolkata,2360,2,1,26.22,Unfurnished
IN01747,Delhi,397,1,2,15,Semi
IN01748,Hyderabad,1272,3,1,15,Furnished
IN01749,Hyderabad,1190,3,2,17.75,Semi
IN01750,Mumbai,1081,3,2,15,Unfurnished
IN01751,Mumbai,1362,3,1,15,Semi
IN01752,Hyderabad,1578,2,1,19.89,Unfurnished
IN01753,Hyderabad,300,3,2,15,Unfurnished
IN01754,Bangalore,1722,2,2,15,Semi
IN01755,Kolkata,1303,3,1,16.64,Furnished
IN01756,Mumbai,1107,4,2,15,Unfurnished
IN01757,Kolkata,744,1,2,15,Semi
IN01758,Kolkata,1323,3,2,16.85,Semi
IN01759,Delhi,2085,4,1,34.09,Furnished
IN01760,Bangalore,1148,4,1,16.57,Furnished
IN01761,Chennai,520,3,2,15,Furnished
IN01762,Bangalore,1720,3,2,15,Unfurnished
IN01763,Delhi,300,4,2,15,Furnished
IN01764,Bangalore,1085,1,2,15,Unfurnished
IN01765,Hyderabad,679,2,2,15,Unfurnished
IN01766,Kolkata,560,2,1,15,Furnished
IN01767,Delhi,967,2,2,15.6,Unfurnished
IN01768,Chennai,1950,1,1,25.6,Semi
IN01769,Bangalore,300,3,3,15,Furnished
IN01770,Kolkata,743,2,2,15,Semi
IN01771,Chennai,2086,4,1,28.59,Unfurnished
IN01772,Chennai,799,3,2,15,Semi
IN01773,Bangalore,986,2,2,15,Unfurnished
IN01774,Hyderabad,899,3,1,15,Unfurnished
IN01775,Delhi,1506,1,2,15,Furnished
IN01776,Chennai,1181,3,3,15,Semi
IN01777,Hyderabad,1391,3,1,17.0,Unfurnished
IN01778,Delhi,1187,2,2,18.49,Unfurnished
IN01779,Bangalore,1983,4,2,18.23,Unfurnished
IN01780,Chennai,808,1,2,15,Unfurnished
IN01781,Mumbai,1291,2,2,15,Semi
IN01782,Mumbai,1054,2,1,15,Furnished
IN01783,Delhi,1343,4,3,15,Unfurnished
IN01784,Chennai,1654,1,1,19.92,Furnished
IN01785,Bangalore,897,2,3,15,Furnished
IN01786,Chennai,906,2,2,15,Unfurnished
IN01787,Hyderabad,1119,2,3,15,Semi
IN01788,Delhi,926,4,2,15,Furnished
IN01789,Chennai,1195,2,1,16.33,Unfurnished
IN01790,Mumbai,618,2,1,15,Semi
IN01791,Bangalore,1593,1,3,17.49,Semi
IN01792,Delhi,1094,2,3,15,Semi
IN01793,Chennai,592,1,3,15,Unfurnished
IN01794,Mumbai,692,4,3,15,Semi
IN01795,Mumbai,1408,3,3,22.83,Unfurnished
IN01796,Delhi,715,3,2,15,Unfurnished
IN01797,Bangalore,991,2,1,17.61,Furnished
IN01798,Bangalore,1209,2,2,18.36,Unfurnished
IN01799,Mumbai,1737,1,2,15,Semi
IN01800,Kolkata,1262,4,1,15,Semi
IN01801,Bangalore,1660,3,2,21.67,Furnished
IN01802,Mumbai,365,2,2,15,Furnished
IN01803,Hyderabad,740,4,2,15,Unfurnished
IN01804,Bangalore,1563,3,3,15,Unfurnished
IN01805,Chennai,951,2,1,15,Unfurnished
IN01806,Hyderabad,1064,2,1,15,Unfurnished
IN01807,Bangalore,710,3,3,15,Unfurnished
IN01808,Kolkata,1045,2,1,15,Semi
IN01809,Delhi,2038,2,1,19.95,Unfurnished
IN01810,Mumbai,777,2,2,15,Furnished
IN01811,Hyderabad,1548,3,2,21.18,Semi
IN01812,Kolkata,1594,4,1,20.63,Furnished
IN01813,Chennai,1026,1,2,15,Semi
IN01814,Bangalore,1279,3,2,16.9,Semi
IN01815,Delhi,389,3,3,15,Furnished
IN01816,Hyderabad,1832,3,2,21.59,Semi
IN01817,Hyderabad,918,1,3,15,Unfurnished
IN01818,Chennai,1130,1,3,15,Unfurnished
IN01819,Bangalore,680,3,3,15,Furnished
IN01820,Kolkata,1090,1,1,15,Semi
IN01821,Delhi,1314,3,1,21.12,Unfurnished
IN01822,Hyderabad,835,4,2,15,Semi
IN01823,Delhi,1114,1,2,18.05,Furnished
IN01824,Hyderabad,523,3,2,15,Semi
IN01825,Bangalore,1273,3,2,16.29,Unfurnished
IN01826,Hyderabad,1106,4,2,15,Furnished
IN01827,Kolkata,926,2,2,15,Furnished
IN01828,Kolkata,1323,2,2,15,Furnished
IN01829,Mumbai,992,4,2,15,Furnished
IN01830,Mumbai,1343,2,2,20.36,Furnished
IN01831,Delhi,1120,3,2,18.03,Furnished
IN01832,Mumbai,1217,3,1,15.78,Furnished
IN01833,Bangalore,1126,2,2,23.17,Furnished
IN01834,Mumbai,922,2,1,15,Unfurnished
IN01835,Chennai,1298,3,1,15,Furnished
IN01836,Hyderabad,1725,1,2,20.34,Furnished
IN01837,Mumbai,1196,4,2,15,Semi
IN01838,Chennai,300,3,2,15,Semi
IN01839,Hyderabad,1006,4,3,15,Unfurnished
IN01840,Hyderabad,1904,3,2,27.17,Furnished
IN01841,Kolkata,1469,1,2,15,Unfurnished
IN01842,Hyderabad,1691,4,2,16.99,Unfurnished
IN01843,Hyderabad,489,1,3,15,Furnished
IN01844,Kolkata,1030,4,2,15,Furnished
IN01845,Kolkata,672,3,2,15,Unfurnished
IN01846,Kolkata,1069,2,2,15,Semi
IN01847,Chennai,2120,2,3,17.68,Semi
IN01848,Bangalore,1950,2,1,18.04,Furnished
IN01849,Delhi,1724,2,2,20.48,Unfurnished
IN01850,Bangalore,717,2,2,15,Semi
IN01851,Mumbai,1556,4,2,28.31,Unfurnished
IN01852,Mumbai,1515,4,1,22.61,Furnished
IN01853,Mumbai,999,1,3,16.1,Furnished
IN01854,Hyderabad,1202,3,2,15.62,Furnished
IN01855,Delhi,1058,2,2,17.53,Unfurnished
IN01856,Chennai,985,4,3,16.84,Furnished
IN01857,Kolkata,1266,3,2,19.17,Unfurnished
IN01858,Bangalore,1099,1,3,15,Unfurnished
IN01859,Delhi,777,3,3,15,Furnished
IN01860,Hyderabad,1338,3,3,15,Furnished
IN01861,Kolkata,1414,3,2,15,Semi
IN01862,Hyderabad,300,1,3,15,Semi
IN01863,Hyderabad,851,3,1,15,Furnished
IN01864,Chennai,1093,2,2,15,Semi
IN01865,Chennai,1301,2,1,15,Unfurnished
IN01866,Bangalore,522,3,2,15,Semi
IN01867,Delhi,864,1,3,15,Semi
IN01868,Hyderabad,1509,4,3,16.36,Unfurnished
IN01869,Chennai,1483,4,1,15,Semi
IN01870,Delhi,1029,3,2,15,Unfurnished
IN01871,Delhi,1428,3,2,15,Unfurnished
IN01872,Mumbai,1369,3,1,16.34,Semi
IN01873,Bangalore,951,3,2,15,Furnished
IN01874,Hyderabad,1175,2,1,15.09,Furnished
IN01875,Delhi,1518,3,2,24.81,Semi
IN01876,Hyderabad,971,3,1,15,Furnished
IN01877,Bangalore,423,2,2,15,Unfurnished
IN01878,Kolkata,975,2,3,15,Semi
IN01879,Bangalore,916,3,1,16.4,Unfurnished
IN01880,Hyderabad,1138,2,3,15,Unfurnished
IN01881,Hyderabad,1014,3,2,15,Semi
IN01882,Hyderabad,1608,2,1,16.42,Semi
IN01883,Chennai,300,2,2,15,Furnished
IN01884,Bangalore,300,2,2,15,Unfurnished
IN01885,Mumbai,636,3,1,15,Furnished
IN01886,Bangalore,1786,3,3,15,Semi
IN01887,Bangalore,371,3,3,15,Unfurnished
IN01888,Kolkata,886,1,3,15,Unfurnished
IN01889,Hyderabad,1131,4,3,17.18,Semi
IN01890,Chennai,1393,3,2,21.36,Unfurnished
IN01891,Kolkata,678,2,3,15,Furnished
IN01892,Chennai,1236,2,2,15,Unfurnished
IN01893,Delhi,300,3,1,15,Furnished
IN01894,Hyderabad,1019,1,2,15.93,Unfurnished
IN01895,Chennai,890,4,2,15,Semi
IN01896,Bangalore,631,1,1,15,Semi
IN01897,Chennai,1210,4,3,15.22,Furnished
IN01898,Mumbai,2091,3,2,33.58,Semi
IN01899,Kolkata,529,3,2,15,Furnished
IN01900,Delhi,1282,1,2,15,Unfurnished
IN01901,Bangalore,950,3,2,15,Unfurnished
IN01902,Mumbai,1637,3,2,16.93,Furnished
IN01903,Bangalore,441,2,3,15,Semi
IN01904,Chennai,1065,1,3,16.71,Unfurnished
IN01905,Delhi,388,1,2,15,Unfurnished
IN01906,Hyderabad,475,3,2,15,Unfurnished
IN01907,Bangalore,1514,1,3,17.87,Semi
IN01908,Bangalore,839,4,3,15,Semi
IN01909,Kolkata,1733,3,2,19.44,Furnished
IN01910,Chennai,1375,1,2,15,Semi
IN01911,Bangalore,1354,2,2,22.83,Semi
IN01912,Mumbai,752,4,3,15,Unfurnished
IN01913,Mumbai,1977,4,1,18.99,Semi
IN01914,Mumbai,826,2,1,15,Semi
IN01915,Bangalore,560,1,2,15,Unfurnished
IN01916,Hyderabad,2363,4,2,28.9,Unfurnished
IN01917,Mumbai,750,3,1,15,Semi
IN01918,Hyderabad,953,3,3,15,Semi
IN01919,Chennai,431,3,1,15,Semi
IN01920,Mumbai,1366,1,1,17.12,Unfurnished
IN01921,Delhi,773,3,2,15,Unfurnished
IN01922,Delhi,728,3,2,15,Furnished
IN01923,Kolkata,1148,2,2,15,Unfurnished
IN01924,Kolkata,1259,4,2,15,Furnished
IN01925,Hyderabad,725,3,2,15,Semi
IN01926,Mumbai,1396,1,1,22.36,Furnished
IN01927,Hyderabad,1213,4,1,15,Unfurnished
IN01928,Bangalore,2434,3,1,27.32,Semi
IN01929,Hyderabad,711,4,1,15,Semi
IN01930,Bangalore,680,2,1,15,Furnished
IN01931,Hyderabad,1668,2,2,32.52,Semi
IN01932,Chennai,693,2,2,15,Furnished
IN01933,Kolkata,1323,2,2,15,Semi
IN01934,Hyderabad,1019,3,2,18.0,Unfurnished
IN01935,Delhi,401,4,1,15,Furnished
IN01936,Chennai,1083,3,3,15,Unfurnished
IN01937,Delhi,1179,4,2,15,Unfurnished
IN01938,Kolkata,821,2,1,15,Unfurnished
IN01939,Hyderabad,1335,1,1,15,Furnished
IN01940,Delhi,709,2,1,15,Unfurnished
IN01941,Kolkata,508,3,3,15,Furnished
IN01942,Hyderabad,1180,2,3,15,Unfurnished
IN01943,Mumbai,579,2,2,15,Furnished
IN01944,Delhi,1232,3,2,15,Semi
IN01945,Bangalore,455,3,2,15,Semi
IN01946,Mumbai,1245,2,2,23.96,Furnished
IN01947,Chennai,1161,2,3,15,Unfurnished
IN01948,Bangalore,818,3,2,15,Unfurnished
IN01949,Chennai,1239,1,3,15,Semi
IN01950,Hyderabad,1182,1,3,18.89,Unfurnished
IN01951,Kolkata,834,2,2,15,Semi
IN01952,Chennai,1214,2,3,20.36,Semi
IN01953,Bangalore,1672,2,2,15,Semi
IN01954,Bangalore,637,4,3,15,Semi
IN01955,Hyderabad,1420,3,2,29.99,Unfurnished
IN01956,Bangalore,972,3,2,15.1,Semi
IN01957,Hyderabad,1856,3,2,37.03,Furnished
IN01958,Kolkata,429,2,1,15,Furnished
IN01959,Hyderabad,1381,1,2,15,Semi
IN01960,Hyderabad,1000,4,2,15,Unfurnished
IN01961,Delhi,1246,3,3,15,Semi
IN01962,Delhi,616,1,3,15,Semi
IN01963,Mumbai,2043,4,2,17.19,Unfurnished
IN01964,Chennai,1298,4,1,21.47,Unfurnished
IN01965,Mumbai,1509,2,2,24.18,Unfurnished
IN01966,Chennai,446,3,2,15,Unfurnished
IN01967,Mumbai,554,2,1,15,Unfurnished
IN01968,Mumbai,966,1,1,15,Unfurnished
IN01969,Hyderabad,1012,3,2,15.48,Unfurnished
IN01970,Bangalore,1125,4,2,15.99,Unfurnished
IN01971,Bangalore,1039,2,3,15,Unfurnished
IN01972,Bangalore,1505,2,2,16.99,Furnished
IN01973,Kolkata,1875,1,2,21.76,Furnished
IN01974,Kolkata,1935,3,2,16.6,Semi
IN01975,Mumbai,1315,2,2,21.42,Furnished
IN01976,Hyderabad,695,2,2,15,Unfurnished
IN01977,Mumbai,1271,2,3,18.83,Furnished
IN01978,Delhi,875,3,2,15,Furnished
IN01979,Bangalore,675,4,2,15,Semi
IN01980,Mumbai,1694,2,3,18.31,Semi
IN01981,Chennai,1830,1,1,15,Furnished
IN01982,Delhi,300,4,1,15,Unfurnished
IN01983,Delhi,300,3,3,15,Semi
IN01984,Mumbai,986,1,1,15,Unfurnished
IN01985,Bangalore,1331,3,3,15,Semi
IN01986,Delhi,607,4,2,15,Furnished
IN01987,Delhi,1459,4,3,22.34,Semi
IN01988,Delhi,763,2,2,15,Semi
IN01989,Mumbai,1410,2,2,17.98,Semi
IN01990,Bangalore,1266,3,2,18.23,Unfurnished
IN01991,Chennai,1538,2,3,15.82,Furnished
IN01992,Mumbai,1221,3,2,20.99,Semi
IN01993,Delhi,1519,3,2,25.13,Furnished
IN01994,Bangalore,748,3,1,15,Semi
IN01995,Bangalore,706,3,2,15,Unfurnished
IN01996,Mumbai,1810,3,1,24.31,Furnished
IN01997,Mumbai,420,3,2,15,Unfurnished
IN01998,Kolkata,365,2,1,15,Unfurnished
IN01999,Mumbai,572,1,3,15,Furnished
IN02000,Delhi,952,3,2,15,Unfurnished
IN02001,Mumbai,1254,3,2,25.44,Unfurnished
IN02002,Bangalore,1621,3,2,15,Furnished
IN02003,Kolkata,1794,4,2,30.53,Unfurnished
IN02004,Hyderabad,1430,2,2,17.98,Semi
IN02005,Mumbai,962,3,1,15,Unfurnished
IN02006,Delhi,1672,1,1,20.85,Unfurnished
IN02007,Kolkata,768,3,3,15,Semi
IN02008,Hyderabad,1283,3,2,15,Furnished
IN02009,Bangalore,1395,2,1,24.36,Furnished
IN02010,Chennai,767,3,3,15,Unfurnished
IN02011,Chennai,1415,3,1,15.11,Furnished
IN02012,Chennai,917,3,3,15,Furnished
IN02013,Chennai,863,1,2,15,Semi
IN02014,Mumbai,755,3,1,15,Unfurnished
IN02015,Chennai,1741,3,3,18.88,Furnished
IN02016,Chennai,1041,3,2,15,Semi
IN02017,Kolkata,1978,1,2,15,Furnished
IN02018,Delhi,300,1,1,15,Semi
IN02019,Kolkata,938,2,3,15.04,Furnished
IN02020,Bangalore,871,4,2,15,Unfurnished
IN02021,Kolkata,986,2,2,15,Unfurnished
IN02022,Bangalore,1072,2,2,18.38,Furnished
IN02023,Kolkata,847,3,2,15,Semi
IN02024,Bangalore,1006,4,1,15,Semi
IN02025,Bangalore,1216,2,1,25.28,Semi
IN02026,Chennai,1272,4,2,15,Unfurnished
IN02027,Bangalore,300,3,1,15,Unfurnished
IN02028,Hyderabad,1261,3,1,15,Furnished
IN02029,Hyderabad,697,2,3,15,Unfurnished
IN02030,Kolkata,1317,2,2,18.66,Semi
IN02031,Delhi,739,3,1,15,Unfurnished
IN02032,Kolkata,710,1,3,15,Semi
IN02033,Delhi,1327,1,2,21.15,Semi
IN02034,Chennai,1465,1,3,16.56,Unfurnished
IN02035,Chennai,1075,3,1,15,Unfurnished
IN02036,Kolkata,989,2,2,15,Unfurnished
IN02037,Chennai,1309,1,2,22.75,Furnished
IN02038,Hyderabad,1487,1,2,27.2,Furnished
IN02039,Delhi,643,3,3,15,Unfurnished
IN02040,Bangalore,300,3,1,15,Unfurnished
IN02041,Hyderabad,822,4,2,15,Semi
IN02042,Kolkata,1519,2,2,17.68,Unfurnished
IN02043,Mumbai,878,1,1,15,Furnished
IN02044,Delhi,1300,4,3,21.92,Furnished
IN02045,Hyderabad,715,3,3,15,Furnished
IN02046,Hyderabad,1155,1,3,15,Unfurnished
IN02047,Kolkata,779,2,2,15,Unfurnished
IN02048,Bangalore,681,1,1,15,Semi
IN02049,Delhi,1037,3,1,15,Unfurnished
IN02050,Bangalore,1306,1,2,21.03,Semi
IN02051,Hyderabad,1237,2,2,15.62,Unfurnished
IN02052,Kolkata,1472,2,3,15.46,Unfurnished
IN02053,Kolkata,1427,4,1,18.51,Semi
IN02054,Mumbai,607,2,2,15,Semi
IN02055,Delhi,694,2,2,15,Furnished
IN02056,Kolkata,355,2,3,15,Furnished
IN02057,Bangalore,1154,1,3,15,Semi
IN02058,Hyderabad,1065,1,2,15,Semi
IN02059,Delhi,832,1,1,15,Unfurnished
IN02060,Mumbai,978,2,2,15,Semi
IN02061,Bangalore,1247,2,2,15.51,Semi
IN02062,Chennai,834,4,1,15,Unfurnished
IN02063,Kolkata,1397,2,1,15,Semi
IN02064,Chennai,1287,2,2,20.74,Semi
IN02065,Mumbai,1009,2,3,15,Unfurnished
IN02066,Bangalore,1265,1,2,15,Semi
IN02067,Chennai,389,3,1,15,Semi
IN02068,Kolkata,731,4,1,15,Unfurnished
IN02069,Hyderabad,1002,4,3,15,Semi
IN02070,Bangalore,1409,2,1,15.05,Unfurnished
IN02071,Hyderabad,718,3,2,15,Semi
IN02072,Bangalore,1089,4,3,15.25,Unfurnished
IN02073,Bangalore,1388,2,2,20.72,Semi
IN02074,Delhi,1194,2,1,15,Unfurnished
IN02075,Mumbai,1704,1,1,15.09,Furnished
IN02076,Delhi,1084,1,2,16.96,Semi
IN02077,Chennai,1416,3,1,15,Unfurnished
IN02078,Chennai,300,1,3,15,Unfurnished
IN02079,Mumbai,1098,1,3,15,Unfurnished
IN02080,Kolkata,907,3,2,15,Semi
IN02081,Delhi,611,3,2,15,Unfurnished
IN02082,Chennai,1244,3,1,15,Unfurnished
IN02083,Hyderabad,1073,1,1,16.07,Furnished
IN02084,Bangalore,1093,2,3,15,Unfurnished
IN02085,Chennai,1282,2,2,16.02,Furnished
IN02086,Mumbai,1629,2,1,26.94,Furnished
IN02087,Mumbai,1080,2,2,19.92,Furnished
IN02088,Delhi,1381,1,3,24.62,Semi
IN02089,Chennai,1725,3,3,21.08,Unfurnished
IN02090,Bangalore,1358,4,1,15,Semi
IN02091,Chennai,1035,3,1,15,Furnished
IN02092,Delhi,974,2,2,15.54,Furnished
IN02093,Mumbai,300,2,2,15,Semi
IN02094,Chennai,947,3,2,15,Unfurnished
IN02095,Kolkata,300,2,2,15,Unfurnished
IN02096,Hyderabad,1063,2,3,15,Semi
IN02097,Hyderabad,844,3,3,15,Semi
IN02098,Hyderabad,1494,4,2,16.01,Semi
IN02099,Hyderabad,1758,1,2,25.36,Unfurnished
IN02100,Mumbai,1313,4,2,17.14,Furnished
IN02101,Chennai,1038,3,3,17.42,Semi
IN02102,Mumbai,1312,2,1,15,Furnished
IN02103,Hyderabad,1556,3,1,29.46,Furnished
IN02104,Mumbai,775,3,1,15,Furnished
IN02105,Hyderabad,932,2,1,15.04,Semi
IN02106,Mumbai,1834,1,2,33.01,Semi
IN02107,Chennai,1267,3,1,15,Semi
IN02108,Mumbai,1366,1,1,31.58,Semi
IN02109,Bangalore,1355,3,2,15.08,Furnished
IN02110,Hyderabad,863,2,2,21.56,Furnished
IN02111,Mumbai,1413,2,2,23.52,Furnished
IN02112,Bangalore,1477,1,2,15,Semi
IN02113,Delhi,1378,3,2,15,Unfurnished
IN02114,Kolkata,1100,3,2,15,Furnished
IN02115,Mumbai,1259,4,1,15,Unfurnished
IN02116,Bangalore,2005,1,2,15,Semi
IN02117,Chennai,1171,1,3,15,Semi
IN02118,Mumbai,1679,2,1,17.65,Semi
IN02119,Mumbai,2077,4,3,29.54,Furnished
IN02120,Mumbai,300,2,3,15,Unfurnished
IN02121,Delhi,1664,3,3,16.07,Furnished
IN02122,Kolkata,1704,2,2,15,Unfurnished
IN02123,Mumbai,2222,2,2,23.59,Furnished
IN02124,Kolkata,627,2,3,15,Unfurnished
IN02125,Mumbai,1321,1,2,15,Semi
IN02126,Kolkata,1224,1,1,23.0,Furnished
IN02127,Delhi,300,3,2,15,Furnished
IN02128,Mumbai,466,2,2,15,Unfurnished
IN02129,Chennai,539,2,2,15,Unfurnished
IN02130,Chennai,1236,4,2,18.52,Semi
IN02131,Chennai,1572,4,2,15.06,Semi
IN02132,Delhi,1826,1,2,25.23,Furnished
IN02133,Chennai,300,4,3,15,Unfurnished
IN02134,Bangalore,1384,1,3,18.79,Furnished
IN02135,Kolkata,583,3,1,15,Semi
IN02136,Bangalore,301,2,2,15,Furnished
IN02137,Mumbai,508,2,1,15,Unfurnished
IN02138,Kolkata,1153,2,2,15,Semi
IN02139,Delhi,1170,3,3,15,Unfurnished
IN02140,Chennai,759,2,3,16.19,Furnished
IN02141,Mumbai,1119,1,2,15,Unfurnished
IN02142,Chennai,1523,3,1,20.59,Semi
IN02143,Bangalore,688,2,2,15,Furnished
IN02144,Bangalore,750,1,2,15,Furnished
IN02145,Chennai,664,3,2,15,Semi
IN02146,Chennai,1295,2,3,15,Furnished
IN02147,Chennai,2446,4,2,30.5,Furnished
IN02148,Delhi,833,2,1,15,Unfurnished
IN02149,Kolkata,1599,4,2,19.82,Unfurnished
IN02150,Bangalore,1221,3,1,19.11,Semi
IN02151,Delhi,765,1,2,15,Unfurnished
IN02152,Kolkata,480,3,1,15,Furnished
IN02153,Kolkata,1189,2,2,17.13,Unfurnished
IN02154,Delhi,1041,1,2,15,Furnished
IN02155,Kolkata,784,2,2,15,Unfurnished
IN02156,Chennai,1149,2,3,15,Furnished
IN02157,Bangalore,797,2,1,15,Semi
IN02158,Kolkata,1056,1,1,15,Semi
IN02159,Delhi,1255,4,2,17.32,Semi
IN02160,Bangalore,1277,4,3,18.96,Furnished
IN02161,Hyderabad,1072,2,1,19.53,Unfurnished
IN02162,Hyderabad,1105,4,3,17.14,Semi
IN02163,Kolkata,549,3,2,15,Unfurnished
IN02164,Delhi,1027,4,1,15,Furnished
IN02165,Kolkata,1082,2,1,15,Semi
IN02166,Chennai,662,3,2,15,Furnished
IN02167,Bangalore,942,3,3,15,Furnished
IN02168,Delhi,300,4,3,15,Semi
IN02169,Mumbai,1407,2,2,15,Unfurnished
IN02170,Bangalore,1409,2,1,15,Furnished
IN02171,Bangalore,1945,2,3,17.83,Semi
IN02172,Mumbai,473,3,3,15,Furnished
IN02173,Chennai,1273,4,2,15,Furnished
IN02174,Mumbai,1266,3,3,15,Semi
IN02175,Hyderabad,376,4,1,15,Furnished
IN02176,Mumbai,1318,1,3,16.37,Semi
IN02177,Bangalore,805,1,2,15,Unfurnished
IN02178,Chennai,741,3,3,15,Unfurnished
IN02179,Kolkata,1860,4,1,22.07,Semi
IN02180,Kolkata,336,3,2,15,Semi
IN02181,Delhi,559,3,2,15,Unfurnished
IN02182,Mumbai,930,2,3,15,Semi
IN02183,Mumbai,2103,3,1,17.67,Semi
IN02184,Chennai,935,3,2,15,Semi
IN02185,Kolkata,681,4,2,15,Semi
IN02186,Chennai,1615,4,1,25.86,Furnished
IN02187,Chennai,1985,4,2,34.31,Unfurnished
IN02188,Mumbai,1593,2,3,20.67,Unfurnished
IN02189,Kolkata,841,2,2,15,Furnished
IN02190,Chennai,1028,4,3,15,Semi
IN02191,Delhi,527,2,3,15,Unfurnished
IN02192,Mumbai,1468,2,2,18.87,Semi
IN02193,Hyderabad,1423,2,1,20.11,Semi
IN02194,Kolkata,1565,3,3,15,Semi
IN02195,Bangalore,818,2,2,15,Furnished
IN02196,Bangalore,1402,3,3,16.08,Unfurnished
IN02197,Chennai,1575,2,1,15,Unfurnished
IN02198,Chennai,1173,2,2,15,Unfurnished
IN02199,Bangalore,300,1,3,15,Semi
IN02200,Delhi,591,2,2,15,Unfurnished
IN02201,Chennai,1385,3,2,20.74,Furnished
IN02202,Chennai,1482,4,1,16.01,Furnished
IN02203,Chennai,1181,3,1,15,Semi
IN02204,Delhi,836,2,3,15,Unfurnished
IN02205,Chennai,1139,3,1,15,Semi
IN02206,Kolkata,1224,4,2,15,Semi
IN02207,Hyderabad,1155,2,2,15,Unfurnished
IN02208,Mumbai,1238,1,3,15,Unfurnished
IN02209,Hyderabad,1684,3,3,15,Semi
IN02210,Delhi,1185,3,2,15,Unfurnished
IN02211,Bangalore,1413,4,1,25.81,Unfurnished
IN02212,Delhi,1735,3,2,28.73,Furnished
IN02213,Mumbai,507,2,2,15,Semi
IN02214,Hyderabad,1195,4,3,16.72,Unfurnished
IN02215,Hyderabad,1555,3,2,16.22,Semi
IN02216,Chennai,1158,2,2,15,Furnished
IN02217,Bangalore,1347,3,3,16.57,Semi
IN02218,Delhi,1865,3,3,17.97,Semi
IN02219,Chennai,300,1,2,15,Unfurnished
IN02220,Delhi,786,2,2,15,Semi
IN02221,Mumbai,823,2,2,15,Semi
IN02222,Hyderabad,1309,3,1,15.84,Semi
IN02223,Kolkata,1205,1,3,15,Semi
IN02224,Bangalore,1560,1,1,21.57,Unfurnished
IN02225,Hyderabad,1237,3,2,15,Furnished
IN02226,Hyderabad,1431,3,2,15,Unfurnished
IN02227,Chennai,1565,3,2,23.9,Unfurnished
IN02228,Chennai,763,2,1,15,Semi
IN02229,Bangalore,709,2,3,15,Furnished
IN02230,Chennai,1760,2,2,22.95,Semi
IN02231,Kolkata,548,3,3,15,Furnished
IN02232,Delhi,1424,2,2,15,Semi
IN02233,Delhi,810,3,2,15,Furnished
IN02234,Delhi,753,2,3,15,Unfurnished
IN02235,Kolkata,694,2,1,15,Unfurnished
IN02236,Mumbai,1198,4,2,15,Furnished
IN02237,Delhi,1651,1,1,30.78,Unfurnished
IN02238,Mumbai,1621,2,2,15,Semi
IN02239,Mumbai,885,2,1,15,Furnished
IN02240,Delhi,1231,3,1,17.19,Furnished
IN02241,Mumbai,1327,1,2,23.85,Unfurnished
IN02242,Hyderabad,954,4,2,15,Unfurnished
IN02243,Delhi,981,3,1,15,Furnished
IN02244,Hyderabad,914,2,2,15,Furnished
IN02245,Mumbai,531,1,2,15,Furnished
IN02246,Chennai,1642,3,3,26.67,Furnished
IN02247,Mumbai,1354,4,3,15,Unfurnished
IN02248,Bangalore,1324,4,3,24.31,Semi
IN02249,Mumbai,1557,4,3,19.79,Semi
IN02250,Bangalore,1743,4,2,28.38,Semi
IN02251,Delhi,780,1,2,15,Furnished
IN02252,Chennai,1252,2,2,15,Unfurnished
IN02253,Delhi,1125,1,3,15,Unfurnished
IN02254,Bangalore,1440,1,3,17.9,Unfurnished
IN02255,Kolkata,911,3,1,17.47,Semi
IN02256,Mumbai,1439,3,2,19.48,Unfurnished
IN02257,Delhi,300,3,2,15,Semi
IN02258,Chennai,351,2,2,15,Furnished
IN02259,Mumbai,619,2,3,15,Unfurnished
IN02260,Chennai,510,3,3,15,Semi
IN02261,Hyderabad,1490,3,2,15.06,Unfurnished
IN02262,Kolkata,533,3,2,15,Furnished
IN02263,Kolkata,765,4,2,15,Furnished
IN02264,Hyderabad,701,2,2,15,Semi
IN02265,Mumbai,613,4,2,15,Semi
IN02266,Hyderabad,1081,4,2,15,Semi
IN02267,Mumbai,359,3,2,15,Furnished
IN02268,Mumbai,1719,3,2,15,Semi
IN02269,Kolkata,498,3,2,15,Semi
IN02270,Delhi,1336,3,2,15.78,Semi
IN02271,Delhi,759,2,1,15,Unfurnished
IN02272,Chennai,1461,4,1,15,Unfurnished
IN02273,Bangalore,1639,3,2,19.25,Furnished
IN02274,Hyderabad,1348,2,3,20.73,Furnished
IN02275,Hyderabad,1072,1,3,15,Unfurnished
IN02276,Hyderabad,827,2,2,15,Furnished
IN02277,Bangalore,1633,3,2,28.62,Semi
IN02278,Mumbai,838,3,1,15,Semi
IN02279,Hyderabad,1381,2,1,15,Furnished
IN02280,Bangalore,662,4,2,15,Semi
IN02281,Delhi,1147,4,1,15,Semi
IN02282,Mumbai,1513,3,3,15.08,Semi
IN02283,Delhi,1307,3,2,20.66,Unfurnished
IN02284,Hyderabad,755,2,1,15,Semi
IN02285,Mumbai,469,2,1,15,Unfurnished
IN02286,Mumbai,683,2,2,15,Furnished
IN02287,Chennai,1228,2,3,16.27,Semi
IN02288,Mumbai,1357,2,1,15,Unfurnished
IN02289,Chennai,1422,1,2,20.09,Furnished
IN02290,Delhi,1580,3,2,15.61,Semi
IN02291,Chennai,1509,3,2,30.79,Unfurnished
IN02292,Kolkata,806,2,2,15,Furnished
IN02293,Mumbai,1217,3,2,16.42,Furnished
IN02294,Delhi,709,2,3,15,Furnished
IN02295,Delhi,1229,2,2,16.16,Semi
IN02296,Chennai,1553,2,3,24.27,Furnished
IN02297,Delhi,1252,4,2,15,Unfurnished
IN02298,Delhi,1188,2,3,15.87,Semi
IN02299,Bangalore,627,1,2,15,Unfurnished
IN02300,Delhi,745,2,1,15,Unfurnished
IN02301,Bangalore,381,2,3,15,Furnished
IN02302,Bangalore,1208,1,1,15.81,Furnished
IN02303,Kolkata,1411,3,3,15,Semi
IN02304,Kolkata,300,3,2,15,Furnished
IN02305,Bangalore,300,2,3,15,Unfurnished
IN02306,Mumbai,810,3,2,15,Unfurnished
IN02307,Kolkata,300,2,2,15,Semi
IN02308,Kolkata,1329,2,2,15,Furnished
IN02309,Hyderabad,1452,2,1,27.28,Furnished
IN02310,Bangalore,1095,2,2,19.51,Unfurnished
IN02311,Kolkata,895,4,3,15,Unfurnished
IN02312,Delhi,1698,4,3,17.36,Furnished
IN02313,Mumbai,1131,1,3,16.18,Semi
IN02314,Bangalore,715,2,3,15,Semi
IN02315,Mumbai,611,3,2,15,Unfurnished
IN02316,Kolkata,1490,1,2,24.53,Furnished
IN02317,Hyderabad,1618,3,1,15,Unfurnished
IN02318,Kolkata,1315,2,2,23.86,Furnished
IN02319,Bangalore,1266,2,1,18.72,Furnished
IN02320,Mumbai,1131,2,3,15,Semi
IN02321,Delhi,1384,1,2,20.96,Semi
IN02322,Chennai,862,4,1,15,Furnished
IN02323,Kolkata,1639,2,1,26.3,Furnished
IN02324,Kolkata,1849,3,2,32.79,Semi
IN02325,Kolkata,1313,2,2,18.59,Unfurnished
IN02326,Bangalore,1321,1,3,15,Semi
IN02327,Hyderabad,968,1,1,15,Unfurnished
IN02328,Mumbai,1333,1,3,20.34,Unfurnished
IN02329,Hyderabad,1031,2,2,15,Furnished
IN02330,Bangalore,2039,3,1,19.15,Furnished
IN02331,Kolkata,421,4,2,15,Unfurnished
IN02332,Chennai,1146,1,3,15,Furnished
IN02333,Kolkata,980,2,1,15.58,Semi
IN02334,Chennai,300,3,2,15,Furnished
IN02335,Chennai,1095,3,2,15,Furnished
IN02336,Hyderabad,1259,3,2,15,Unfurnished
IN02337,Chennai,1351,4,2,30.59,Semi
IN02338,Mumbai,806,3,1,15,Semi
IN02339,Bangalore,1465,3,1,15,Unfurnished
IN02340,Delhi,797,2,2,15,Furnished
IN02341,Delhi,1644,2,3,22.36,Semi
IN02342,Chennai,967,3,3,15,Unfurnished
IN02343,Mumbai,924,3,1,15,Unfurnished
IN02344,Delhi,383,3,3,15,Furnished
IN02345,Delhi,926,3,3,15,Semi
IN02346,Mumbai,485,4,2,15,Furnished
IN02347,Chennai,1393,2,2,17.52,Semi
IN02348,Bangalore,1355,3,2,18.03,Unfurnished
IN02349,Kolkata,1459,4,3,23.18,Semi
IN02350,Hyderabad,825,4,1,15,Semi
IN02351,Hyderabad,1304,4,3,15,Furnished
IN02352,Mumbai,1227,2,2,15,Furnished
IN02353,Mumbai,1035,4,1,15,Unfurnished
IN02354,Mumbai,1718,2,1,31.15,Furnished
IN02355,Delhi,483,2,1,15,Semi
IN02356,Chennai,656,4,2,15,Furnished
IN02357,Delhi,908,3,2,15,Furnished
IN02358,Kolkata,810,4,1,15,Semi
IN02359,Bangalore,839,2,2,15,Semi
IN02360,Kolkata,1042,2,2,15,Unfurnished
IN02361,Kolkata,1177,3,1,15,Semi
IN02362,Bangalore,1163,3,2,15.3,Semi
IN02363,Hyderabad,1091,4,3,15,Semi
IN02364,Chennai,1154,1,1,15,Furnished
IN02365,Delhi,1268,3,1,20.61,Unfurnished
IN02366,Mumbai,747,3,2,15,Semi
IN02367,Mumbai,880,2,1,15,Furnished
IN02368,Chennai,1158,1,2,21.3,Unfurnished
IN02369,Chennai,1214,2,1,15,Furnished
IN02370,Kolkata,804,2,2,15,Semi
IN02371,Mumbai,717,2,3,15,Furnished
IN02372,Kolkata,805,3,2,15,Unfurnished
IN02373,Bangalore,1226,1,1,18.7,Furnished
IN02374,Delhi,684,1,2,15,Furnished
IN02375,Hyderabad,973,1,1,15,Semi
IN02376,Hyderabad,1987,3,2,15.67,Unfurnished
IN02377,Delhi,961,3,1,18.96,Semi
IN02378,Kolkata,2328,4,1,32.8,Semi
IN02379,Delhi,376,4,3,15,Unfurnished
IN02380,Delhi,1278,4,2,21.14,Semi
IN02381,Hyderabad,1232,1,1,15,Semi
IN02382,Chennai,741,3,2,15,Unfurnished
IN02383,Kolkata,1084,4,2,16.53,Semi
IN02384,Kolkata,874,1,2,15,Unfurnished
IN02385,Mumbai,1809,1,2,26.1,Unfurnished
IN02386,Hyderabad,651,2,1,15,Semi
IN02387,Chennai,980,2,1,20.36,Semi
IN02388,Chennai,1416,4,2,20.94,Semi
IN02389,Kolkata,826,2,2,15,Unfurnished
IN02390,Mumbai,300,3,3,15,Furnished
IN02391,Kolkata,1863,2,3,30.14,Unfurnished
IN02392,Mumbai,745,2,2,15,Unfurnished
IN02393,Kolkata,1895,3,3,23.73,Unfurnished
IN02394,Bangalore,1010,2,3,15.07,Semi
IN02395,Mumbai,1221,3,2,15,Semi
IN02396,Hyderabad,883,3,3,15,Furnished
IN02397,Delhi,1279,2,1,15,Unfurnished
IN02398,Hyderabad,586,3,2,15,Unfurnished
IN02399,Delhi,1544,1,2,19.71,Semi
IN02400,Chennai,1010,2,3,15,Unfurnished
IN02401,Chennai,1286,4,2,17.04,Unfurnished
IN02402,Hyderabad,1434,2,2,25.34,Semi
IN02403,Hyderabad,1288,3,2,26.65,Unfurnished
IN02404,Hyderabad,1428,3,2,15.89,Unfurnished
IN02405,Hyderabad,1425,3,1,19.92,Semi
IN02406,Bangalore,1645,2,3,15,Unfurnished
IN02407,Chennai,1332,3,2,15,Furnished
IN02408,Mumbai,1143,2,2,16.19,Unfurnished
IN02409,Kolkata,2127,2,3,23.04,Furnished
IN02410,Mumbai,778,4,1,15,Semi
IN02411,Kolkata,1668,3,1,16.94,Furnished
IN02412,Delhi,1215,2,2,21.06,Semi
IN02413,Hyderabad,1774,3,3,25.53,Semi
IN02414,Bangalore,1134,3,2,15,Semi
IN02415,Mumbai,1448,3,3,16.14,Furnished
IN02416,Mumbai,590,2,3,15,Unfurnished
IN02417,Mumbai,573,1,3,15,Unfurnished
IN02418,Mumbai,1388,1,3,15.07,Semi
IN02419,Hyderabad,1329,3,1,15,Semi
IN02420,Kolkata,1239,2,1,22.68,Furnished
IN02421,Chennai,889,2,2,15,Unfurnished
IN02422,Chennai,1179,1,3,15,Semi
IN02423,Mumbai,768,4,2,15,Semi
IN02424,Kolkata,1198,3,2,21.65,Semi
IN02425,Chennai,1297,3,3,21.33,Semi
IN02426,Kolkata,1247,4,3,15,Unfurnished
IN02427,Kolkata,300,3,2,15,Semi
IN02428,Hyderabad,1599,2,2,15,Unfurnished
IN02429,Mumbai,1892,2,3,19.08,Furnished
IN02430,Kolkata,1504,2,3,15,Semi
IN02431,Bangalore,639,2,1,15,Unfurnished
IN02432,Chennai,1171,3,2,16.11,Unfurnished
IN02433,Mumbai,870,3,3,15,Unfurnished
IN02434,Chennai,1086,2,3,15,Unfurnished
IN02435,Bangalore,562,4,2,15,Semi
IN02436,Mumbai,1514,3,2,19.03,Furnished
IN02437,Kolkata,1116,2,1,15,Semi
IN02438,Chennai,2390,3,1,30.63,Furnished
IN02439,Chennai,1196,4,2,16.65,Semi
IN02440,Delhi,882,3,3,15,Furnished
IN02441,Chennai,1365,3,2,15,Unfurnished
IN02442,Chennai,1151,1,2,15.94,Semi
IN02443,Mumbai,1753,3,2,19.19,Furnished
IN02444,Kolkata,829,2,3,15,Semi
IN02445,Hyderabad,984,2,1,15,Furnished
IN02446,Delhi,1372,3,2,15,Unfurnished
IN02447,Kolkata,857,1,2,15,Furnished
IN02448,Kolkata,501,1,1,15,Furnished
IN02449,Mumbai,1645,1,2,20.35,Semi
IN02450,Delhi,1361,1,2,15.64,Semi
IN02451,Hyderabad,1724,3,3,15,Furnished
IN02452,Bangalore,788,2,1,15,Furnished
IN02453,Chennai,1131,3,2,15,Unfurnished
IN02454,Mumbai,1195,4,2,15,Semi
IN02455,Kolkata,1557,3,3,15,Furnished
IN02456,Kolkata,1129,3,2,19.82,Semi
IN02457,Delhi,967,2,3,15,Semi
IN02458,Kolkata,1210,3,1,20.5,Unfurnished
IN02459,Kolkata,609,1,3,15,Unfurnished
IN02460,Bangalore,300,4,2,15,Furnished
IN02461,Chennai,1910,1,3,15.65,Semi
IN02462,Bangalore,1505,2,1,20.07,Semi
IN02463,Hyderabad,687,2,1,15,Semi
IN02464,Bangalore,1266,4,3,15,Unfurnished
IN02465,Kolkata,1366,2,2,21.95,Furnished
IN02466,Bangalore,813,1,2,15,Unfurnished
IN02467,Delhi,1233,4,1,15.4,Furnished
IN02468,Chennai,564,3,1,15,Semi
IN02469,Hyderabad,1738,2,1,21.51,Semi
IN02470,Delhi,842,3,2,15,Furnished
IN02471,Delhi,1477,3,1,17.42,Semi
IN02472,Bangalore,1615,2,1,28.74,Unfurnished
IN02473,Hyderabad,1355,2,1,15,Semi
IN02474,Kolkata,1388,2,2,15,Furnished
IN02475,Kolkata,300,3,2,15,Furnished
IN02476,Delhi,1236,1,2,15,Semi
IN02477,Chennai,748,2,3,15,Unfurnished
IN02478,Hyderabad,548,3,2,15,Furnished
IN02479,Chennai,730,1,2,15,Furnished
IN02480,Kolkata,1254,2,1,15,Semi
IN02481,Hyderabad,1928,2,2,25.49,Furnished
IN02482,Delhi,1034,4,2,15,Unfurnished
IN02483,Hyderabad,784,2,3,15,Unfurnished
IN02484,Hyderabad,995,3,2,15,Furnished
IN02485,Delhi,1283,2,2,18.45,Furnished
IN02486,Chennai,987,4,2,15.05,Furnished
IN02487,Mumbai,686,4,2,15,Unfurnished
IN02488,Bangalore,1051,4,2,15,Semi
IN02489,Chennai,1292,2,1,23.74,Unfurnished
IN02490,Hyderabad,300,2,2,15,Unfurnished
IN02491,Bangalore,1309,3,2,15,Semi
IN02492,Delhi,320,1,1,15,Furnished
IN02493,Kolkata,1260,2,2,18.46,Furnished
IN02494,Mumbai,1178,2,1,15.68,Furnished
IN02495,Delhi,779,1,1,15,Semi
IN02496,Bangalore,1431,4,1,15,Semi
IN02497,Delhi,1299,4,1,20.82,Semi
IN02498,Bangalore,1864,1,3,33.36,Unfurnished
IN02499,Bangalore,536,2,1,15,Unfurnished
IN02500,Mumbai,486,4,2,15,Furnished
IN02501,Chennai,1061,4,2,15,Unfurnished
IN02502,Delhi,867,1,1,15,Furnished
IN02503,Chennai,1357,2,2,15,Unfurnished
IN02504,Mumbai,1505,3,3,16.27,Unfurnished
IN02505,Bangalore,1480,1,3,18.98,Furnished
IN02506,Hyderabad,1134,3,3,15,Furnished
IN02507,Delhi,685,1,2,15,Unfurnished
IN02508,Kolkata,322,2,2,15,Unfurnished
IN02509,Chennai,468,3,2,15,Unfurnished
IN02510,Kolkata,1136,3,1,20.29,Unfurnished
IN02511,Chennai,1938,3,3,24.14,Semi
IN02512,Hyderabad,680,2,3,15,Furnished
IN02513,Mumbai,1796,3,2,17.16,Semi
IN02514,Hyderabad,1382,1,2,16.15,Furnished
IN02515,Delhi,913,3,1,15,Furnished
IN02516,Mumbai,1888,2,1,33.2,Unfurnished
IN02517,Mumbai,934,2,3,15,Semi
IN02518,Hyderabad,759,3,3,15,Unfurnished
IN02519,Chennai,1130,2,1,15,Semi
IN02520,Chennai,300,4,3,15,Semi
IN02521,Delhi,837,1,3,15,Furnished
IN02522,Chennai,1537,4,2,15,Furnished
IN02523,Delhi,1532,2,1,17.88,Semi
IN02524,Chennai,851,3,3,15,Furnished
IN02525,Delhi,1336,4,2,22.32,Unfurnished
IN02526,Chennai,1333,4,2,15,Furnished
IN02527,Kolkata,819,2,2,15,Semi
IN02528,Mumbai,1933,1,2,21.61,Semi
IN02529,Chennai,960,3,2,15,Furnished
IN02530,Hyderabad,775,2,3,15,Unfurnished
IN02531,Kolkata,914,4,2,15,Unfurnished
IN02532,Bangalore,1304,4,3,19.73,Semi
IN02533,Delhi,691,4,3,15,Unfurnished
IN02534,Kolkata,992,4,2,15,Semi
IN02535,Chennai,1059,3,1,15,Semi
IN02536,Mumbai,1112,4,2,20.53,Furnished
IN02537,Mumbai,537,3,3,15,Furnished
IN02538,Kolkata,945,1,3,15,Furnished
IN02539,Chennai,1502,2,2,15.59,Semi
IN02540,Kolkata,991,2,3,15,Semi
IN02541,Chennai,1424,4,3,15,Furnished
IN02542,Delhi,1062,4,3,15,Furnished
IN02543,Bangalore,522,2,1,15,Furnished
IN02544,Hyderabad,1384,2,2,15,Furnished
IN02545,Kolkata,553,2,2,15,Semi
IN02546,Bangalore,1606,1,2,20.85,Unfurnished
IN02547,Delhi,723,2,3,15,Unfurnished
IN02548,Delhi,902,3,2,15,Furnished
IN02549,Kolkata,1286,3,3,16.44,Furnished
IN02550,Delhi,897,2,2,15.17,Unfurnished
IN02551,Hyderabad,309,4,1,15,Unfurnished
IN02552,Bangalore,961,2,3,15,Semi
IN02553,Mumbai,1520,3,2,21.99,Semi
IN02554,Hyderabad,886,3,1,15,Unfurnished
IN02555,Bangalore,1043,1,1,15,Furnished
IN02556,Bangalore,1281,4,2,19.82,Semi
IN02557,Hyderabad,1006,3,3,15,Unfurnished
IN02558,Hyderabad,1875,4,2,21.2,Unfurnished
IN02559,Chennai,881,4,3,15,Furnished
IN02560,Chennai,961,1,2,15,Semi
IN02561,Chennai,954,3,2,15,Semi
IN02562,Chennai,819,1,2,15,Unfurnished
IN02563,Bangalore,1109,3,2,15,Furnished
IN02564,Mumbai,1708,4,2,25.56,Semi
IN02565,Hyderabad,1899,3,2,15,Unfurnished
IN02566,Bangalore,1127,3,2,15.11,Unfurnished
IN02567,Bangalore,458,2,2,15,Unfurnished
IN02568,Hyderabad,624,2,2,15,Semi
IN02569,Hyderabad,1409,1,1,18.74,Furnished
IN02570,Mumbai,1234,1,2,15.73,Furnished
IN02571,Hyderabad,1062,1,2,15,Furnished
IN02572,Chennai,1045,2,2,15,Semi
IN02573,Chennai,996,2,2,15,Semi
IN02574,Mumbai,1780,2,1,25.73,Furnished
IN02575,Delhi,300,1,2,15,Semi
IN02576,Mumbai,1112,3,3,15,Unfurnished
IN02577,Hyderabad,1177,4,2,15,Semi
IN02578,Delhi,1079,2,2,15,Unfurnished
IN02579,Chennai,932,3,3,15,Unfurnished
IN02580,Chennai,300,2,3,15,Furnished
IN02581,Mumbai,1384,2,2,16.56,Unfurnished
IN02582,Chennai,300,2,2,15,Furnished
IN02583,Bangalore,1761,3,1,18.41,Furnished
IN02584,Delhi,792,1,2,15,Unfurnished
IN02585,Hyderabad,444,3,2,15,Semi
IN02586,Mumbai,1102,2,2,17.93,Unfurnished
IN02587,Bangalore,1450,1,1,15,Unfurnished
IN02588,Hyderabad,1349,1,1,15.76,Semi
IN02589,Mumbai,1744,4,2,27.76,Unfurnished
IN02590,Bangalore,1943,2,2,31.17,Unfurnished
IN02591,Chennai,862,4,3,15,Unfurnished
IN02592,Delhi,1415,4,2,15,Unfurnished
IN02593,Bangalore,983,3,3,15,Unfurnished
IN02594,Chennai,1338,4,1,15,Unfurnished
IN02595,Hyderabad,420,4,2,15,Unfurnished
IN02596,Chennai,691,3,2,15,Semi
IN02597,Kolkata,819,1,3,15,Furnished
IN02598,Mumbai,1121,3,3,19.82,Semi
IN02599,Mumbai,747,3,2,15,Furnished
IN02600,Bangalore,868,3,2,15,Semi
IN02601,Bangalore,986,2,2,15,Unfurnished
IN02602,Mumbai,747,1,2,15,Furnished
IN02603,Kolkata,605,2,3,15,Furnished
IN02604,Bangalore,1059,4,2,15,Unfurnished
IN02605,Mumbai,1023,1,2,15,Unfurnished
IN02606,Hyderabad,783,4,2,15,Unfurnished
IN02607,Delhi,705,2,2,15,Unfurnished
IN02608,Chennai,1325,1,2,15,Unfurnished
IN02609,Delhi,1400,4,2,27.88,Unfurnished
IN02610,Delhi,888,2,1,15,Furnished
IN02611,Kolkata,854,1,1,15,Furnished
IN02612,Mumbai,1373,3,2,17.86,Unfurnished
IN02613,Chennai,1009,3,3,15,Semi
IN02614,Hyderabad,1622,2,2,18.22,Semi
IN02615,Bangalore,1557,3,3,15,Unfurnished
IN02616,Delhi,476,3,1,15,Furnished
IN02617,Chennai,887,4,2,15,Semi
IN02618,Delhi,1100,1,2,16.99,Semi
IN02619,Bangalore,922,4,2,15,Semi
IN02620,Kolkata,300,2,2,15,Furnished
IN02621,Bangalore,1470,4,2,23.92,Furnished
IN02622,Hyderabad,1225,2,3,15,Semi
IN02623,Kolkata,300,3,2,15,Semi
IN02624,Delhi,982,2,2,15,Semi
IN02625,Hyderabad,2042,3,2,15,Semi
IN02626,Kolkata,1543,2,3,15,Semi
IN02627,Chennai,1646,3,1,23.34,Unfurnished
IN02628,Hyderabad,846,2,2,15.61,Furnished
IN02629,Hyderabad,300,2,3,15,Semi
IN02630,Hyderabad,1120,3,2,18.58,Unfurnished
IN02631,Kolkata,1367,2,2,22.12,Semi
IN02632,Kolkata,2322,2,3,22.93,Unfurnished
IN02633,Mumbai,845,2,2,15,Semi
IN02634,Kolkata,688,4,2,15,Furnished
IN02635,Delhi,1076,3,3,15.05,Semi
IN02636,Hyderabad,673,4,1,15,Furnished
IN02637,Delhi,300,2,3,15,Unfurnished
IN02638,Chennai,1105,1,2,17.89,Unfurnished
IN02639,Hyderabad,807,2,3,15,Furnished
IN02640,Chennai,1608,4,2,19.79,Furnished
IN02641,Kolkata,300,2,2,15,Unfurnished
IN02642,Kolkata,1199,2,2,15.7,Unfurnished
IN02643,Chennai,1441,2,3,21.77,Semi
IN02644,Hyderabad,1208,2,2,15,Unfurnished
IN02645,Mumbai,560,3,2,15,Unfurnished
IN02646,Hyderabad,712,2,2,15,Furnished
IN02647,Delhi,932,2,2,15,Semi
IN02648,Bangalore,561,3,3,15,Unfurnished
IN02649,Mumbai,300,2,1,15,Semi
IN02650,Bangalore,947,2,3,15,Furnished
IN02651,Delhi,2141,2,2,25.43,Furnished
IN02652,Mumbai,529,3,2,15,Semi
IN02653,Bangalore,1146,3,3,15.81,Semi
IN02654,Hyderabad,1367,2,2,20.93,Unfurnished
IN02655,Delhi,1201,2,3,16.59,Semi
IN02656,Kolkata,1384,4,3,15.52,Furnished
IN02657,Bangalore,1865,2,3,22.28,Unfurnished
IN02658,Kolkata,1584,2,1,20.09,Furnished
IN02659,Hyderabad,1458,2,3,15,Unfurnished
IN02660,Hyderabad,1265,3,3,15,Unfurnished
IN02661,Bangalore,300,2,2,15,Unfurnished
IN02662,Delhi,1558,2,2,20.57,Furnished
IN02663,Bangalore,1325,3,3,19.43,Furnished
IN02664,Kolkata,1389,4,2,20.23,Semi
IN02665,Mumbai,1444,4,3,25.27,Semi
IN02666,Kolkata,715,2,1,15,Unfurnished
IN02667,Mumbai,520,3,3,15,Unfurnished
IN02668,Kolkata,1358,2,2,16.31,Furnished
IN02669,Bangalore,1464,3,2,15,Unfurnished
IN02670,Bangalore,930,4,3,15,Furnished
IN02671,Bangalore,544,4,2,15,Semi
IN02672,Hyderabad,1287,4,1,15,Furnished
IN02673,Mumbai,1268,3,2,15.98,Semi
IN02674,Bangalore,1157,3,3,20.23,Furnished
IN02675,Bangalore,300,2,2,15,Unfurnished
IN02676,Delhi,1072,3,2,15,Unfurnished
IN02677,Bangalore,1637,2,2,15,Furnished
IN02678,Bangalore,1847,3,2,15,Furnished
IN02679,Kolkata,1608,3,3,21.36,Unfurnished
IN02680,Kolkata,2060,2,3,25.88,Unfurnished
IN02681,Mumbai,1700,2,3,20.81,Unfurnished
IN02682,Delhi,736,3,1,15,Furnished
IN02683,Hyderabad,980,2,3,15.63,Semi
IN02684,Delhi,1273,2,1,19.43,Unfurnished
IN02685,Hyderabad,300,1,3,15,Unfurnished
IN02686,Delhi,1288,2,2,15,Semi
IN02687,Kolkata,300,3,2,15,Semi
IN02688,Kolkata,2139,2,3,24.46,Semi
IN02689,Hyderabad,1027,2,2,15,Semi
IN02690,Delhi,1550,1,1,15,Unfurnished
IN02691,Bangalore,458,3,3,15,Semi
IN02692,Chennai,1095,1,2,15,Unfurnished
IN02693,Bangalore,710,1,3,15,Unfurnished
IN02694,Delhi,952,2,2,18.21,Semi
IN02695,Delhi,1857,3,2,37.43,Furnished
IN02696,Bangalore,653,3,1,15,Semi
IN02697,Kolkata,771,2,1,15,Unfurnished
IN02698,Kolkata,1752,4,1,15.65,Unfurnished
IN02699,Chennai,1320,2,3,21.93,Semi
IN02700,Bangalore,710,1,2,15,Semi
IN02701,Delhi,1287,2,3,23.03,Unfurnished
IN02702,Kolkata,1052,4,2,15,Furnished
IN02703,Delhi,930,2,2,15,Semi
IN02704,Hyderabad,1376,2,2,15,Semi
IN02705,Chennai,1307,2,2,23.97,Semi
IN02706,Delhi,883,3,3,15,Furnished
IN02707,Bangalore,1355,1,1,15,Unfurnished
IN02708,Chennai,1028,4,1,15,Unfurnished
IN02709,Chennai,1174,3,2,17.18,Unfurnished
IN02710,Kolkata,1706,1,3,15,Unfurnished
IN02711,Kolkata,826,1,2,15,Furnished
IN02712,Bangalore,926,2,2,15,Semi
IN02713,Delhi,606,2,2,15,Unfurnished
IN02714,Delhi,1025,2,2,15.3,Furnished
IN02715,Delhi,1376,3,3,15,Semi
IN02716,Kolkata,1382,3,2,16.95,Unfurnished
IN02717,Chennai,523,3,3,15,Semi
IN02718,Chennai,1363,2,2,15,Unfurnished
IN02719,Delhi,716,1,2,15,Semi
IN02720,Delhi,1007,2,3,15,Semi
IN02721,Kolkata,939,1,2,15.57,Unfurnished
IN02722,Hyderabad,1718,2,2,15,Unfurnished
IN02723,Chennai,1163,2,2,18.34,Furnished
IN02724,Mumbai,1551,3,1,15,Unfurnished
IN02725,Chennai,1693,3,1,32.81,Furnished
IN02726,Kolkata,478,1,2,15,Semi
IN02727,Kolkata,821,4,2,15,Unfurnished
IN02728,Kolkata,1592,3,3,15,Furnished
IN02729,Kolkata,1270,1,3,20.98,Semi
IN02730,Hyderabad,1119,2,2,18.91,Unfurnished
IN02731,Mumbai,1412,2,2,15,Furnished
IN02732,Kolkata,955,4,2,15,Semi
IN02733,Bangalore,806,3,3,15,Semi
IN02734,Kolkata,691,2,3,15,Furnished
IN02735,Bangalore,882,4,2,15.36,Furnished
IN02736,Bangalore,982,2,2,15,Furnished
IN02737,Delhi,1732,4,2,23.81,Furnished
IN02738,Chennai,949,1,3,15,Unfurnished
IN02739,Hyderabad,1656,4,3,18.79,Unfurnished
IN02740,Delhi,2003,3,2,32.01,Furnished
IN02741,Delhi,300,3,2,15,Semi
IN02742,Delhi,1362,1,2,24.67,Unfurnished
IN02743,Kolkata,1095,4,2,15,Furnished
IN02744,Kolkata,1561,2,3,30.18,Unfurnished
IN02745,Hyderabad,1430,2,3,15,Furnished
IN02746,Hyderabad,1426,2,2,15,Semi
IN02747,Hyderabad,889,2,1,15,Unfurnished
IN02748,Mumbai,1930,2,3,41.0,Unfurnished
IN02749,Delhi,401,4,3,15,Furnished
IN02750,Bangalore,1510,3,1,15,Semi
IN02751,Hyderabad,336,3,2,15,Semi
IN02752,Delhi,669,2,3,15,Semi
IN02753,Kolkata,1113,2,1,15,Unfurnished
IN02754,Chennai,1520,2,3,20.16,Semi
IN02755,Chennai,1008,3,1,15,Unfurnished
IN02756,Mumbai,1360,3,2,17.33,Semi
IN02757,Mumbai,1129,3,1,15,Semi
IN02758,Chennai,1212,2,3,15,Furnished
IN02759,Kolkata,993,3,2,15,Unfurnished
IN02760,Bangalore,823,4,2,15,Semi
IN02761,Hyderabad,898,3,3,15,Semi
IN02762,Hyderabad,331,3,2,15,Semi
IN02763,Hyderabad,1400,3,2,16.05,Semi
IN02764,Bangalore,300,2,3,15,Furnished
IN02765,Bangalore,1515,2,2,19.16,Unfurnished
IN02766,Mumbai,465,2,2,15,Furnished
IN02767,Chennai,1954,2,3,22.05,Semi
IN02768,Bangalore,300,4,2,15,Furnished
IN02769,Delhi,1236,2,2,15,Unfurnished
IN02770,Delhi,1294,2,2,15,Semi
IN02771,Mumbai,482,3,1,15,Furnished
IN02772,Kolkata,1580,4,3,22.52,Unfurnished
IN02773,Kolkata,1592,3,1,15,Semi
IN02774,Kolkata,1466,2,1,16.03,Semi
IN02775,Chennai,1198,4,3,18.34,Unfurnished
IN02776,Kolkata,1229,1,2,15,Furnished
IN02777,Kolkata,951,4,2,19.56,Unfurnished
IN02778,Bangalore,1497,1,3,24.47,Furnished
IN02779,Kolkata,303,3,1,15,Furnished
IN02780,Bangalore,772,2,3,15,Furnished
IN02781,Mumbai,1496,2,3,18.23,Semi
IN02782,Chennai,1121,3,3,15,Furnished
IN02783,Chennai,729,3,3,15,Unfurnished
IN02784,Bangalore,1427,4,1,15,Semi
IN02785,Kolkata,1543,3,2,23.08,Semi
IN02786,Hyderabad,611,1,2,15,Furnished
IN02787,Hyderabad,1054,2,2,15,Semi
IN02788,Kolkata,1372,3,2,15,Furnished
IN02789,Hyderabad,772,2,2,15,Semi
IN02790,Kolkata,944,2,2,15,Semi
IN02791,Hyderabad,1544,4,3,18.18,Furnished
IN02792,Chennai,1616,1,2,16.5,Semi
IN02793,Kolkata,1623,3,3,25.73,Semi
IN02794,Delhi,1176,1,2,16.32,Unfurnished
IN02795,Kolkata,1300,2,3,15.5,Semi
IN02796,Chennai,574,3,1,15,Unfurnished
IN02797,Chennai,1334,4,2,16.42,Unfurnished
IN02798,Delhi,1368,2,2,15,Unfurnished
IN02799,Bangalore,649,4,2,15,Semi
IN02800,Mumbai,1255,3,2,15,Semi
IN02801,Kolkata,1449,1,3,28.25,Semi
IN02802,Mumbai,653,2,2,15,Semi
IN02803,Hyderabad,554,3,2,15,Furnished
IN02804,Bangalore,892,2,3,15,Semi
IN02805,Hyderabad,1146,3,2,19.13,Furnished
IN02806,Delhi,1303,2,2,23.07,Unfurnished
IN02807,Chennai,943,3,3,15,Furnished
IN02808,Chennai,1318,2,3,26.23,Furnished
IN02809,Delhi,391,2,1,15,Semi
IN02810,Delhi,1084,4,3,17.33,Unfurnished
IN02811,Hyderabad,971,1,1,17.51,Semi
IN02812,Kolkata,1729,3,3,24.6,Semi
IN02813,Mumbai,1156,2,2,17.67,Furnished
IN02814,Delhi,1275,1,3,15,Furnished
IN02815,Chennai,1519,3,2,17.0,Semi
IN02816,Chennai,1462,4,2,17.13,Furnished
IN02817,Chennai,926,2,2,15,Furnished
IN02818,Chennai,789,2,2,15,Furnished
IN02819,Bangalore,633,1,3,15,Furnished
IN02820,Hyderabad,2113,3,3,34.48,Furnished
IN02821,Bangalore,1589,2,2,15,Semi
IN02822,Bangalore,1228,4,2,15,Unfurnished
IN02823,Bangalore,817,2,2,15,Unfurnished
IN02824,Hyderabad,1594,4,2,18.0,Semi
IN02825,Mumbai,1291,3,2,20.96,Furnished
IN02826,Bangalore,757,4,1,15,Furnished
IN02827,Bangalore,1043,3,2,15,Unfurnished
IN02828,Hyderabad,1312,3,1,24.4,Semi
IN02829,Bangalore,1208,2,2,15,Furnished
IN02830,Bangalore,988,1,3,15,Unfurnished
IN02831,Chennai,930,4,1,15,Unfurnished
IN02832,Kolkata,1096,2,1,15,Unfurnished
IN02833,Kolkata,1213,3,1,15,Semi
IN02834,Hyderabad,1906,2,3,17.37,Unfurnished
IN02835,Bangalore,630,2,2,15,Semi
IN02836,Bangalore,1991,3,1,36.93,Semi
IN02837,Bangalore,1689,3,2,18.2,Furnished
IN02838,Bangalore,1417,2,1,20.27,Semi
IN02839,Chennai,1203,2,2,15,Semi
IN02840,Bangalore,1080,2,2,15,Furnished
IN02841,Bangalore,1012,4,3,15,Semi
IN02842,Hyderabad,1265,3,1,15,Furnished
IN02843,Bangalore,1513,1,3,15,Unfurnished
IN02844,Hyderabad,1580,2,1,15,Furnished
IN02845,Mumbai,704,4,1,15,Furnished
IN02846,Delhi,1251,1,1,21.74,Unfurnished
IN02847,Hyderabad,1008,2,2,15,Semi
IN02848,Kolkata,1085,3,3,15,Furnished
IN02849,Mumbai,868,3,1,15,Unfurnished
IN02850,Hyderabad,1257,1,2,15,Semi
IN02851,Mumbai,703,1,1,15,Semi
IN02852,Mumbai,397,3,2,15,Unfurnished
IN02853,Mumbai,949,3,3,16.39,Furnished
IN02854,Delhi,1251,2,3,15.57,Semi
IN02855,Mumbai,971,4,2,15,Unfurnished
IN02856,Hyderabad,1612,1,2,21.79,Unfurnished
IN02857,Kolkata,1209,1,3,15,Furnished
IN02858,Bangalore,390,2,3,15,Semi
IN02859,Hyderabad,1516,4,2,19.5,Furnished
IN02860,Mumbai,1690,1,1,23.65,Furnished
IN02861,Hyderabad,963,1,2,18.63,Semi
IN02862,Bangalore,1696,3,2,15,Unfurnished
IN02863,Delhi,965,2,2,18.29,Furnished
IN02864,Kolkata,1170,4,1,15,Unfurnished
IN02865,Chennai,1272,2,3,15,Unfurnished
IN02866,Chennai,1631,4,3,15,Unfurnished
IN02867,Hyderabad,1105,4,3,15,Unfurnished
IN02868,Mumbai,1896,3,2,25.66,Unfurnished
IN02869,Mumbai,943,1,3,15,Unfurnished
IN02870,Kolkata,1673,1,2,15,Semi
IN02871,Mumbai,846,2,2,15,Furnished
IN02872,Bangalore,923,2,3,15,Furnished
IN02873,Kolkata,489,4,2,15,Semi
IN02874,Delhi,2012,3,2,24.66,Unfurnished
IN02875,Hyderabad,516,3,3,15,Unfurnished
IN02876,Hyderabad,976,3,2,15,Unfurnished
IN02877,Mumbai,1526,3,2,19.97,Semi
IN02878,Delhi,1039,2,1,15,Semi
IN02879,Mumbai,789,1,3,15,Unfurnished
IN02880,Hyderabad,1650,2,3,18.4,Semi
IN02881,Delhi,596,4,2,15,Semi
IN02882,Hyderabad,1477,2,1,16.05,Furnished
IN02883,Mumbai,467,2,2,15,Unfurnished
IN02884,Delhi,590,4,2,15,Unfurnished
IN02885,Kolkata,558,2,2,15,Unfurnished
IN02886,Delhi,2434,2,3,19.73,Unfurnished
IN02887,Chennai,607,3,3,15,Semi
IN02888,Chennai,1642,3,1,17.79,Unfurnished
IN02889,Chennai,833,3,2,15,Semi
IN02890,Mumbai,1238,4,1,15.54,Semi
IN02891,Bangalore,1754,3,3,32.39,Unfurnished
IN02892,Mumbai,642,2,2,15,Furnished
IN02893,Delhi,300,2,1,15,Unfurnished
IN02894,Hyderabad,1472,3,2,34.12,Semi
IN02895,Delhi,952,4,2,15,Furnished
IN02896,Bangalore,793,2,2,15,Furnished
IN02897,Chennai,1053,1,2,15,Unfurnished
IN02898,Hyderabad,1036,4,1,15,Furnished
IN02899,Hyderabad,1024,3,2,16.03,Furnished
IN02900,Delhi,1565,1,2,23.23,Unfurnished
IN02901,Kolkata,1480,3,2,24.03,Unfurnished
IN02902,Kolkata,1181,2,2,15.74,Furnished
IN02903,Delhi,757,2,3,15,Furnished
IN02904,Chennai,1121,3,3,15,Semi
IN02905,Mumbai,1496,4,2,23.19,Furnished
IN02906,Hyderabad,1358,3,3,15.8,Unfurnished
IN02907,Chennai,617,2,2,15,Furnished
IN02908,Bangalore,970,3,3,15,Furnished
IN02909,Hyderabad,2116,1,2,31.59,Semi
IN02910,Bangalore,1533,4,1,23.16,Furnished
IN02911,Hyderabad,879,2,1,15.25,Furnished
IN02912,Chennai,955,3,1,16.69,Unfurnished
IN02913,Chennai,1081,2,2,15,Semi
IN02914,Hyderabad,1461,2,2,25.83,Unfurnished
IN02915,Delhi,981,1,1,15,Furnished
IN02916,Hyderabad,675,3,1,15,Semi
IN02917,Hyderabad,2049,4,3,38.51,Furnished
IN02918,Hyderabad,1484,4,3,18.53,Semi
IN02919,Hyderabad,1850,2,1,22.25,Semi
IN02920,Delhi,947,1,2,15,Unfurnished
IN02921,Mumbai,853,1,2,15,Unfurnished
IN02922,Chennai,1031,3,2,15,Furnished
IN02923,Kolkata,968,3,2,15,Semi
IN02924,Bangalore,1325,1,2,22.25,Furnished
IN02925,Hyderabad,1091,1,2,15,Unfurnished
IN02926,Bangalore,1468,1,2,15,Semi
IN02927,Hyderabad,840,3,1,15,Furnished
IN02928,Chennai,1249,2,2,15,Semi
IN02929,Bangalore,1103,1,3,20.61,Semi
IN02930,Delhi,1082,4,2,17.45,Semi
IN02931,Kolkata,551,3,2,15,Unfurnished
IN02932,Delhi,1123,1,3,15,Furnished
IN02933,Chennai,810,1,3,15,Unfurnished
IN02934,Kolkata,300,4,3,15,Furnished
IN02935,Bangalore,461,3,2,15,Unfurnished
IN02936,Kolkata,1159,1,1,17.78,Furnished
IN02937,Delhi,300,1,2,15,Unfurnished
IN02938,Mumbai,932,2,1,15,Furnished
IN02939,Mumbai,1375,1,2,15,Semi
IN02940,Bangalore,1170,3,3,15,Unfurnished
IN02941,Delhi,1208,3,1,15,Furnished
IN02942,Chennai,1672,2,3,17.74,Furnished
IN02943,Chennai,1471,2,2,15,Semi
IN02944,Chennai,611,2,1,15,Unfurnished
IN02945,Hyderabad,1267,1,1,18.15,Unfurnished
IN02946,Chennai,1473,4,2,17.16,Semi
IN02947,Hyderabad,312,4,1,15,Furnished
IN02948,Bangalore,999,2,2,15,Semi
IN02949,Mumbai,1588,4,1,22.23,Unfurnished
IN02950,Kolkata,1319,4,3,15,Furnished
IN02951,Mumbai,1494,3,1,15,Furnished
IN02952,Hyderabad,1300,1,1,15,Semi
IN02953,Kolkata,1728,4,2,40.51,Furnished
IN02954,Kolkata,417,3,3,15,Unfurnished
IN02955,Bangalore,1308,3,3,16.25,Unfurnished
IN02956,Kolkata,1005,3,3,15,Unfurnished
IN02957,Hyderabad,458,3,3,15,Semi
IN02958,Bangalore,648,3,2,15,Furnished
IN02959,Mumbai,994,2,2,15,Unfurnished
IN02960,Bangalore,1703,2,3,23.5,Furnished
IN02961,Mumbai,1290,2,2,15.86,Unfurnished
IN02962,Kolkata,2012,2,2,22.48,Semi
IN02963,Delhi,1260,4,2,15,Unfurnished
IN02964,Hyderabad,979,2,2,15.88,Unfurnished
IN02965,Mumbai,1704,3,2,18.53,Unfurnished
IN02966,Mumbai,521,4,2,15,Furnished
IN02967,Delhi,1584,4,1,24.11,Furnished
IN02968,Chennai,1333,1,1,15,Semi
IN02969,Chennai,1074,3,3,15,Unfurnished
IN02970,Chennai,845,1,3,15,Semi
IN02971,Mumbai,1150,3,2,18.99,Semi
IN02972,Kolkata,1229,3,2,15,Semi
IN02973,Hyderabad,1597,2,1,19.93,Furnished
IN02974,Delhi,522,4,3,15,Unfurnished
IN02975,Kolkata,1694,2,2,35.01,Semi
IN02976,Bangalore,1228,2,2,15,Unfurnished
IN02977,Hyderabad,1374,3,1,15,Unfurnished
IN02978,Mumbai,1102,2,3,21.9,Unfurnished
IN02979,Mumbai,1313,3,3,15,Furnished
IN02980,Bangalore,1291,4,1,15,Unfurnished
IN02981,Hyderabad,300,3,2,15,Unfurnished
IN02982,Mumbai,1102,1,3,17.9,Semi
IN02983,Delhi,1668,2,3,15,Semi
IN02984,Hyderabad,1068,3,3,15,Semi
IN02985,Chennai,1535,2,2,23.69,Semi
IN02986,Bangalore,1410,3,3,17.49,Semi
IN02987,Bangalore,1018,2,2,17.53,Semi
IN02988,Hyderabad,880,3,2,15,Furnished
IN02989,Chennai,1242,2,3,17.35,Semi
IN02990,Bangalore,870,1,3,15,Furnished
IN02991,Hyderabad,1205,4,2,17.0,Semi
IN02992,Chennai,786,2,2,15,Unfurnished
IN02993,Chennai,1305,2,1,16.79,Unfurnished
IN02994,Hyderabad,2139,1,2,28.49,Semi
IN02995,Hyderabad,2117,3,3,36.29,Unfurnished
IN02996,Delhi,1586,2,3,15,Unfurnished
IN02997,Delhi,1744,1,3,27.17,Unfurnished
IN02998,Chennai,1468,4,2,19.0,Unfurnished
IN02999,Hyderabad,1203,3,2,15,Furnished
IN03000,Kolkata,1976,1,3,30.87,Unfurnished
IN03001,Chennai,1135,1,2,15.59,Unfurnished
IN03002,Mumbai,1572,4,1,29.0,Furnished
IN03003,Hyderabad,545,2,1,15,Furnished
IN03004,Delhi,1859,2,2,21.4,Furnished
IN03005,Kolkata,1446,2,1,15.95,Semi
IN03006,Delhi,1452,3,1,20.9,Furnished
IN03007,Delhi,1018,2,2,18.52,Unfurnished
IN03008,Delhi,987,2,1,15,Furnished
IN03009,Bangalore,1112,1,2,15,Semi
IN03010,Bangalore,1540,3,1,15,Unfurnished
IN03011,Mumbai,1159,4,2,15,Unfurnished
IN03012,Delhi,1280,3,2,21.0,Furnished
IN03013,Chennai,820,3,2,15,Furnished
IN03014,Chennai,1080,4,1,15,Unfurnished
IN03015,Delhi,1549,3,2,35.62,Semi
IN03016,Hyderabad,1276,3,3,20.87,Furnished
IN03017,Mumbai,1262,1,3,17.55,Unfurnished
IN03018,Hyderabad,1056,4,3,15,Furnished
IN03019,Mumbai,1253,3,2,16.35,Semi
IN03020,Kolkata,576,4,2,15,Unfurnished
IN03021,Bangalore,390,2,2,15,Furnished
IN03022,Mumbai,1666,1,1,18.47,Semi
IN03023,Bangalore,1397,2,1,15,Furnished
IN03024,Delhi,342,2,2,15,Furnished
IN03025,Kolkata,546,2,1,15,Furnished
IN03026,Delhi,1311,3,1,19.68,Unfurnished
IN03027,Chennai,975,1,1,15,Furnished
IN03028,Kolkata,903,2,3,15,Unfurnished
IN03029,Mumbai,753,2,1,15,Furnished
IN03030,Chennai,1139,3,2,17.37,Semi
IN03031,Mumbai,1677,2,2,18.85,Furnished
IN03032,Chennai,868,3,1,15,Semi
IN03033,Chennai,1002,3,1,15,Unfurnished
IN03034,Kolkata,2169,3,3,15,Semi
IN03035,Hyderabad,834,1,1,15,Semi
IN03036,Kolkata,1119,4,2,26.58,Furnished
IN03037,Hyderabad,1328,4,2,18.63,Semi
IN03038,Hyderabad,300,3,3,15,Furnished
IN03039,Kolkata,1071,2,2,17.27,Unfurnished
IN03040,Delhi,409,2,3,15,Semi
IN03041,Mumbai,1329,2,3,15,Semi
IN03042,Hyderabad,1256,3,2,15,Semi
IN03043,Chennai,1257,4,2,15,Unfurnished
IN03044,Kolkata,1006,3,1,15,Furnished
IN03045,Bangalore,613,4,2,15,Furnished
IN03046,Hyderabad,506,3,2,15,Semi
IN03047,Hyderabad,1142,1,2,15,Furnished
IN03048,Mumbai,1017,4,3,15,Furnished
IN03049,Chennai,1200,3,1,17.75,Unfurnished
IN03050,Mumbai,300,2,2,15,Semi
IN03051,Bangalore,880,1,1,15,Semi
IN03052,Hyderabad,1501,1,2,20.79,Furnished
IN03053,Bangalore,1313,2,3,24.5,Semi
IN03054,Delhi,991,1,1,15,Semi
IN03055,Hyderabad,1536,2,3,28.42,Furnished
IN03056,Chennai,367,2,2,15,Unfurnished
IN03057,Mumbai,1283,1,1,15,Semi
IN03058,Mumbai,1926,3,2,26.32,Furnished
IN03059,Bangalore,435,4,3,15,Semi
IN03060,Hyderabad,313,2,1,15,Semi
IN03061,Mumbai,1434,1,2,28.11,Semi
IN03062,Hyderabad,973,3,3,15,Unfurnished
IN03063,Mumbai,1360,2,1,15,Semi
IN03064,Kolkata,300,4,1,15,Semi
IN03065,Mumbai,945,3,3,15,Unfurnished
IN03066,Hyderabad,1201,4,1,15,Semi
IN03067,Mumbai,1107,2,3,15,Semi
IN03068,Chennai,300,4,2,15,Semi
IN03069,Kolkata,1186,1,1,15,Semi
IN03070,Mumbai,810,2,1,15,Furnished
IN03071,Bangalore,1414,3,2,24.29,Semi
IN03072,Mumbai,1225,2,2,15,Unfurnished
IN03073,Mumbai,1129,2,3,18.4,Unfurnished
IN03074,Mumbai,1455,3,3,15,Semi
IN03075,Hyderabad,1363,3,2,15,Unfurnished
IN03076,Chennai,1279,1,2,15,Furnished
IN03077,Kolkata,669,2,3,15,Furnished
IN03078,Delhi,1128,2,2,18.38,Furnished
IN03079,Hyderabad,796,3,3,15,Semi
IN03080,Chennai,1969,2,2,25.81,Unfurnished
IN03081,Hyderabad,1317,3,2,23.15,Unfurnished
IN03082,Kolkata,836,2,2,15,Semi
IN03083,Bangalore,1396,1,2,23.75,Semi
IN03084,Bangalore,300,1,1,15,Furnished
IN03085,Delhi,300,3,3,15,Furnished
IN03086,Delhi,968,2,3,15,Unfurnished
IN03087,Bangalore,1458,2,3,25.67,Furnished
IN03088,Delhi,1900,1,2,22.91,Furnished
IN03089,Kolkata,300,3,3,15,Semi
IN03090,Kolkata,1717,2,3,15,Unfurnished
IN03091,Bangalore,1546,3,1,15,Semi
IN03092,Bangalore,1331,3,1,20.5,Semi
IN03093,Delhi,1202,2,1,20.21,Furnished
IN03094,Kolkata,545,2,2,15,Furnished
IN03095,Bangalore,1391,3,1,17.54,Semi
IN03096,Chennai,300,4,3,15,Unfurnished
IN03097,Chennai,1417,1,2,15,Semi
IN03098,Hyderabad,1292,3,3,15,Semi
IN03099,Mumbai,1225,1,1,15,Semi
IN03100,Kolkata,926,1,2,15,Furnished
IN03101,Bangalore,978,1,1,15,Furnished
IN03102,Kolkata,1618,3,3,29.09,Furnished
IN03103,Kolkata,985,3,1,15,Furnished
IN03104,Kolkata,857,3,2,15,Unfurnished
IN03105,Kolkata,994,1,2,15,Unfurnished
IN03106,Bangalore,759,3,2,15,Semi
IN03107,Mumbai,803,3,1,15,Furnished
IN03108,Kolkata,988,2,2,15,Unfurnished
IN03109,Kolkata,1701,2,3,27.04,Unfurnished
IN03110,Chennai,1146,3,2,15,Furnished
IN03111,Hyderabad,1392,4,3,15,Semi
IN03112,Delhi,2179,4,2,28.19,Semi
IN03113,Delhi,1111,1,1,16.95,Semi
IN03114,Hyderabad,2086,1,3,29.05,Semi
IN03115,Delhi,574,3,3,15,Semi
IN03116,Chennai,968,2,3,15,Furnished
IN03117,Kolkata,1146,4,1,15.21,Furnished
IN03118,Kolkata,1479,3,3,15,Furnished
IN03119,Mumbai,1051,3,1,15,Unfurnished
IN03120,Chennai,679,2,2,15,Furnished
IN03121,Delhi,1298,4,3,15,Semi
IN03122,Bangalore,949,2,1,16.54,Unfurnished
IN03123,Mumbai,1619,3,2,15,Furnished
IN03124,Kolkata,1872,3,2,16.38,Unfurnished
IN03125,Bangalore,465,2,2,15,Furnished
IN03126,Bangalore,763,1,3,15,Unfurnished
IN03127,Chennai,1070,1,3,15,Semi
IN03128,Chennai,1138,2,2,19.55,Furnished
IN03129,Delhi,457,3,2,15,Semi
IN03130,Kolkata,742,4,1,15,Unfurnished
IN03131,Delhi,813,4,2,15,Furnished
IN03132,Kolkata,1477,4,3,15,Semi
IN03133,Kolkata,1312,3,3,15,Semi
IN03134,Bangalore,1102,3,2,22.21,Furnished
IN03135,Chennai,300,4,1,15,Unfurnished
IN03136,Hyderabad,1497,2,3,22.79,Semi
IN03137,Bangalore,1708,3,2,28.63,Unfurnished
IN03138,Kolkata,1455,4,1,16.77,Unfurnished
IN03139,Bangalore,827,2,1,15,Furnished
IN03140,Chennai,1498,2,3,15,Semi
IN03141,Mumbai,1087,4,2,15,Furnished
IN03142,Hyderabad,1043,3,3,15,Unfurnished
IN03143,Delhi,869,2,2,15,Semi
IN03144,Hyderabad,756,3,2,15,Unfurnished
IN03145,Hyderabad,1005,1,2,16.66,Furnished
IN03146,Mumbai,1793,2,2,26.4,Furnished
IN03147,Bangalore,1313,1,2,19.92,Unfurnished
IN03148,Bangalore,877,2,2,15,Unfurnished
IN03149,Bangalore,891,1,2,15,Furnished
IN03150,Chennai,1109,3,1,18.61,Unfurnished
IN03151,Mumbai,1469,2,1,19.89,Unfurnished
IN03152,Chennai,777,2,2,15,Semi
IN03153,Hyderabad,628,1,3,15,Semi
IN03154,Delhi,917,2,2,15,Furnished
IN03155,Delhi,1217,1,2,16.32,Semi
IN03156,Mumbai,877,4,3,15,Semi
IN03157,Chennai,972,3,2,19.05,Furnished
IN03158,Mumbai,1643,1,2,15,Unfurnished
IN03159,Kolkata,1125,2,3,15,Semi
IN03160,Bangalore,300,3,1,15,Unfurnished
IN03161,Hyderabad,1598,2,2,21.97,Unfurnished
IN03162,Mumbai,300,1,3,15,Semi
IN03163,Delhi,529,3,3,15,Furnished
IN03164,Delhi,1023,4,2,15,Unfurnished
IN03165,Chennai,1903,3,3,30.66,Furnished
IN03166,Chennai,968,2,2,15,Semi
IN03167,Hyderabad,300,4,3,15,Unfurnished
IN03168,Mumbai,1445,2,2,26.78,Furnished
IN03169,Hyderabad,300,1,1,15,Semi
IN03170,Hyderabad,747,2,2,16.35,Unfurnished
IN03171,Chennai,578,2,2,15,Unfurnished
IN03172,Delhi,1485,4,2,15,Unfurnished
IN03173,Kolkata,1329,4,2,21.47,Unfurnished
IN03174,Kolkata,1473,3,3,18.76,Unfurnished
IN03175,Hyderabad,1186,1,2,18.47,Furnished
IN03176,Chennai,1413,2,2,16.56,Semi
IN03177,Mumbai,846,3,3,15,Semi
IN03178,Hyderabad,1596,2,2,16.09,Furnished
IN03179,Kolkata,546,3,1,15,Semi
IN03180,Delhi,474,2,1,15,Unfurnished
IN03181,Hyderabad,1081,2,1,15,Unfurnished
IN03182,Chennai,1194,4,3,15,Unfurnished
IN03183,Delhi,840,3,1,15,Furnished
IN03184,Kolkata,1800,1,2,22.75,Furnished
IN03185,Mumbai,1079,1,1,15,Semi
IN03186,Chennai,702,2,2,15,Unfurnished
IN03187,Hyderabad,1560,3,2,26.66,Unfurnished
IN03188,Kolkata,756,3,1,15,Semi
IN03189,Kolkata,900,3,1,15,Furnished
IN03190,Mumbai,1283,2,1,15.26,Semi
IN03191,Hyderabad,1528,3,2,19.73,Semi
IN03192,Mumbai,763,2,3,15,Semi
IN03193,Mumbai,737,3,2,15,Furnished
IN03194,Chennai,1941,2,1,16.8,Furnished
IN03195,Kolkata,688,1,2,15,Semi
IN03196,Kolkata,649,2,2,15,Furnished
IN03197,Delhi,1113,2,3,15,Semi
IN03198,Hyderabad,701,1,2,15,Semi
IN03199,Chennai,772,2,1,15,Semi
IN03200,Bangalore,1467,1,1,15.43,Furnished
IN03201,Kolkata,1301,4,2,15,Furnished
IN03202,Bangalore,1232,2,2,15,Furnished
IN03203,Bangalore,1614,2,2,28.94,Semi
IN03204,Chennai,814,1,2,15,Furnished
IN03205,Chennai,909,3,3,15,Furnished
IN03206,Hyderabad,742,3,1,15,Semi
IN03207,Delhi,1275,3,3,15,Unfurnished
IN03208,Chennai,1292,4,2,15.6,Furnished
IN03209,Hyderabad,1946,1,2,29.1,Unfurnished
IN03210,Kolkata,655,1,3,15,Unfurnished
IN03211,Delhi,1158,4,2,15,Unfurnished
IN03212,Bangalore,1255,3,1,15,Unfurnished
IN03213,Chennai,815,2,3,15,Unfurnished
IN03214,Mumbai,1255,3,3,15,Furnished
IN03215,Chennai,1833,4,1,15,Unfurnished
IN03216,Hyderabad,1364,3,2,20.16,Unfurnished
IN03217,Hyderabad,725,3,2,15,Semi
IN03218,Mumbai,1561,1,1,16.5,Unfurnished
IN03219,Bangalore,427,2,3,15,Semi
IN03220,Mumbai,586,4,3,15,Semi
IN03221,Hyderabad,1244,1,2,17.48,Furnished
IN03222,Chennai,873,3,2,15,Semi
IN03223,Kolkata,1000,4,2,15,Unfurnished
IN03224,Bangalore,825,3,1,15,Unfurnished
IN03225,Chennai,796,2,2,15,Furnished
IN03226,Hyderabad,957,2,1,15,Semi
IN03227,Hyderabad,461,2,2,15,Furnished
IN03228,Hyderabad,1322,3,3,17.46,Semi
IN03229,Chennai,1490,3,3,16.11,Semi
IN03230,Chennai,1148,3,3,15,Semi
IN03231,Kolkata,1811,4,2,21.7,Unfurnished
IN03232,Chennai,1919,3,2,25.74,Furnished
IN03233,Delhi,1045,4,1,15,Furnished
IN03234,Chennai,1049,3,3,15.73,Furnished
IN03235,Bangalore,1266,2,2,15.57,Unfurnished
IN03236,Hyderabad,1476,1,3,15,Furnished
IN03237,Delhi,1306,1,2,17.38,Semi
IN03238,Bangalore,1883,1,2,25.52,Unfurnished
IN03239,Bangalore,1087,1,2,16.11,Unfurnished
IN03240,Chennai,1521,4,1,20.63,Semi
IN03241,Bangalore,1388,3,2,17.68,Semi
IN03242,Mumbai,560,1,2,15,Furnished
IN03243,Kolkata,1266,3,1,15,Semi
IN03244,Delhi,300,1,2,15,Unfurnished
IN03245,Hyderabad,1142,1,3,15,Furnished
IN03246,Delhi,822,4,2,15,Semi
IN03247,Bangalore,869,4,1,15,Semi
IN03248,Hyderabad,1623,2,2,29.95,Unfurnished
IN03249,Bangalore,895,1,1,15,Semi
IN03250,Hyderabad,1579,1,2,15,Semi
IN03251,Kolkata,1292,4,3,15.8,Unfurnished
IN03252,Bangalore,634,1,3,15,Semi
IN03253,Hyderabad,459,2,2,15,Semi
IN03254,Bangalore,1472,4,2,21.22,Unfurnished
IN03255,Hyderabad,1632,2,2,15,Unfurnished
IN03256,Chennai,300,4,1,15,Semi
IN03257,Hyderabad,923,2,3,15,Semi
IN03258,Mumbai,1354,4,3,16.05,Furnished
IN03259,Bangalore,1205,3,3,16.07,Unfurnished
IN03260,Kolkata,300,1,2,15,Semi
IN03261,Hyderabad,300,3,3,15,Unfurnished
IN03262,Chennai,1728,2,1,15,Furnished
IN03263,Bangalore,888,2,1,15,Semi
IN03264,Mumbai,709,1,2,15,Unfurnished
IN03265,Chennai,421,3,1,15,Unfurnished
IN03266,Delhi,300,3,3,15,Semi
IN03267,Chennai,1423,4,1,15,Semi
IN03268,Chennai,1020,4,3,15,Unfurnished
IN03269,Mumbai,885,4,2,15,Semi
IN03270,Kolkata,1639,3,2,15,Furnished
IN03271,Delhi,901,1,2,15,Semi
IN03272,Mumbai,300,2,1,15,Semi
IN03273,Hyderabad,1338,3,3,15,Furnished
IN03274,Mumbai,1175,2,1,20.36,Semi
IN03275,Chennai,1403,1,2,15,Unfurnished
IN03276,Hyderabad,632,1,2,15,Furnished
IN03277,Chennai,405,4,3,15,Unfurnished
IN03278,Bangalore,641,3,3,15,Unfurnished
IN03279,Mumbai,1599,2,2,22.36,Furnished
IN03280,Mumbai,300,2,1,15,Unfurnished
IN03281,Chennai,689,1,1,15,Unfurnished
IN03282,Delhi,1153,3,2,15,Unfurnished
IN03283,Mumbai,1399,2,3,21.76,Unfurnished
IN03284,Delhi,1185,3,1,15,Furnished
IN03285,Bangalore,1115,3,1,15,Semi
IN03286,Chennai,1281,1,3,15,Furnished
IN03287,Bangalore,1479,4,3,15,Furnished
IN03288,Kolkata,1051,1,1,15,Semi
IN03289,Kolkata,1091,2,2,15,Semi
IN03290,Chennai,1088,2,1,15,Unfurnished
IN03291,Chennai,651,1,2,15,Furnished
IN03292,Bangalore,1538,4,1,18.98,Furnished
IN03293,Bangalore,544,2,3,15,Semi
IN03294,Chennai,1283,3,2,15,Furnished
IN03295,Kolkata,1656,2,1,15,Unfurnished
IN03296,Bangalore,1362,1,2,15,Furnished
IN03297,Bangalore,1384,2,2,19.46,Furnished
IN03298,Hyderabad,565,3,2,15,Unfurnished
IN03299,Delhi,1229,4,3,15,Unfurnished
IN03300,Hyderabad,1438,3,3,17.35,Unfurnished
IN03301,Delhi,1593,2,3,22.42,Unfurnished
IN03302,Kolkata,1321,2,1,16.05,Unfurnished
IN03303,Mumbai,1335,1,2,15.41,Furnished
IN03304,Hyderabad,391,1,3,15,Unfurnished
IN03305,Bangalore,807,2,3,15,Furnished
IN03306,Hyderabad,567,2,1,15,Furnished
IN03307,Delhi,1545,3,1,15,Semi
IN03308,Delhi,1236,2,1,15,Unfurnished
IN03309,Bangalore,995,1,3,15,Unfurnished
IN03310,Kolkata,1453,1,1,23.25,Furnished
IN03311,Hyderabad,1779,4,2,15,Semi
IN03312,Mumbai,1462,3,1,15,Unfurnished
IN03313,Delhi,1580,4,1,15,Semi
IN03314,Chennai,613,2,2,15,Furnished
IN03315,Bangalore,300,2,1,15,Furnished
IN03316,Mumbai,2183,2,1,32.73,Unfurnished
IN03317,Bangalore,1223,3,2,17.26,Furnished
IN03318,Hyderabad,1756,2,2,15,Unfurnished
IN03319,Mumbai,805,1,2,15,Unfurnished
IN03320,Mumbai,1335,3,2,15,Semi
IN03321,Mumbai,1297,4,2,15.67,Unfurnished
IN03322,Hyderabad,1603,3,3,16.25,Unfurnished
IN03323,Bangalore,747,4,2,15,Furnished
IN03324,Kolkata,948,2,3,15,Furnished
IN03325,Mumbai,390,4,3,15,Furnished
IN03326,Mumbai,1323,3,2,15,Furnished
IN03327,Mumbai,300,3,2,15,Unfurnished
IN03328,Delhi,1324,4,2,16.28,Furnished
IN03329,Hyderabad,1564,3,1,22.04,Furnished
IN03330,Mumbai,423,1,2,15,Furnished
IN03331,Delhi,539,3,1,15,Semi
IN03332,Kolkata,797,4,2,15,Unfurnished
IN03333,Kolkata,902,3,2,15.38,Semi
IN03334,Delhi,1135,3,2,19.76,Furnished
IN03335,Mumbai,1848,1,2,21.37,Semi
IN03336,Chennai,1365,2,2,15.53,Semi
IN03337,Bangalore,932,1,2,15,Unfurnished
IN03338,Mumbai,1549,3,1,17.55,Unfurnished
IN03339,Kolkata,612,2,2,15,Furnished
IN03340,Bangalore,916,3,1,15,Unfurnished
IN03341,Mumbai,1244,2,1,19.33,Furnished
IN03342,Hyderabad,1514,2,2,15,Semi
IN03343,Mumbai,592,3,2,15,Semi
IN03344,Mumbai,2316,2,2,36.64,Semi
IN03345,Bangalore,1233,2,2,15,Furnished
IN03346,Bangalore,1024,4,3,15,Furnished
IN03347,Kolkata,1106,2,2,15,Unfurnished
IN03348,Hyderabad,1368,3,1,15,Unfurnished
IN03349,Kolkata,1005,4,2,15,Furnished
IN03350,Chennai,910,2,1,15,Furnished
IN03351,Kolkata,1185,1,1,15,Furnished
IN03352,Mumbai,611,4,2,15,Furnished
IN03353,Delhi,1130,1,3,15,Unfurnished
IN03354,Chennai,746,2,1,15,Furnished
IN03355,Kolkata,1032,3,3,15,Unfurnished
IN03356,Mumbai,1380,3,2,15,Unfurnished
IN03357,Chennai,1811,2,3,21.33,Unfurnished
IN03358,Hyderabad,690,3,2,15,Unfurnished
IN03359,Kolkata,1381,1,2,15.46,Semi
IN03360,Kolkata,1561,3,2,18.36,Semi
IN03361,Bangalore,1031,3,3,20.91,Semi
IN03362,Bangalore,1789,2,2,15,Semi
IN03363,Delhi,400,3,2,15,Semi
IN03364,Mumbai,1079,3,3,16.12,Semi
IN03365,Bangalore,1141,3,2,15,Unfurnished
IN03366,Mumbai,643,1,3,15,Unfurnished
IN03367,Chennai,1302,2,2,15,Semi
IN03368,Bangalore,1000,2,2,15,Semi
IN03369,Chennai,1311,2,1,15,Unfurnished
IN03370,Bangalore,862,2,3,15,Furnished
IN03371,Chennai,1063,1,2,15,Unfurnished
IN03372,Bangalore,1589,4,2,15.55,Unfurnished
IN03373,Kolkata,732,2,2,15,Furnished
IN03374,Delhi,1228,2,2,20.64,Semi
IN03375,Hyderabad,1172,3,2,15,Unfurnished
IN03376,Kolkata,1522,3,1,20.13,Unfurnished
IN03377,Hyderabad,543,2,1,15,Semi
IN03378,Mumbai,1679,3,1,15,Furnished
IN03379,Hyderabad,1242,3,2,15,Semi
IN03380,Hyderabad,824,2,2,15,Unfurnished
IN03381,Mumbai,373,2,2,15,Unfurnished
IN03382,Kolkata,1003,1,3,15,Unfurnished
IN03383,Hyderabad,1168,4,3,15,Furnished
IN03384,Bangalore,1838,2,2,22.1,Unfurnished
IN03385,Kolkata,1194,2,2,15,Semi
IN03386,Chennai,1178,3,2,15,Semi
IN03387,Hyderabad,574,2,1,15,Semi
IN03388,Bangalore,1487,2,1,15,Semi
IN03389,Mumbai,741,4,2,15,Furnished
IN03390,Chennai,669,4,1,15,Furnished
IN03391,Hyderabad,458,2,3,15,Unfurnished
IN03392,Bangalore,1217,2,1,23.7,Semi
IN03393,Mumbai,1018,4,1,15,Semi
IN03394,Delhi,736,1,1,15,Furnished
IN03395,Kolkata,1201,3,3,15.18,Unfurnished
IN03396,Mumbai,1845,2,2,23.58,Semi
IN03397,Chennai,1572,3,3,17.09,Furnished
IN03398,Kolkata,1342,3,2,20.36,Furnished
IN03399,Delhi,732,3,2,15,Unfurnished
IN03400,Mumbai,567,3,2,15,Furnished
IN03401,Hyderabad,684,2,2,15,Furnished
IN03402,Kolkata,745,1,2,15,Unfurnished
IN03403,Chennai,1414,3,1,22.9,Semi
IN03404,Chennai,1494,2,2,15,Unfurnished
IN03405,Chennai,908,2,2,15,Furnished
IN03406,Bangalore,1450,2,2,16.44,Furnished
IN03407,Bangalore,705,2,2,15,Furnished
IN03408,Kolkata,1340,3,1,18.76,Unfurnished
IN03409,Delhi,1051,2,2,15,Furnished
IN03410,Kolkata,1684,4,3,27.55,Unfurnished
IN03411,Chennai,1245,2,1,15.13,Semi
IN03412,Hyderabad,2137,3,1,18.71,Unfurnished
IN03413,Hyderabad,1295,4,2,18.39,Unfurnished
IN03414,Hyderabad,2114,2,2,28.29,Furnished
IN03415,Chennai,300,1,2,15,Semi
IN03416,Kolkata,1684,2,1,15,Furnished
IN03417,Mumbai,855,2,2,15,Furnished
IN03418,Delhi,1205,4,1,24.87,Semi
IN03419,Chennai,1869,3,2,31.27,Unfurnished
IN03420,Chennai,1134,1,2,15,Furnished
IN03421,Delhi,787,3,2,15,Semi
IN03422,Kolkata,1478,2,2,22.23,Furnished
IN03423,Mumbai,1451,3,2,15,Unfurnished
IN03424,Mumbai,881,2,1,15,Furnished
IN03425,Kolkata,1090,4,1,15,Semi
IN03426,Mumbai,745,2,1,15,Semi
IN03427,Mumbai,1123,2,2,15,Furnished
IN03428,Mumbai,1048,2,1,15,Unfurnished
IN03429,Chennai,1035,3,1,15,Semi
IN03430,Kolkata,987,2,3,15,Unfurnished
IN03431,Mumbai,701,1,3,15,Furnished
IN03432,Mumbai,614,3,2,15,Semi
IN03433,Chennai,1140,3,3,15.18,Semi
IN03434,Bangalore,1145,2,3,21.95,Unfurnished
IN03435,Delhi,1006,1,1,16.48,Furnished
IN03436,Delhi,887,3,2,15,Unfurnished
IN03437,Delhi,2183,3,1,21.5,Semi
IN03438,Bangalore,1050,3,1,15,Unfurnished
IN03439,Mumbai,1114,3,2,15,Furnished
IN03440,Kolkata,1410,2,3,19.58,Semi
IN03441,Delhi,1102,3,2,15,Semi
IN03442,Delhi,1996,2,1,32.4,Furnished
IN03443,Bangalore,1636,3,1,16.03,Unfurnished
IN03444,Hyderabad,2439,3,1,15,Semi
IN03445,Bangalore,906,4,3,15,Furnished
IN03446,Bangalore,1700,4,2,15,Furnished
IN03447,Kolkata,1723,4,2,23.66,Semi
IN03448,Delhi,782,4,3,15,Unfurnished
IN03449,Bangalore,1738,3,2,15,Semi
IN03450,Hyderabad,904,3,2,15,Furnished
IN03451,Mumbai,1845,2,2,15.68,Unfurnished
IN03452,Kolkata,1484,4,3,17.37,Furnished
IN03453,Chennai,664,3,2,15,Semi
IN03454,Bangalore,1011,2,1,15.87,Furnished
IN03455,Bangalore,1067,4,3,15,Unfurnished
IN03456,Bangalore,785,3,3,15,Furnished
IN03457,Chennai,996,2,1,15,Semi
IN03458,Mumbai,1479,2,2,20.53,Furnished
IN03459,Delhi,1746,1,2,24.45,Unfurnished
IN03460,Bangalore,1284,3,3,15,Semi
IN03461,Delhi,1221,3,2,15,Semi
IN03462,Mumbai,1273,3,2,15,Unfurnished
IN03463,Chennai,458,2,2,15,Furnished
IN03464,Kolkata,1487,3,2,20.5,Unfurnished
IN03465,Bangalore,1109,2,2,15,Furnished
IN03466,Kolkata,1475,3,2,15,Unfurnished
IN03467,Mumbai,1795,2,2,21.95,Furnished
IN03468,Hyderabad,1221,3,2,16.42,Furnished
IN03469,Bangalore,1128,1,1,15,Furnished
IN03470,Delhi,668,2,2,15,Semi
IN03471,Mumbai,774,2,3,15,Semi
IN03472,Delhi,1488,3,3,22.75,Unfurnished
IN03473,Kolkata,1550,3,2,16.91,Unfurnished
IN03474,Chennai,1072,1,3,15,Furnished
IN03475,Delhi,1167,4,3,17.16,Furnished
IN03476,Delhi,1277,4,1,15.18,Unfurnished
IN03477,Kolkata,1698,2,1,15,Semi
IN03478,Bangalore,896,2,3,15,Semi
IN03479,Chennai,791,2,1,15,Unfurnished
IN03480,Kolkata,1500,2,2,24.87,Unfurnished
IN03481,Mumbai,1040,1,2,15,Semi
IN03482,Hyderabad,1295,1,3,21.55,Unfurnished
IN03483,Hyderabad,1125,2,1,18.02,Semi
IN03484,Kolkata,1176,3,2,20.45,Semi
IN03485,Bangalore,1175,3,3,15,Furnished
IN03486,Mumbai,1313,2,2,16.65,Semi
IN03487,Chennai,939,1,1,15,Semi
IN03488,Chennai,950,1,3,15,Unfurnished
IN03489,Kolkata,1428,2,2,23.22,Unfurnished
IN03490,Chennai,1420,3,2,15,Unfurnished
IN03491,Chennai,1141,2,2,20.32,Semi
IN03492,Bangalore,1335,1,1,15,Furnished
IN03493,Hyderabad,1793,2,2,16.98,Furnished
IN03494,Mumbai,1549,3,2,24.71,Furnished
IN03495,Chennai,1341,3,3,20.19,Semi
IN03496,Mumbai,1553,1,1,24.56,Semi
IN03497,Bangalore,2046,2,3,30.29,Semi
IN03498,Hyderabad,883,3,1,16.4,Unfurnished
IN03499,Delhi,1227,3,1,22.07,Furnished
IN03500,Hyderabad,834,2,2,15,Semi
IN03501,Chennai,894,3,1,15.6,Unfurnished
IN03502,Hyderabad,473,3,3,15,Furnished
IN03503,Bangalore,1508,3,2,15,Unfurnished
IN03504,Mumbai,864,2,2,15,Semi
IN03505,Bangalore,1436,3,2,21.45,Unfurnished
IN03506,Kolkata,881,3,1,15,Furnished
IN03507,Hyderabad,593,3,3,15,Semi
IN03508,Mumbai,1165,4,2,22.47,Semi
IN03509,Kolkata,469,2,3,15,Semi
IN03510,Delhi,1476,1,2,15,Semi
IN03511,Bangalore,1920,3,2,18.3,Unfurnished
IN03512,Mumbai,1391,1,3,15.6,Semi
IN03513,Kolkata,1809,1,3,15.92,Furnished
IN03514,Bangalore,805,2,2,15,Unfurnished
IN03515,Kolkata,1243,2,2,15,Semi
IN03516,Hyderabad,953,2,2,15,Semi
IN03517,Chennai,1215,2,3,15.76,Semi
IN03518,Chennai,1641,3,2,20.22,Furnished
IN03519,Mumbai,1464,4,2,26.92,Semi
IN03520,Mumbai,907,3,3,15,Furnished
IN03521,Mumbai,780,2,2,15,Unfurnished
IN03522,Bangalore,1548,2,2,17.05,Semi
IN03523,Mumbai,423,2,2,15,Semi
IN03524,Bangalore,797,1,3,15,Furnished
IN03525,Delhi,1077,3,2,16.02,Unfurnished
IN03526,Kolkata,1237,2,2,15,Unfurnished
IN03527,Hyderabad,620,1,2,15,Furnished
IN03528,Mumbai,1509,4,2,20.75,Furnished
IN03529,Bangalore,353,2,2,15,Furnished
IN03530,Bangalore,925,3,3,15,Unfurnished
IN03531,Chennai,1175,4,2,15,Furnished
IN03532,Chennai,304,4,1,15,Furnished
IN03533,Chennai,1934,2,2,21.58,Furnished
IN03534,Mumbai,1506,3,2,15,Furnished
IN03535,Hyderabad,1295,3,2,21.44,Furnished
IN03536,Kolkata,1971,1,2,19.38,Unfurnished
IN03537,Delhi,1752,1,3,15,Unfurnished
IN03538,Delhi,1815,2,3,28.49,Semi
IN03539,Hyderabad,1001,3,2,15,Unfurnished
IN03540,Delhi,1244,1,2,17.51,Unfurnished
IN03541,Bangalore,868,1,2,15,Semi
IN03542,Hyderabad,1131,3,2,15,Unfurnished
IN03543,Bangalore,1436,2,2,17.45,Unfurnished
IN03544,Delhi,1602,2,3,18.54,Furnished
IN03545,Hyderabad,900,1,1,15,Furnished
IN03546,Mumbai,512,1,3,15,Semi
IN03547,Chennai,1052,1,2,18.84,Semi
IN03548,Kolkata,1085,1,2,15,Unfurnished
IN03549,Kolkata,578,1,3,15,Semi
IN03550,Mumbai,1300,1,1,15,Semi
IN03551,Chennai,1460,2,1,22.29,Unfurnished
IN03552,Kolkata,1562,4,1,16.96,Furnished
IN03553,Mumbai,2102,3,2,15.68,Furnished
IN03554,Mumbai,1138,2,2,16.06,Unfurnished
IN03555,Chennai,1003,1,2,15,Semi
IN03556,Chennai,1229,3,1,15,Semi
IN03557,Hyderabad,571,3,3,15,Unfurnished
IN03558,Delhi,788,4,2,15,Unfurnished
IN03559,Bangalore,2003,3,2,18.27,Unfurnished
IN03560,Hyderabad,1518,4,2,15,Semi
IN03561,Mumbai,1261,3,1,15,Unfurnished
IN03562,Mumbai,1295,3,2,15,Unfurnished
IN03563,Delhi,743,1,1,15,Semi
IN03564,Hyderabad,1329,4,2,16.66,Unfurnished
IN03565,Hyderabad,662,1,2,15,Unfurnished
IN03566,Delhi,1155,3,2,15,Semi
IN03567,Hyderabad,1626,4,1,29.71,Unfurnished
IN03568,Bangalore,300,3,2,15,Unfurnished
IN03569,Hyderabad,1421,4,1,15,Unfurnished
IN03570,Hyderabad,585,4,2,15,Unfurnished
IN03571,Bangalore,908,1,2,15,Unfurnished
IN03572,Mumbai,1763,2,2,26.4,Semi
IN03573,Bangalore,669,1,1,15,Furnished
IN03574,Mumbai,1599,2,2,20.13,Furnished
IN03575,Kolkata,802,3,2,15,Unfurnished
IN03576,Hyderabad,1424,1,3,21.36,Furnished
IN03577,Bangalore,1278,3,3,15,Furnished
IN03578,Mumbai,1014,1,2,15,Furnished
IN03579,Chennai,1311,2,2,15,Furnished
IN03580,Chennai,651,1,2,15,Unfurnished
IN03581,Chennai,1070,2,2,15,Unfurnished
IN03582,Bangalore,1529,3,2,15,Unfurnished
IN03583,Mumbai,1564,2,2,28.09,Semi
IN03584,Hyderabad,1277,2,1,27.22,Unfurnished
IN03585,Chennai,1780,2,2,30.29,Semi
IN03586,Delhi,792,3,2,15,Semi
IN03587,Kolkata,1633,3,3,18.12,Semi
IN03588,Delhi,1621,4,3,17.23,Unfurnished
IN03589,Bangalore,377,1,2,15,Semi
IN03590,Kolkata,1458,2,1,15,Semi
IN03591,Bangalore,1767,3,2,15,Furnished
IN03592,Hyderabad,1286,3,3,15,Semi
IN03593,Kolkata,993,3,1,15,Furnished
IN03594,Delhi,363,4,3,15,Furnished
IN03595,Mumbai,1092,2,3,15,Unfurnished
IN03596,Hyderabad,422,4,3,15,Unfurnished
IN03597,Mumbai,1200,3,2,16.31,Furnished
IN03598,Bangalore,1162,1,2,15,Furnished
IN03599,Mumbai,381,3,2,15,Semi
IN03600,Bangalore,1665,3,2,19.93,Furnished
IN03601,Delhi,1054,1,3,15,Semi
IN03602,Hyderabad,1006,2,2,15,Semi
IN03603,Hyderabad,690,3,2,15,Semi
IN03604,Hyderabad,1947,1,1,21.29,Unfurnished
IN03605,Kolkata,1268,2,3,17.92,Furnished
IN03606,Chennai,1185,3,1,15.22,Unfurnished
IN03607,Chennai,1132,2,2,15,Semi
IN03608,Hyderabad,1383,3,2,16.85,Furnished
IN03609,Chennai,983,4,1,15,Furnished
IN03610,Mumbai,964,3,1,16.52,Semi
IN03611,Mumbai,1079,1,2,15,Semi
IN03612,Kolkata,1520,3,2,15.39,Furnished
IN03613,Mumbai,1918,3,2,29.3,Furnished
IN03614,Bangalore,1522,2,1,24.03,Semi
IN03615,Hyderabad,934,4,1,15,Unfurnished
IN03616,Mumbai,2078,2,2,15,Furnished
IN03617,Mumbai,2007,3,2,20.63,Furnished
IN03618,Mumbai,1401,3,2,15,Semi
IN03619,Kolkata,1297,1,1,15,Furnished
IN03620,Mumbai,1051,1,3,18.35,Semi
IN03621,Hyderabad,642,2,3,15,Semi
IN03622,Hyderabad,728,3,3,15,Unfurnished
IN03623,Hyderabad,1040,4,1,16.38,Semi
IN03624,Kolkata,1538,3,2,15,Furnished
IN03625,Bangalore,899,3,3,15,Unfurnished
IN03626,Bangalore,954,3,2,15,Unfurnished
IN03627,Hyderabad,357,4,2,15,Unfurnished
IN03628,Hyderabad,1293,3,3,15,Furnished
IN03629,Kolkata,803,3,2,15,Unfurnished
IN03630,Hyderabad,639,2,2,15,Unfurnished
IN03631,Delhi,1503,1,2,25.19,Unfurnished
IN03632,Kolkata,782,3,1,15,Unfurnished
IN03633,Bangalore,300,4,2,15,Unfurnished
IN03634,Mumbai,1436,1,1,15,Unfurnished
IN03635,Chennai,1503,1,3,15,Semi
IN03636,Mumbai,1715,4,2,16.7,Furnished
IN03637,Bangalore,1136,2,3,16.36,Furnished
IN03638,Mumbai,814,4,2,15,Semi
IN03639,Bangalore,1402,3,1,27.01,Semi
IN03640,Mumbai,384,4,1,15,Unfurnished
IN03641,Hyderabad,1549,1,2,15,Semi
IN03642,Hyderabad,1023,2,1,15,Unfurnished
IN03643,Mumbai,485,1,3,15,Unfurnished
IN03644,Chennai,860,1,1,15,Unfurnished
IN03645,Chennai,698,4,3,15,Semi
IN03646,Bangalore,941,3,2,15,Semi
IN03647,Hyderabad,1252,2,2,15,Semi
IN03648,Kolkata,750,4,2,15,Furnished
IN03649,Kolkata,1257,2,2,33.3,Semi
IN03650,Kolkata,1627,2,3,15,Semi
IN03651,Hyderabad,1103,2,1,15,Semi
IN03652,Hyderabad,1169,2,2,15.83,Furnished
IN03653,Hyderabad,1919,3,2,23.58,Unfurnished
IN03654,Delhi,744,3,3,15,Semi
IN03655,Bangalore,1598,2,1,15,Unfurnished
IN03656,Delhi,1232,4,2,15,Semi
IN03657,Hyderabad,1470,3,1,15,Furnished
IN03658,Kolkata,1436,4,2,19.44,Furnished
IN03659,Delhi,538,3,1,15,Furnished
IN03660,Hyderabad,811,2,3,15,Unfurnished
IN03661,Bangalore,850,2,3,15,Furnished
IN03662,Delhi,1199,3,3,19.62,Semi
IN03663,Bangalore,1184,3,3,19.58,Furnished
IN03664,Hyderabad,839,3,2,17.0,Unfurnished
IN03665,Hyderabad,1144,3,2,15.71,Semi
IN03666,Bangalore,758,2,1,15,Semi
IN03667,Kolkata,776,2,3,15,Semi
IN03668,Bangalore,2131,2,2,27.91,Unfurnished
IN03669,Bangalore,638,4,3,15,Furnished
IN03670,Chennai,300,2,2,15,Unfurnished
IN03671,Mumbai,989,1,1,15,Furnished
IN03672,Chennai,1530,3,1,21.21,Furnished
IN03673,Hyderabad,1328,4,1,24.38,Semi
IN03674,Bangalore,1946,2,1,27.29,Semi
IN03675,Kolkata,579,1,2,15,Furnished
IN03676,Delhi,1515,2,2,15,Furnished
IN03677,Delhi,300,2,1,15,Semi
IN03678,Bangalore,728,3,2,15,Furnished
IN03679,Delhi,1262,1,3,15,Semi
IN03680,Mumbai,1587,4,2,15,Semi
IN03681,Chennai,1164,4,2,17.54,Unfurnished
IN03682,Delhi,2207,4,2,24.88,Furnished
IN03683,Kolkata,1316,4,2,23.0,Unfurnished
IN03684,Chennai,1515,4,2,19.22,Semi
IN03685,Hyderabad,1436,3,1,20.09,Semi
IN03686,Kolkata,2149,1,1,33.2,Furnished
IN03687,Hyderabad,600,3,2,15,Semi
IN03688,Chennai,1693,2,3,25.38,Unfurnished
IN03689,Hyderabad,853,3,2,15,Semi
IN03690,Delhi,1666,2,1,19.68,Unfurnished
IN03691,Kolkata,1226,2,3,18.33,Semi
IN03692,Chennai,703,3,3,15,Semi
IN03693,Bangalore,1922,2,2,29.08,Furnished
IN03694,Bangalore,372,3,3,15,Furnished
IN03695,Hyderabad,1178,3,2,15,Semi
IN03696,Kolkata,632,3,2,15,Semi
IN03697,Delhi,1408,1,3,26.29,Furnished
IN03698,Kolkata,1536,4,2,15,Unfurnished
IN03699,Mumbai,1707,3,1,18.41,Furnished
IN03700,Chennai,1163,4,3,17.93,Semi
IN03701,Hyderabad,922,3,1,15,Unfurnished
IN03702,Chennai,1035,3,3,15,Semi
IN03703,Mumbai,1137,3,2,15,Furnished
IN03704,Hyderabad,364,3,2,15,Semi
IN03705,Hyderabad,1797,1,2,24.49,Unfurnished
IN03706,Hyderabad,997,2,1,15,Semi
IN03707,Chennai,1845,2,3,36.06,Semi
IN03708,Kolkata,1712,2,2,16.86,Unfurnished
IN03709,Mumbai,875,3,2,15.19,Unfurnished
IN03710,Bangalore,1633,4,3,18.98,Semi
IN03711,Hyderabad,536,2,1,15,Unfurnished
IN03712,Mumbai,482,1,2,15,Furnished
IN03713,Kolkata,1709,2,2,18.93,Furnished
IN03714,Delhi,447,3,1,15,Semi
IN03715,Hyderabad,882,2,2,15,Semi
IN03716,Kolkata,1168,3,2,15,Unfurnished
IN03717,Bangalore,756,3,2,15,Unfurnished
IN03718,Chennai,1114,4,1,16.81,Furnished
IN03719,Hyderabad,1108,3,3,15,Semi
IN03720,Delhi,1474,3,2,15,Semi
IN03721,Hyderabad,471,1,2,15,Unfurnished
IN03722,Delhi,309,2,2,15,Unfurnished
IN03723,Chennai,1259,3,3,20.73,Furnished
IN03724,Bangalore,1101,2,2,15,Furnished
IN03725,Bangalore,1004,2,1,15,Unfurnished
IN03726,Chennai,1347,3,2,18.46,Furnished
IN03727,Kolkata,1928,4,2,17.1,Unfurnished
IN03728,Hyderabad,993,3,2,15,Semi
IN03729,Mumbai,906,1,3,15,Unfurnished
IN03730,Chennai,1232,3,3,15,Unfurnished
IN03731,Delhi,1094,2,2,15,Unfurnished
IN03732,Mumbai,1329,4,2,25.07,Semi
IN03733,Hyderabad,300,3,2,15,Furnished
IN03734,Delhi,1787,3,3,15,Unfurnished
IN03735,Kolkata,958,3,2,15,Semi
IN03736,Kolkata,1404,2,3,15,Unfurnished
IN03737,Kolkata,872,2,3,15,Semi
IN03738,Mumbai,973,3,2,15,Furnished
IN03739,Hyderabad,1609,2,2,19.91,Semi
IN03740,Delhi,1579,4,2,18.84,Unfurnished
IN03741,Hyderabad,916,3,1,15,Semi
IN03742,Chennai,1703,3,3,17.05,Furnished
IN03743,Bangalore,889,1,2,15,Unfurnished
IN03744,Chennai,1515,1,3,17.09,Unfurnished
IN03745,Hyderabad,905,2,1,15,Unfurnished
IN03746,Mumbai,1248,3,1,15.34,Furnished
IN03747,Mumbai,1114,2,3,16.23,Furnished
IN03748,Chennai,2076,2,2,18.37,Unfurnished
IN03749,Mumbai,1361,2,1,18.36,Semi
IN03750,Mumbai,2114,3,2,28.1,Semi
IN03751,Bangalore,1134,2,2,17.68,Furnished
IN03752,Delhi,858,1,1,15,Unfurnished
IN03753,Bangalore,1549,2,1,15,Furnished
IN03754,Bangalore,1454,2,1,22.05,Furnished
IN03755,Hyderabad,1110,1,2,16.92,Furnished
IN03756,Bangalore,588,2,2,15,Furnished
IN03757,Chennai,1025,3,1,15,Semi
IN03758,Delhi,861,4,3,15,Furnished
IN03759,Hyderabad,773,2,2,15,Semi
IN03760,Chennai,1074,3,1,19.28,Furnished
IN03761,Kolkata,1212,2,2,18.53,Unfurnished
IN03762,Hyderabad,1852,2,3,21.16,Furnished
IN03763,Delhi,1307,4,2,15,Semi
IN03764,Kolkata,1038,2,1,17.15,Semi
IN03765,Bangalore,1286,2,1,18.85,Unfurnished
IN03766,Bangalore,1051,2,1,18.4,Unfurnished
IN03767,Delhi,1543,4,2,20.71,Semi
IN03768,Kolkata,2237,3,2,18.58,Furnished
IN03769,Kolkata,783,1,2,15,Furnished
IN03770,Mumbai,1235,1,3,15,Furnished
IN03771,Hyderabad,1147,2,2,15,Unfurnished
IN03772,Mumbai,1243,1,2,17.71,Unfurnished
IN03773,Chennai,2192,3,2,29.24,Unfurnished
IN03774,Bangalore,992,2,1,15,Unfurnished
IN03775,Kolkata,1105,3,1,17.7,Semi
IN03776,Kolkata,1689,3,2,20.4,Furnished
IN03777,Delhi,850,2,1,16.31,Semi
IN03778,Bangalore,1011,1,1,17.68,Furnished
IN03779,Bangalore,850,3,1,15,Unfurnished
IN03780,Kolkata,1309,2,3,15,Furnished
IN03781,Hyderabad,866,4,3,15,Unfurnished
IN03782,Hyderabad,1475,2,2,25.38,Unfurnished
IN03783,Delhi,1143,2,2,15,Unfurnished
IN03784,Bangalore,1690,2,1,19.5,Unfurnished
IN03785,Mumbai,457,3,3,15,Unfurnished
IN03786,Bangalore,1286,2,2,21.3,Unfurnished
IN03787,Bangalore,780,2,2,15,Semi
IN03788,Bangalore,300,4,2,15,Unfurnished
IN03789,Chennai,1525,4,2,20.85,Unfurnished
IN03790,Delhi,759,2,3,15,Unfurnished
IN03791,Chennai,680,2,1,15,Furnished
IN03792,Delhi,1844,1,3,17.68,Unfurnished
IN03793,Delhi,1774,2,2,24.69,Unfurnished
IN03794,Chennai,1008,2,3,15,Unfurnished
IN03795,Hyderabad,616,4,3,15,Unfurnished
IN03796,Kolkata,820,2,3,15,Unfurnished
IN03797,Chennai,1291,3,1,15,Furnished
IN03798,Hyderabad,1931,3,1,18.89,Furnished
IN03799,Kolkata,2063,2,1,24.88,Semi
IN03800,Chennai,1298,1,1,15.2,Unfurnished
IN03801,Chennai,1071,4,3,15,Unfurnished
IN03802,Kolkata,1828,4,2,19.92,Unfurnished
IN03803,Delhi,1243,3,2,16.68,Semi
IN03804,Kolkata,869,4,3,15,Furnished
IN03805,Delhi,372,3,2,15,Furnished
IN03806,Bangalore,1141,2,2,18.15,Furnished
IN03807,Hyderabad,1342,3,1,18.53,Semi
IN03808,Hyderabad,648,1,2,15,Unfurnished
IN03809,Chennai,300,1,2,15,Unfurnished
IN03810,Delhi,476,2,2,15,Unfurnished
IN03811,Bangalore,1895,1,1,16.51,Furnished
IN03812,Delhi,774,1,2,15,Unfurnished
IN03813,Mumbai,927,3,3,15.07,Semi
IN03814,Delhi,932,1,2,15,Unfurnished
IN03815,Mumbai,951,3,2,15,Semi
IN03816,Chennai,858,3,3,15,Semi
IN03817,Delhi,1308,1,3,15,Furnished
IN03818,Chennai,755,3,2,15,Furnished
IN03819,Delhi,1205,1,1,15,Unfurnished
IN03820,Mumbai,1122,4,2,17.79,Furnished
IN03821,Chennai,1097,3,2,17.19,Furnished
IN03822,Mumbai,789,2,3,15,Semi
IN03823,Hyderabad,649,2,2,15,Furnished
IN03824,Chennai,641,2,3,15,Unfurnished
IN03825,Mumbai,791,3,2,15,Semi
IN03826,Bangalore,1120,3,2,15,Furnished
IN03827,Hyderabad,720,4,2,15,Unfurnished
IN03828,Bangalore,818,3,3,15,Unfurnished
IN03829,Chennai,642,2,2,15,Semi
IN03830,Bangalore,1659,3,1,32.65,Furnished
IN03831,Kolkata,300,3,1,15,Furnished
IN03832,Kolkata,2188,3,2,46.83,Furnished
IN03833,Hyderabad,1657,2,1,18.6,Unfurnished
IN03834,Delhi,831,2,2,15,Furnished
IN03835,Mumbai,954,4,1,15,Furnished
IN03836,Mumbai,1823,2,2,15,Unfurnished
IN03837,Hyderabad,729,2,2,15,Semi
IN03838,Kolkata,1162,1,1,15,Semi
IN03839,Kolkata,1286,2,1,20.0,Semi
IN03840,Delhi,1890,2,2,21.67,Semi
IN03841,Delhi,1591,2,1,15.4,Unfurnished
IN03842,Bangalore,804,2,2,15,Semi
IN03843,Bangalore,1341,4,3,15,Furnished
IN03844,Hyderabad,1262,4,2,15,Semi
IN03845,Mumbai,1660,3,3,17.58,Furnished
IN03846,Bangalore,806,3,3,15,Unfurnished
IN03847,Mumbai,1210,1,3,20.86,Furnished
IN03848,Bangalore,738,4,2,15,Semi
IN03849,Hyderabad,556,1,2,15,Furnished
IN03850,Kolkata,827,3,1,15,Furnished
IN03851,Bangalore,908,2,1,15,Furnished
IN03852,Delhi,1723,1,2,15,Unfurnished
IN03853,Hyderabad,670,4,1,15,Furnished
IN03854,Mumbai,1646,3,3,28.97,Semi
IN03855,Chennai,1074,3,2,17.12,Unfurnished
IN03856,Delhi,1555,1,2,22.45,Furnished
IN03857,Mumbai,736,2,2,15,Unfurnished
IN03858,Kolkata,1027,3,2,15,Furnished
IN03859,Hyderabad,488,4,3,15,Semi
IN03860,Hyderabad,300,3,2,15,Unfurnished
IN03861,Hyderabad,324,1,2,15,Unfurnished
IN03862,Mumbai,727,2,1,15,Semi
IN03863,Hyderabad,1022,2,2,15,Unfurnished
IN03864,Hyderabad,886,3,1,15,Furnished
IN03865,Hyderabad,863,4,3,17.32,Semi
IN03866,Hyderabad,1059,3,3,15,Furnished
IN03867,Bangalore,1594,2,1,31.48,Furnished
IN03868,Kolkata,727,3,2,15,Semi
IN03869,Delhi,1204,2,2,16.87,Semi
IN03870,Chennai,1080,3,1,15,Semi
IN03871,Chennai,964,3,2,15,Unfurnished
IN03872,Mumbai,300,3,1,15,Semi
IN03873,Chennai,1171,1,1,15,Unfurnished
IN03874,Delhi,861,1,1,15,Semi
IN03875,Chennai,2067,4,2,30.59,Furnished
IN03876,Mumbai,1280,3,1,23.28,Unfurnished
IN03877,Hyderabad,1882,3,3,39.66,Furnished
IN03878,Bangalore,1269,4,1,15,Furnished
IN03879,Kolkata,1828,1,2,26.83,Unfurnished
IN03880,Mumbai,850,3,2,15,Furnished
IN03881,Hyderabad,943,3,3,15,Unfurnished
IN03882,Chennai,1535,3,2,16.82,Furnished
IN03883,Kolkata,352,4,2,15,Semi
IN03884,Delhi,1597,4,1,18.13,Semi
IN03885,Bangalore,1339,2,3,16.63,Furnished
IN03886,Hyderabad,884,1,2,15,Unfurnished
IN03887,Delhi,864,2,2,15,Semi
IN03888,Bangalore,1009,2,3,15,Unfurnished
IN03889,Bangalore,1492,1,2,20.81,Unfurnished
IN03890,Hyderabad,1100,3,2,15,Unfurnished
IN03891,Mumbai,614,3,1,15,Unfurnished
IN03892,Bangalore,676,4,3,15,Furnished
IN03893,Mumbai,852,1,3,15,Furnished
IN03894,Hyderabad,1099,1,2,15,Unfurnished
IN03895,Delhi,424,4,2,15,Unfurnished
IN03896,Kolkata,1153,4,1,16.74,Unfurnished
IN03897,Chennai,1221,1,2,15,Unfurnished
IN03898,Bangalore,476,1,1,15,Unfurnished
IN03899,Hyderabad,725,2,2,15,Semi
IN03900,Kolkata,635,3,2,15,Unfurnished
IN03901,Delhi,1102,4,3,15,Unfurnished
IN03902,Delhi,1158,3,2,19.14,Semi
IN03903,Chennai,606,4,3,15,Semi
IN03904,Bangalore,689,2,2,15,Semi
IN03905,Hyderabad,1493,1,1,34.0,Unfurnished
IN03906,Mumbai,610,4,2,15,Semi
IN03907,Bangalore,1724,4,1,20.91,Unfurnished
IN03908,Chennai,1339,4,3,15,Furnished
IN03909,Chennai,941,3,3,15,Unfurnished
IN03910,Bangalore,951,2,2,15,Semi
IN03911,Kolkata,976,1,3,15,Unfurnished
IN03912,Chennai,1365,3,1,16.3,Furnished
IN03913,Delhi,820,2,2,15,Semi
IN03914,Delhi,686,1,2,15.61,Furnished
IN03915,Chennai,1682,4,2,15,Semi
IN03916,Bangalore,1082,3,1,15,Unfurnished
IN03917,Hyderabad,1374,4,2,16.29,Semi
IN03918,Mumbai,1231,1,3,15,Furnished
IN03919,Chennai,828,3,3,15,Unfurnished
IN03920,Mumbai,1748,3,1,31.45,Semi
IN03921,Mumbai,1701,3,1,15,Unfurnished
IN03922,Kolkata,1198,1,2,15.75,Furnished
IN03923,Delhi,1021,3,2,15,Furnished
IN03924,Bangalore,1449,3,1,15,Furnished
IN03925,Chennai,396,3,3,15,Semi
IN03926,Hyderabad,1758,4,2,22.76,Semi
IN03927,Delhi,454,2,2,15,Semi
IN03928,Kolkata,1262,3,2,15,Furnished
IN03929,Hyderabad,1237,3,3,15,Furnished
IN03930,Kolkata,315,3,3,15,Semi
IN03931,Mumbai,731,2,1,17.78,Furnished
IN03932,Kolkata,519,3,1,15,Semi
IN03933,Delhi,2149,3,1,23.37,Semi
IN03934,Mumbai,1578,4,3,19.46,Semi
IN03935,Delhi,1040,2,3,15,Unfurnished
IN03936,Bangalore,1230,3,3,17.18,Semi
IN03937,Hyderabad,1107,2,1,17.67,Unfurnished
IN03938,Delhi,1257,1,3,15,Unfurnished
IN03939,Hyderabad,1354,2,2,15,Unfurnished
IN03940,Mumbai,612,4,2,15,Unfurnished
IN03941,Mumbai,913,2,1,15,Furnished
IN03942,Delhi,1521,4,2,25.48,Furnished
IN03943,Hyderabad,1390,3,3,18.51,Furnished
IN03944,Kolkata,689,3,2,15,Unfurnished
IN03945,Delhi,1660,2,2,15,Semi
IN03946,Hyderabad,978,2,1,15,Unfurnished
IN03947,Mumbai,973,2,3,16.57,Semi
IN03948,Delhi,1522,2,2,15.51,Unfurnished
IN03949,Hyderabad,1046,2,3,15,Unfurnished
IN03950,Kolkata,676,3,3,15,Furnished
IN03951,Hyderabad,1127,2,3,15.54,Furnished
IN03952,Mumbai,1955,2,2,27.15,Semi
IN03953,Bangalore,908,1,2,15,Semi
IN03954,Hyderabad,300,2,2,15,Unfurnished
IN03955,Kolkata,372,2,1,15,Unfurnished
IN03956,Chennai,2003,2,3,21.99,Furnished
IN03957,Bangalore,633,3,1,15,Unfurnished
IN03958,Mumbai,976,4,1,15,Unfurnished
IN03959,Bangalore,1403,2,3,21.08,Unfurnished
IN03960,Chennai,1289,2,3,15.94,Unfurnished
IN03961,Bangalore,300,3,2,15,Unfurnished
IN03962,Kolkata,1013,1,3,15,Semi
IN03963,Mumbai,1121,3,3,18.7,Unfurnished
IN03964,Bangalore,1193,2,2,18.81,Furnished
IN03965,Chennai,378,2,2,15,Furnished
IN03966,Kolkata,1173,1,2,15,Semi
IN03967,Kolkata,1703,3,1,19.91,Semi
IN03968,Bangalore,924,3,3,15,Furnished
IN03969,Mumbai,464,1,2,15,Furnished
IN03970,Bangalore,1978,2,3,21.56,Semi
IN03971,Chennai,1469,2,2,23.79,Unfurnished
IN03972,Bangalore,1853,2,3,36.65,Furnished
IN03973,Delhi,573,1,2,15,Unfurnished
IN03974,Kolkata,1226,2,1,16.07,Furnished
IN03975,Bangalore,1241,4,3,15,Semi
IN03976,Delhi,905,1,2,15,Unfurnished
IN03977,Mumbai,300,2,1,15,Furnished
IN03978,Chennai,1294,2,1,19.02,Furnished
IN03979,Kolkata,1409,3,2,17.4,Semi
IN03980,Chennai,1613,3,3,15,Furnished
IN03981,Mumbai,786,3,3,15,Furnished
IN03982,Hyderabad,378,2,2,15,Unfurnished
IN03983,Mumbai,1056,2,3,17.84,Unfurnished
IN03984,Hyderabad,2359,2,2,18.64,Semi
IN03985,Chennai,760,3,1,15,Semi
IN03986,Kolkata,1973,3,2,15,Furnished
IN03987,Delhi,1083,1,2,17.26,Semi
IN03988,Hyderabad,962,4,3,15,Unfurnished
IN03989,Delhi,1103,3,2,15,Unfurnished
IN03990,Kolkata,734,2,1,15,Unfurnished
IN03991,Bangalore,1525,4,2,29.98,Semi
IN03992,Delhi,614,4,2,15,Unfurnished
IN03993,Bangalore,852,3,1,16.02,Semi
IN03994,Chennai,812,2,2,15,Semi
IN03995,Mumbai,828,3,2,15,Semi
IN03996,Chennai,455,4,2,15,Unfurnished
IN03997,Chennai,1483,4,3,24.22,Semi
IN03998,Kolkata,300,3,2,15,Unfurnished
IN03999,Chennai,1394,4,1,24.58,Furnished
IN04000,Hyderabad,878,4,1,15,Semi
IN04001,Kolkata,1946,4,2,19.51,Furnished
IN04002,Hyderabad,918,3,2,15,Unfurnished
IN04003,Bangalore,1255,2,3,15,Unfurnished
IN04004,Mumbai,681,1,1,15,Unfurnished
IN04005,Hyderabad,963,3,2,15,Unfurnished
IN04006,Bangalore,1557,3,2,18.89,Furnished
IN04007,Mumbai,685,2,3,15,Furnished
IN04008,Chennai,1007,2,1,15,Furnished
IN04009,Hyderabad,1309,4,2,15,Furnished
IN04010,Mumbai,975,2,2,15,Furnished
IN04011,Chennai,991,1,3,15,Semi
IN04012,Bangalore,1057,2,1,15,Semi
IN04013,Delhi,637,2,1,15,Furnished
IN04014,Bangalore,731,1,2,15,Unfurnished
IN04015,Bangalore,300,1,3,15,Unfurnished
IN04016,Kolkata,1306,3,2,15,Unfurnished
IN04017,Bangalore,1002,1,2,15,Unfurnished
IN04018,Kolkata,1487,1,3,28.97,Unfurnished
IN04019,Chennai,1155,3,2,15,Unfurnished
IN04020,Hyderabad,513,3,3,15,Furnished
IN04021,Chennai,300,4,1,15,Unfurnished
IN04022,Bangalore,1218,2,2,21.29,Unfurnished
IN04023,Delhi,330,2,1,15,Semi
IN04024,Hyderabad,1380,2,3,16.15,Furnished
IN04025,Mumbai,635,1,2,15,Semi
IN04026,Bangalore,1273,2,3,19.9,Furnished
IN04027,Hyderabad,1822,4,3,18.24,Semi
IN04028,Bangalore,927,3,2,15,Unfurnished
IN04029,Mumbai,1045,2,2,15.12,Unfurnished
IN04030,Hyderabad,819,1,2,15,Furnished
IN04031,Hyderabad,1915,4,2,32.22,Furnished
IN04032,Hyderabad,949,2,1,15,Furnished
IN04033,Mumbai,848,3,1,15,Unfurnished
IN04034,Hyderabad,1417,4,3,17.41,Unfurnished
IN04035,Hyderabad,820,1,1,15,Unfurnished
IN04036,Bangalore,300,3,2,15,Furnished
IN04037,Mumbai,616,3,1,15,Unfurnished
IN04038,Hyderabad,1973,1,1,15,Semi
IN04039,Delhi,875,2,1,15,Furnished
IN04040,Kolkata,1312,1,2,16.1,Furnished
IN04041,Hyderabad,1744,3,2,15,Furnished
IN04042,Mumbai,1017,2,2,20.26,Unfurnished
IN04043,Kolkata,1343,4,2,20.78,Unfurnished
IN04044,Bangalore,1901,1,2,28.12,Furnished
IN04045,Kolkata,349,4,2,15,Semi
IN04046,Delhi,814,3,2,15,Semi
IN04047,Mumbai,436,3,2,15,Semi
IN04048,Kolkata,857,2,2,15,Unfurnished
IN04049,Mumbai,1286,3,3,17.73,Semi
IN04050,Hyderabad,612,2,1,15,Unfurnished
IN04051,Chennai,822,3,2,15,Unfurnished
IN04052,Kolkata,1189,2,3,15,Semi
IN04053,Chennai,824,2,1,15,Semi
IN04054,Bangalore,1825,2,2,15,Unfurnished
IN04055,Delhi,672,2,2,15,Furnished
IN04056,Kolkata,1261,3,1,15,Unfurnished
IN04057,Mumbai,1522,2,1,15,Furnished
IN04058,Kolkata,1306,4,1,15,Furnished
IN04059,Bangalore,725,3,1,15,Unfurnished
IN04060,Chennai,1635,2,1,21.34,Unfurnished
IN04061,Hyderabad,1191,1,1,22.74,Unfurnished
IN04062,Chennai,902,4,2,15,Unfurnished
IN04063,Chennai,1943,3,2,20.76,Furnished
IN04064,Delhi,1254,2,2,15,Furnished
IN04065,Hyderabad,637,3,2,15,Semi
IN04066,Kolkata,1245,4,2,15.67,Furnished
IN04067,Mumbai,1521,2,2,26.56,Semi
IN04068,Kolkata,1283,3,2,19.77,Furnished
IN04069,Hyderabad,401,3,2,15,Furnished
IN04070,Chennai,870,2,2,15,Semi
IN04071,Chennai,711,3,1,15,Furnished
IN04072,Kolkata,1254,3,1,17.17,Furnished
IN04073,Mumbai,553,3,1,15,Unfurnished
IN04074,Hyderabad,1399,4,3,15,Furnished
IN04075,Mumbai,1715,1,3,22.93,Unfurnished
IN04076,Bangalore,1209,3,1,19.25,Unfurnished
IN04077,Bangalore,1200,3,2,15,Furnished
IN04078,Kolkata,1360,3,1,15,Semi
IN04079,Kolkata,1718,2,1,20.24,Semi
IN04080,Hyderabad,1290,1,3,15,Unfurnished
IN04081,Delhi,387,2,2,15,Furnished
IN04082,Bangalore,344,2,2,15,Semi
IN04083,Kolkata,916,2,3,16.46,Semi
IN04084,Chennai,709,3,2,15,Semi
IN04085,Delhi,1482,4,2,20.31,Furnished
IN04086,Delhi,1880,1,3,21.79,Unfurnished
IN04087,Bangalore,1125,2,2,15,Semi
IN04088,Hyderabad,1352,2,3,15,Furnished
IN04089,Kolkata,793,2,3,15,Furnished
IN04090,Kolkata,1443,3,2,18.17,Unfurnished
IN04091,Chennai,1186,4,2,15,Semi
IN04092,Bangalore,690,2,3,15,Unfurnished
IN04093,Kolkata,1195,1,2,15.7,Unfurnished
IN04094,Delhi,1272,1,2,15,Semi
IN04095,Kolkata,1229,2,2,25.7,Unfurnished
IN04096,Bangalore,1664,4,1,19.71,Unfurnished
IN04097,Chennai,360,3,2,15,Furnished
IN04098,Delhi,1003,2,1,17.49,Furnished
IN04099,Mumbai,699,1,3,15,Semi
IN04100,Kolkata,1108,2,3,15,Semi
IN04101,Bangalore,1140,1,2,15.14,Semi
IN04102,Chennai,1908,2,1,27.38,Furnished
IN04103,Kolkata,900,3,2,15,Unfurnished
IN04104,Bangalore,1208,3,2,15,Furnished
IN04105,Mumbai,785,4,2,15,Semi
IN04106,Kolkata,862,1,3,15,Semi
IN04107,Mumbai,732,1,3,15,Unfurnished
IN04108,Bangalore,890,3,2,20.79,Unfurnished
IN04109,Chennai,852,1,3,15,Semi
IN04110,Delhi,779,3,2,15,Semi
IN04111,Hyderabad,971,2,2,15,Semi
IN04112,Bangalore,903,2,2,15,Furnished
IN04113,Bangalore,1318,2,3,21.26,Semi
IN04114,Hyderabad,980,3,2,15,Semi
IN04115,Chennai,1342,2,3,15,Semi
IN04116,Mumbai,1546,4,1,18.26,Furnished
IN04117,Hyderabad,1774,3,2,15,Furnished
IN04118,Kolkata,1117,2,2,15,Semi
IN04119,Hyderabad,1020,2,2,15,Semi
IN04120,Bangalore,1222,2,3,15,Furnished
IN04121,Chennai,1057,2,2,15,Unfurnished
IN04122,Chennai,1454,2,2,20.87,Semi
IN04123,Delhi,1729,4,1,32.62,Semi
IN04124,Bangalore,632,3,2,15,Unfurnished
IN04125,Mumbai,1215,2,2,16.23,Unfurnished
IN04126,Kolkata,1398,3,2,27.24,Furnished
IN04127,Mumbai,2102,2,2,15.72,Semi
IN04128,Hyderabad,832,2,2,16.75,Unfurnished
IN04129,Mumbai,767,1,2,15,Semi
IN04130,Mumbai,1392,2,3,15,Unfurnished
IN04131,Chennai,1223,1,2,15,Semi
IN04132,Chennai,1732,3,1,22.37,Unfurnished
IN04133,Hyderabad,595,2,3,15,Semi
IN04134,Chennai,596,2,3,15,Furnished
IN04135,Kolkata,1902,3,2,15,Semi
IN04136,Mumbai,930,3,2,15,Semi
IN04137,Hyderabad,1381,3,2,16.54,Unfurnished
IN04138,Mumbai,1057,3,2,15,Furnished
IN04139,Kolkata,1609,3,1,15.56,Semi
IN04140,Kolkata,1084,3,1,15,Furnished
IN04141,Hyderabad,2231,3,2,22.57,Furnished
IN04142,Hyderabad,491,2,2,15,Furnished
IN04143,Delhi,1363,2,3,15.67,Furnished
IN04144,Hyderabad,1445,2,1,15,Semi
IN04145,Hyderabad,884,1,3,15,Unfurnished
IN04146,Chennai,1251,3,3,15,Unfurnished
IN04147,Mumbai,1068,2,2,20.43,Unfurnished
IN04148,Chennai,1560,1,3,16.68,Semi
IN04149,Chennai,556,2,2,15,Unfurnished
IN04150,Hyderabad,1357,3,2,15,Unfurnished
IN04151,Mumbai,1195,4,2,19.55,Semi
IN04152,Kolkata,1797,2,3,17.5,Unfurnished
IN04153,Delhi,1681,3,3,26.13,Semi
IN04154,Hyderabad,1521,2,1,15,Furnished
IN04155,Chennai,1671,3,3,19.06,Unfurnished
IN04156,Hyderabad,1363,2,1,15,Semi
IN04157,Chennai,945,2,2,15,Furnished
IN04158,Delhi,600,1,3,15,Semi
IN04159,Mumbai,1051,3,3,22.28,Semi
IN04160,Bangalore,1580,2,2,16.19,Unfurnished
IN04161,Bangalore,1358,4,2,17.58,Semi
IN04162,Bangalore,300,2,3,15,Furnished
IN04163,Bangalore,2041,3,2,17.73,Semi
IN04164,Bangalore,1293,4,3,21.53,Furnished
IN04165,Chennai,1564,4,3,15,Semi
IN04166,Hyderabad,977,3,1,15,Furnished
IN04167,Delhi,789,2,2,15,Unfurnished
IN04168,Kolkata,854,4,1,15,Semi
IN04169,Kolkata,837,1,1,15,Unfurnished
IN04170,Mumbai,1160,2,2,15,Unfurnished
IN04171,Hyderabad,1047,2,3,15.74,Furnished
IN04172,Hyderabad,524,1,3,15,Unfurnished
IN04173,Kolkata,1361,2,3,15,Unfurnished
IN04174,Mumbai,1563,2,3,31.95,Furnished
IN04175,Delhi,417,1,3,15,Semi
IN04176,Mumbai,1543,4,2,23.13,Unfurnished
IN04177,Hyderabad,1530,4,2,17.34,Unfurnished
IN04178,Bangalore,702,3,1,15,Semi
IN04179,Kolkata,646,2,2,15,Furnished
IN04180,Hyderabad,1789,3,1,16.5,Furnished
IN04181,Bangalore,785,1,3,15,Semi
IN04182,Bangalore,308,2,2,15,Unfurnished
IN04183,Mumbai,637,1,3,15,Furnished
IN04184,Mumbai,1015,3,1,15.08,Unfurnished
IN04185,Chennai,644,2,1,15,Furnished
IN04186,Chennai,1173,3,2,15.51,Furnished
IN04187,Bangalore,1479,4,1,27.0,Semi
IN04188,Delhi,1327,3,2,16.96,Semi
IN04189,Hyderabad,546,2,2,15,Semi
IN04190,Mumbai,1388,4,2,18.35,Semi
IN04191,Delhi,2123,2,2,18.72,Semi
IN04192,Delhi,915,2,2,15.78,Semi
IN04193,Chennai,599,3,2,15,Semi
IN04194,Delhi,949,2,2,17.19,Semi
IN04195,Chennai,873,3,2,15,Unfurnished
IN04196,Hyderabad,1684,3,2,26.67,Semi
IN04197,Mumbai,846,2,3,15,Unfurnished
IN04198,Kolkata,1181,3,3,15,Unfurnished
IN04199,Kolkata,1175,4,2,15.74,Unfurnished
IN04200,Bangalore,1300,4,3,15.78,Semi
IN04201,Chennai,1474,3,2,21.81,Semi
IN04202,Hyderabad,766,3,3,15,Semi
IN04203,Hyderabad,334,3,1,15,Furnished
IN04204,Delhi,963,3,2,15,Semi
IN04205,Kolkata,926,4,2,15,Furnished
IN04206,Delhi,1269,3,3,15,Semi
IN04207,Hyderabad,550,1,2,15,Furnished
IN04208,Kolkata,1021,4,1,17.63,Unfurnished
IN04209,Mumbai,1015,3,2,15,Semi
IN04210,Hyderabad,1019,3,2,19.18,Semi
IN04211,Mumbai,1569,3,2,18.7,Unfurnished
IN04212,Mumbai,617,2,2,15,Semi
IN04213,Delhi,1553,1,2,28.75,Unfurnished
IN04214,Mumbai,1272,2,1,16.2,Semi
IN04215,Kolkata,1154,4,3,19.65,Semi
IN04216,Mumbai,614,2,2,15,Semi
IN04217,Chennai,1370,1,1,16.01,Furnished
IN04218,Kolkata,1115,2,2,15,Unfurnished
IN04219,Hyderabad,300,4,1,15,Furnished
IN04220,Chennai,837,2,2,15,Furnished
IN04221,Kolkata,693,2,3,15,Unfurnished
IN04222,Kolkata,1517,2,2,21.62,Furnished
IN04223,Kolkata,1425,2,1,18.76,Unfurnished
IN04224,Chennai,1079,2,3,15,Unfurnished
IN04225,Hyderabad,517,2,1,15,Furnished
IN04226,Bangalore,885,1,1,15,Furnished
IN04227,Kolkata,583,2,3,15,Semi
IN04228,Hyderabad,300,2,2,15,Furnished
IN04229,Chennai,1013,2,2,15.51,Furnished
IN04230,Kolkata,738,1,2,15,Unfurnished
IN04231,Bangalore,1093,2,2,15.8,Semi
IN04232,Mumbai,1656,3,2,15,Semi
IN04233,Hyderabad,1889,4,2,16.61,Furnished
IN04234,Mumbai,1373,3,3,15,Unfurnished
IN04235,Hyderabad,1477,2,2,15.78,Semi
IN04236,Kolkata,1359,2,2,16.74,Furnished
IN04237,Bangalore,1855,3,2,15,Unfurnished
IN04238,Delhi,1208,4,2,15,Unfurnished
IN04239,Delhi,1575,1,2,17.56,Unfurnished
IN04240,Chennai,1670,3,2,24.74,Semi
IN04241,Delhi,1692,3,2,15,Unfurnished
IN04242,Mumbai,1271,2,2,22.76,Semi
IN04243,Kolkata,585,4,2,15,Semi
IN04244,Mumbai,300,3,2,15,Furnished
IN04245,Bangalore,1638,4,3,18.5,Semi
IN04246,Bangalore,1091,1,3,15,Furnished
IN04247,Bangalore,1124,2,1,16.22,Unfurnished
IN04248,Hyderabad,1795,2,2,15,Furnished
IN04249,Bangalore,858,4,3,15,Unfurnished
IN04250,Mumbai,1192,2,2,15,Furnished
IN04251,Delhi,1847,1,2,18.66,Furnished
IN04252,Mumbai,744,3,2,15,Furnished
IN04253,Chennai,1231,4,2,15,Furnished
IN04254,Kolkata,958,2,3,15,Furnished
IN04255,Kolkata,1220,4,3,18.62,Furnished
IN04256,Bangalore,1613,2,2,22.87,Furnished
IN04257,Kolkata,618,3,3,15,Unfurnished
IN04258,Kolkata,1890,3,3,19.43,Semi
IN04259,Hyderabad,1243,3,1,15,Semi
IN04260,Kolkata,1752,3,3,25.14,Semi
IN04261,Kolkata,1328,3,3,24.15,Unfurnished
IN04262,Mumbai,300,2,2,15,Furnished
IN04263,Bangalore,1578,2,1,20.46,Furnished
IN04264,Chennai,300,2,1,15,Semi
IN04265,Chennai,1002,2,1,18.02,Furnished
IN04266,Delhi,1824,4,3,18.15,Unfurnished
IN04267,Kolkata,1330,2,2,15,Unfurnished
IN04268,Delhi,1175,1,2,26.87,Semi
IN04269,Bangalore,781,4,3,15,Unfurnished
IN04270,Mumbai,310,2,2,15,Furnished
IN04271,Mumbai,818,3,1,15,Furnished
IN04272,Bangalore,942,1,3,15,Semi
IN04273,Delhi,410,1,3,15,Semi
IN04274,Delhi,1056,1,2,18.22,Furnished
IN04275,Bangalore,1171,4,2,15,Semi
IN04276,Chennai,1695,1,2,26.55,Unfurnished
IN04277,Kolkata,728,1,2,15,Furnished
IN04278,Delhi,1607,4,3,26.54,Semi
IN04279,Hyderabad,1844,1,3,25.43,Semi
IN04280,Mumbai,300,1,3,15,Unfurnished
IN04281,Kolkata,1187,1,3,17.06,Unfurnished
IN04282,Chennai,2081,2,3,34.74,Unfurnished
IN04283,Hyderabad,1129,4,3,15,Unfurnished
IN04284,Delhi,1668,3,2,16.07,Furnished
IN04285,Chennai,671,2,3,15,Semi
IN04286,Chennai,1189,2,3,18.13,Unfurnished
IN04287,Chennai,686,3,2,15,Semi
IN04288,Bangalore,1319,3,2,15,Unfurnished
IN04289,Hyderabad,300,2,3,15,Semi
IN04290,Mumbai,1912,3,3,16.51,Unfurnished
IN04291,Delhi,542,2,1,15,Unfurnished
IN04292,Delhi,1341,3,2,15,Furnished
IN04293,Kolkata,520,3,1,15,Semi
IN04294,Delhi,830,2,3,17.02,Unfurnished
IN04295,Chennai,1480,3,3,25.11,Furnished
IN04296,Bangalore,1077,3,2,19.75,Semi
IN04297,Mumbai,1006,2,2,15,Furnished
IN04298,Hyderabad,300,1,2,15,Furnished
IN04299,Bangalore,837,4,2,15,Unfurnished
IN04300,Bangalore,1036,3,3,15.53,Semi
IN04301,Chennai,1743,4,2,27.27,Unfurnished
IN04302,Delhi,678,2,3,15,Semi
IN04303,Hyderabad,733,2,3,15,Furnished
IN04304,Mumbai,568,2,2,15,Semi
IN04305,Bangalore,315,2,3,15,Furnished
IN04306,Hyderabad,1673,2,3,15,Furnished
IN04307,Kolkata,1232,2,1,20.88,Semi
IN04308,Delhi,1685,4,3,15,Furnished
IN04309,Mumbai,300,4,1,15,Furnished
IN04310,Chennai,795,3,1,15,Unfurnished
IN04311,Mumbai,1123,1,2,15,Semi
IN04312,Mumbai,1326,3,2,15,Unfurnished
IN04313,Mumbai,1648,2,2,20.12,Furnished
IN04314,Bangalore,1072,4,1,15,Unfurnished
IN04315,Delhi,1547,1,1,20.06,Semi
IN04316,Kolkata,1073,4,2,15,Semi
IN04317,Kolkata,1763,2,1,19.65,Furnished
IN04318,Delhi,1376,2,2,15.64,Unfurnished
IN04319,Chennai,1059,1,3,16.41,Unfurnished
IN04320,Mumbai,919,2,2,15,Semi
IN04321,Bangalore,1293,4,2,15,Furnished
IN04322,Chennai,300,1,3,15,Furnished
IN04323,Chennai,1565,1,3,15,Unfurnished
IN04324,Chennai,1306,2,1,17.99,Furnished
IN04325,Kolkata,334,1,3,15,Semi
IN04326,Kolkata,1248,3,1,19.87,Semi
IN04327,Mumbai,1389,3,2,15.43,Furnished
IN04328,Chennai,1482,1,3,20.93,Semi
IN04329,Bangalore,300,3,2,15,Unfurnished
IN04330,Bangalore,1862,2,2,22.88,Furnished
IN04331,Mumbai,1167,2,2,15.23,Semi
IN04332,Kolkata,1546,3,1,24.61,Furnished
IN04333,Hyderabad,1800,2,2,26.19,Unfurnished
IN04334,Delhi,1133,2,2,23.46,Furnished
IN04335,Delhi,1178,3,2,15,Furnished
IN04336,Chennai,899,4,1,15,Semi
IN04337,Kolkata,1093,2,1,15,Unfurnished
IN04338,Delhi,607,3,1,15,Furnished
IN04339,Delhi,894,4,3,15,Semi
IN04340,Bangalore,1567,2,1,17.06,Semi
IN04341,Mumbai,1546,2,2,15,Unfurnished
IN04342,Bangalore,833,1,2,17.3,Semi
IN04343,Kolkata,812,2,2,15,Unfurnished
IN04344,Delhi,1203,3,2,15,Unfurnished
IN04345,Mumbai,1116,1,3,15,Semi
IN04346,Kolkata,1373,4,2,15.94,Furnished
IN04347,Delhi,300,2,2,15,Semi
IN04348,Mumbai,615,2,2,15,Unfurnished
IN04349,Hyderabad,1314,3,2,15,Semi
IN04350,Hyderabad,1245,2,3,21.86,Unfurnished
IN04351,Kolkata,1006,4,3,15,Unfurnished
IN04352,Delhi,961,2,2,15,Semi
IN04353,Mumbai,2233,2,3,15,Furnished
IN04354,Bangalore,1031,2,2,15,Unfurnished
IN04355,Delhi,1546,3,2,15,Unfurnished
IN04356,Mumbai,1054,3,2,15,Unfurnished
IN04357,Hyderabad,719,4,1,15,Furnished
IN04358,Mumbai,764,2,2,15,Unfurnished
IN04359,Delhi,942,3,1,15,Furnished
IN04360,Bangalore,471,3,1,15,Furnished
IN04361,Bangalore,1286,1,3,15,Furnished
IN04362,Kolkata,1153,1,2,15.49,Unfurnished
IN04363,Bangalore,1352,3,3,19.5,Unfurnished
IN04364,Hyderabad,1412,2,2,17.09,Furnished
IN04365,Chennai,1443,4,2,15,Furnished
IN04366,Chennai,1797,2,1,19.65,Semi
IN04367,Kolkata,1482,3,3,16.48,Semi
IN04368,Kolkata,2029,2,1,15,Furnished
IN04369,Chennai,300,2,1,15,Semi
IN04370,Delhi,1284,1,3,16.68,Unfurnished
IN04371,Mumbai,815,4,2,15,Furnished
IN04372,Bangalore,990,4,1,18.33,Semi
IN04373,Delhi,890,3,3,15,Furnished
IN04374,Chennai,1118,4,1,15,Semi
IN04375,Mumbai,791,3,2,15,Semi
IN04376,Bangalore,1695,2,1,16.04,Semi
IN04377,Mumbai,1435,1,1,19.55,Unfurnished
IN04378,Chennai,1006,1,2,15,Furnished
IN04379,Delhi,686,3,2,15,Semi
IN04380,Bangalore,819,3,2,15,Semi
IN04381,Bangalore,1133,4,1,15,Semi
IN04382,Bangalore,547,3,1,15,Furnished
IN04383,Mumbai,1649,3,3,15,Semi
IN04384,Chennai,950,2,3,15,Unfurnished
IN04385,Kolkata,1382,4,3,25.06,Semi
IN04386,Kolkata,949,2,2,15,Furnished
IN04387,Kolkata,998,2,1,15,Unfurnished
IN04388,Bangalore,1311,1,3,15,Semi
IN04389,Mumbai,1268,4,2,15,Unfurnished
IN04390,Mumbai,387,1,2,15,Semi
IN04391,Mumbai,1414,2,3,20.36,Unfurnished
IN04392,Bangalore,889,2,1,15,Furnished
IN04393,Kolkata,489,3,3,15,Furnished
IN04394,Bangalore,883,2,2,15,Furnished
IN04395,Delhi,1117,3,2,23.94,Semi
IN04396,Mumbai,589,1,3,15,Semi
IN04397,Chennai,486,3,1,15,Semi
IN04398,Kolkata,1089,3,1,20.33,Semi
IN04399,Chennai,1040,3,2,15,Unfurnished
IN04400,Hyderabad,1240,2,1,21.63,Unfurnished
IN04401,Mumbai,595,2,2,15,Furnished
IN04402,Chennai,473,2,2,15,Unfurnished
IN04403,Mumbai,1496,3,1,17.55,Semi
IN04404,Chennai,920,4,2,15.04,Unfurnished
IN04405,Kolkata,881,4,2,15,Semi
IN04406,Kolkata,1413,3,2,18.88,Furnished
IN04407,Kolkata,1206,4,2,17.39,Semi
IN04408,Bangalore,2597,1,1,35.3,Unfurnished
IN04409,Hyderabad,300,4,3,15,Furnished
IN04410,Kolkata,1189,3,2,15,Furnished
IN04411,Kolkata,402,1,2,15,Unfurnished
IN04412,Delhi,1283,3,3,15.73,Semi
IN04413,Kolkata,980,3,2,17.4,Semi
IN04414,Mumbai,1453,4,3,26.7,Furnished
IN04415,Bangalore,878,2,1,15,Furnished
IN04416,Mumbai,1200,2,2,16.67,Furnished
IN04417,Chennai,1369,4,3,15,Furnished
IN04418,Hyderabad,1696,4,3,20.88,Unfurnished
IN04419,Kolkata,2034,2,3,22.71,Semi
IN04420,Hyderabad,1225,3,2,16.42,Semi
IN04421,Hyderabad,1543,2,2,15,Furnished
IN04422,Kolkata,1825,4,2,15,Unfurnished
IN04423,Chennai,406,2,3,15,Furnished
IN04424,Bangalore,1055,2,2,15,Semi
IN04425,Bangalore,1039,3,2,15,Semi
IN04426,Kolkata,483,4,3,15,Unfurnished
IN04427,Mumbai,999,2,1,15,Unfurnished
IN04428,Bangalore,1592,1,1,15,Semi
IN04429,Mumbai,1189,4,3,16.58,Semi
IN04430,Chennai,783,2,1,15,Furnished
IN04431,Kolkata,2029,2,2,26.01,Unfurnished
IN04432,Delhi,1102,2,1,15,Semi
IN04433,Chennai,1344,2,2,15.79,Unfurnished
IN04434,Hyderabad,1252,4,2,16.18,Unfurnished
IN04435,Mumbai,1054,3,3,15,Semi
IN04436,Delhi,1536,3,2,27.58,Semi
IN04437,Kolkata,821,2,2,15,Furnished
IN04438,Hyderabad,1403,2,2,18.59,Furnished
IN04439,Hyderabad,579,2,2,15,Unfurnished
IN04440,Kolkata,969,3,1,19.73,Unfurnished
IN04441,Hyderabad,1192,4,3,15.92,Furnished
IN04442,Kolkata,476,3,2,15,Unfurnished
IN04443,Mumbai,441,4,2,15,Furnished
IN04444,Delhi,1573,2,2,24.82,Semi
IN04445,Kolkata,1252,3,2,15.92,Semi
IN04446,Bangalore,1153,4,3,16.5,Unfurnished
IN04447,Kolkata,1619,2,3,26.64,Semi
IN04448,Bangalore,915,4,2,15,Semi
IN04449,Hyderabad,1479,3,3,24.39,Furnished
IN04450,Hyderabad,1465,1,2,31.49,Unfurnished
IN04451,Chennai,2288,3,2,23.07,Unfurnished
IN04452,Delhi,370,3,3,15,Unfurnished
IN04453,Kolkata,1502,2,2,15,Unfurnished
IN04454,Kolkata,886,4,1,15,Semi
IN04455,Mumbai,1215,3,2,15,Furnished
IN04456,Delhi,1653,1,3,29.69,Furnished
IN04457,Mumbai,596,3,2,15,Unfurnished
IN04458,Delhi,1101,2,2,15,Unfurnished
IN04459,Hyderabad,678,1,1,15,Unfurnished
IN04460,Bangalore,1359,2,1,21.78,Furnished
IN04461,Chennai,300,2,3,15,Semi
IN04462,Kolkata,1105,3,2,15,Semi
IN04463,Delhi,1036,3,1,15,Furnished
IN04464,Mumbai,1256,2,2,20.61,Furnished
IN04465,Delhi,1096,1,2,15.92,Semi
IN04466,Chennai,1107,4,3,15,Unfurnished
IN04467,Kolkata,1057,4,3,15,Semi
IN04468,Chennai,777,3,3,15,Furnished
IN04469,Bangalore,1486,4,1,15,Semi
IN04470,Hyderabad,1807,4,2,16.43,Unfurnished
IN04471,Chennai,937,1,2,15,Semi
IN04472,Delhi,904,4,2,15,Unfurnished
IN04473,Bangalore,977,1,3,15,Unfurnished
IN04474,Bangalore,300,2,2,15,Semi
IN04475,Bangalore,356,2,1,15,Unfurnished
IN04476,Chennai,983,2,2,15.45,Semi
IN04477,Kolkata,1436,3,1,15.24,Semi
IN04478,Kolkata,1055,2,2,15,Semi
IN04479,Chennai,1309,4,3,15,Semi
IN04480,Hyderabad,865,1,2,15,Furnished
IN04481,Hyderabad,300,2,2,15,Unfurnished
IN04482,Bangalore,612,3,2,15,Semi
IN04483,Hyderabad,653,1,3,15,Unfurnished
IN04484,Kolkata,615,2,2,15,Furnished
IN04485,Delhi,949,2,3,15,Unfurnished
IN04486,Mumbai,787,3,1,15,Semi
IN04487,Hyderabad,300,3,2,15,Semi
IN04488,Hyderabad,1732,4,1,23.79,Unfurnished
IN04489,Chennai,1712,2,2,15,Semi
IN04490,Mumbai,1465,3,2,15,Semi
IN04491,Delhi,300,1,2,15,Semi
IN04492,Kolkata,1430,3,2,15,Unfurnished
IN04493,Chennai,370,3,1,15,Unfurnished
IN04494,Delhi,360,4,1,15,Unfurnished
IN04495,Bangalore,1288,2,1,19.63,Furnished
IN04496,Delhi,1632,1,2,28.0,Furnished
IN04497,Bangalore,888,2,1,15,Unfurnished
IN04498,Bangalore,684,4,2,15,Unfurnished
IN04499,Mumbai,1669,2,2,18.22,Semi
IN04500,Kolkata,1609,1,2,15,Unfurnished
IN04501,Delhi,665,3,3,15,Semi
IN04502,Chennai,1249,2,3,16.83,Semi
IN04503,Chennai,1068,4,2,15,Semi
IN04504,Kolkata,1338,3,2,16.95,Semi
IN04505,Kolkata,1190,1,3,15,Unfurnished
IN04506,Delhi,471,2,2,15,Furnished
IN04507,Delhi,1023,2,2,20.66,Furnished
IN04508,Delhi,542,1,2,15,Unfurnished
IN04509,Mumbai,683,1,3,15,Semi
IN04510,Delhi,1635,3,1,17.77,Furnished
IN04511,Kolkata,1024,1,1,24.04,Unfurnished
IN04512,Hyderabad,881,3,2,15,Unfurnished
IN04513,Mumbai,2112,2,2,26.72,Unfurnished
IN04514,Mumbai,1007,3,3,20.11,Furnished
IN04515,Hyderabad,1102,2,2,15,Unfurnished
IN04516,Mumbai,1100,4,3,15,Furnished
IN04517,Hyderabad,1065,3,1,15,Unfurnished
IN04518,Kolkata,1065,1,3,15.96,Unfurnished
IN04519,Delhi,1266,3,2,24.57,Unfurnished
IN04520,Hyderabad,300,2,2,15,Furnished
IN04521,Mumbai,981,1,1,15,Semi
IN04522,Chennai,1106,2,2,15,Furnished
IN04523,Bangalore,1399,4,2,22.52,Furnished
IN04524,Delhi,839,3,2,15,Unfurnished
IN04525,Mumbai,1035,2,1,18.88,Unfurnished
IN04526,Hyderabad,1253,1,2,15,Semi
IN04527,Chennai,935,3,2,15,Semi
IN04528,Mumbai,548,3,1,15,Semi
IN04529,Mumbai,1337,4,3,15,Unfurnished
IN04530,Mumbai,1592,2,1,15,Unfurnished
IN04531,Chennai,1586,3,1,24.1,Semi
IN04532,Chennai,1040,2,3,15,Unfurnished
IN04533,Chennai,1093,1,2,16.44,Unfurnished
IN04534,Chennai,1414,4,2,19.89,Unfurnished
IN04535,Kolkata,1905,1,1,22.46,Unfurnished
IN04536,Chennai,1980,3,1,29.25,Unfurnished
IN04537,Bangalore,1283,2,3,15,Furnished
IN04538,Hyderabad,1206,2,2,15.1,Unfurnished
IN04539,Kolkata,359,4,2,15,Unfurnished
IN04540,Delhi,1612,2,2,17.75,Furnished
IN04541,Hyderabad,915,2,3,15,Furnished
IN04542,Mumbai,1047,1,3,15,Semi
IN04543,Chennai,1701,3,3,16.83,Unfurnished
IN04544,Kolkata,774,2,2,15,Semi
IN04545,Kolkata,1487,2,2,15,Unfurnished
IN04546,Hyderabad,501,2,3,15,Unfurnished
IN04547,Delhi,606,3,2,15,Furnished
IN04548,Delhi,1441,1,2,15,Semi
IN04549,Kolkata,300,3,2,15,Furnished
IN04550,Hyderabad,873,2,2,15,Furnished
IN04551,Delhi,1565,3,2,20.6,Semi
IN04552,Chennai,1398,2,1,15,Furnished
IN04553,Delhi,692,3,3,15,Unfurnished
IN04554,Kolkata,668,3,1,15,Unfurnished
IN04555,Delhi,542,4,3,15,Semi
IN04556,Mumbai,891,2,2,15,Semi
IN04557,Hyderabad,566,2,1,15,Furnished
IN04558,Chennai,1421,4,2,16.04,Unfurnished
IN04559,Bangalore,1705,4,1,15,Furnished
IN04560,Kolkata,1477,2,2,15,Semi
IN04561,Bangalore,1148,2,3,15.53,Unfurnished
IN04562,Kolkata,1572,3,2,15,Semi
IN04563,Bangalore,1462,3,1,22.21,Unfurnished
IN04564,Mumbai,1027,4,2,15,Semi
IN04565,Delhi,2352,3,2,33.36,Unfurnished
IN04566,Hyderabad,1449,4,2,17.99,Furnished
IN04567,Bangalore,1592,2,1,19.15,Furnished
IN04568,Bangalore,1209,3,1,15,Unfurnished
IN04569,Delhi,806,1,2,15,Unfurnished
IN04570,Chennai,838,4,3,15,Semi
IN04571,Mumbai,449,3,2,15,Furnished
IN04572,Delhi,1295,2,2,17.51,Semi
IN04573,Mumbai,1042,3,2,23.24,Unfurnished
IN04574,Mumbai,758,1,1,15,Unfurnished
IN04575,Kolkata,1393,2,2,20.33,Unfurnished
IN04576,Kolkata,1480,2,2,15,Furnished
IN04577,Bangalore,717,3,3,15,Unfurnished
IN04578,Hyderabad,809,4,1,15,Furnished
IN04579,Chennai,909,4,1,15,Semi
IN04580,Delhi,1062,2,1,15,Semi
IN04581,Kolkata,560,4,3,15,Furnished
IN04582,Delhi,1004,3,2,15,Unfurnished
IN04583,Bangalore,1346,2,1,15.87,Unfurnished
IN04584,Chennai,726,3,1,15,Furnished
IN04585,Kolkata,921,4,2,15,Semi
IN04586,Bangalore,1349,3,2,15,Semi
IN04587,Kolkata,1288,2,3,22.84,Furnished
IN04588,Mumbai,2122,1,2,28.81,Unfurnished
IN04589,Kolkata,500,3,1,15,Unfurnished
IN04590,Chennai,1364,4,1,26.89,Unfurnished
IN04591,Kolkata,1135,4,3,15,Unfurnished
IN04592,Bangalore,1888,3,2,15,Furnished
IN04593,Mumbai,508,1,3,15,Furnished
IN04594,Hyderabad,561,3,2,15,Unfurnished
IN04595,Chennai,1482,3,3,15.75,Unfurnished
IN04596,Delhi,1188,4,3,15,Unfurnished
IN04597,Chennai,1042,4,3,15,Furnished
IN04598,Mumbai,759,1,2,15,Semi
IN04599,Delhi,951,1,3,15,Semi
IN04600,Mumbai,1000,2,3,15,Semi
IN04601,Mumbai,1826,2,2,15.09,Furnished
IN04602,Chennai,300,2,2,15,Semi
IN04603,Kolkata,1417,2,1,15,Unfurnished
IN04604,Delhi,811,3,2,16.15,Semi
IN04605,Hyderabad,1310,2,1,15,Semi
IN04606,Mumbai,814,2,3,15,Semi
IN04607,Bangalore,1020,4,3,15,Semi
IN04608,Hyderabad,300,2,2,15,Semi
IN04609,Hyderabad,822,4,2,15,Unfurnished
IN04610,Kolkata,1332,4,2,21.99,Unfurnished
IN04611,Chennai,1156,3,2,15,Semi
IN04612,Delhi,1328,1,2,22.3,Semi
IN04613,Bangalore,1716,3,1,21.9,Furnished
IN04614,Delhi,714,4,1,15,Unfurnished
IN04615,Hyderabad,402,2,2,15,Unfurnished
IN04616,Bangalore,1113,2,2,15,Furnished
IN04617,Chennai,999,4,1,15,Semi
IN04618,Chennai,1958,2,2,20.46,Unfurnished
IN04619,Mumbai,1180,3,3,15,Unfurnished
IN04620,Kolkata,696,3,2,15,Furnished
IN04621,Kolkata,1605,3,1,29.83,Unfurnished
IN04622,Bangalore,1074,3,3,16.56,Semi
IN04623,Kolkata,1368,3,2,26.03,Semi
IN04624,Delhi,1858,4,3,31.25,Semi
IN04625,Bangalore,1198,3,1,17.89,Furnished
IN04626,Hyderabad,1137,3,2,16.91,Furnished
IN04627,Mumbai,1112,4,2,15,Unfurnished
IN04628,Chennai,1456,3,3,15,Unfurnished
IN04629,Chennai,943,2,2,15,Furnished
IN04630,Bangalore,1381,3,2,15,Unfurnished
IN04631,Chennai,1738,1,1,15,Furnished
IN04632,Hyderabad,1702,1,2,18.96,Semi
IN04633,Kolkata,1098,3,2,15,Semi
IN04634,Mumbai,649,4,2,15,Unfurnished
IN04635,Kolkata,300,2,2,15,Furnished
IN04636,Chennai,1360,2,1,27.48,Furnished
IN04637,Delhi,1648,4,2,15.21,Unfurnished
IN04638,Chennai,1457,3,2,15,Semi
IN04639,Bangalore,1318,2,2,15,Furnished
IN04640,Delhi,1468,1,2,20.0,Semi
IN04641,Hyderabad,523,2,3,15,Furnished
IN04642,Kolkata,1427,3,1,15.18,Unfurnished
IN04643,Bangalore,1434,1,2,18.7,Semi
IN04644,Mumbai,300,4,2,15,Semi
IN04645,Mumbai,1936,4,2,15,Unfurnished
IN04646,Delhi,1657,3,2,30.38,Semi
IN04647,Hyderabad,1705,2,2,20.16,Furnished
IN04648,Delhi,1336,3,3,19.68,Furnished
IN04649,Chennai,861,3,1,15,Unfurnished
IN04650,Chennai,1918,3,2,24.23,Semi
IN04651,Delhi,522,2,2,15,Furnished
IN04652,Kolkata,938,2,2,15,Furnished
IN04653,Bangalore,1409,2,2,15.21,Semi
IN04654,Chennai,1171,2,2,15,Furnished
IN04655,Kolkata,818,3,3,15,Semi
IN04656,Bangalore,1167,1,3,15,Unfurnished
IN04657,Delhi,441,3,2,15,Semi
IN04658,Mumbai,1302,3,2,15,Semi
IN04659,Mumbai,1770,4,1,21.95,Semi
IN04660,Hyderabad,1318,1,1,17.38,Furnished
IN04661,Bangalore,843,2,1,15,Semi
IN04662,Hyderabad,1450,2,1,15,Unfurnished
IN04663,Mumbai,1101,2,1,15,Unfurnished
IN04664,Bangalore,988,3,1,15,Semi
IN04665,Mumbai,1062,1,3,15,Furnished
IN04666,Delhi,1077,1,1,15,Semi
IN04667,Bangalore,777,2,2,15,Semi
IN04668,Bangalore,897,2,2,15,Semi
IN04669,Bangalore,1884,3,3,18.91,Furnished
IN04670,Bangalore,1682,3,2,19.9,Semi
IN04671,Hyderabad,965,1,2,15,Semi
IN04672,Bangalore,775,3,3,15,Semi
IN04673,Kolkata,1391,1,3,15,Semi
IN04674,Bangalore,888,2,2,15,Semi
IN04675,Delhi,421,3,2,15,Furnished
IN04676,Hyderabad,1300,3,2,15,Unfurnished
IN04677,Bangalore,602,1,2,15,Semi
IN04678,Mumbai,2099,3,1,16.33,Furnished
IN04679,Mumbai,994,4,2,18.73,Furnished
IN04680,Bangalore,1953,3,3,24.36,Unfurnished
IN04681,Mumbai,1112,3,1,19.9,Semi
IN04682,Hyderabad,938,2,2,15,Unfurnished
IN04683,Mumbai,1972,2,3,34.66,Unfurnished
IN04684,Hyderabad,875,3,3,15,Semi
IN04685,Hyderabad,677,4,2,15,Furnished
IN04686,Kolkata,909,1,1,15,Unfurnished
IN04687,Chennai,1348,1,2,15,Semi
IN04688,Mumbai,1560,3,1,15,Furnished
IN04689,Bangalore,1080,1,1,15.89,Semi
IN04690,Chennai,1709,4,3,17.26,Unfurnished
IN04691,Delhi,1540,1,2,19.9,Unfurnished
IN04692,Mumbai,1300,1,3,15,Unfurnished
IN04693,Mumbai,708,2,1,15,Furnished
IN04694,Delhi,1227,3,1,18.5,Unfurnished
IN04695,Chennai,1517,4,1,15,Furnished
IN04696,Mumbai,1199,2,3,17.43,Semi
IN04697,Kolkata,1875,3,3,15,Furnished
IN04698,Chennai,2107,2,2,19.73,Furnished
IN04699,Chennai,938,2,3,15,Unfurnished
IN04700,Mumbai,914,1,3,15,Semi
IN04701,Bangalore,1066,2,1,15,Furnished
IN04702,Bangalore,1422,3,2,15,Unfurnished
IN04703,Kolkata,762,3,2,15,Unfurnished
IN04704,Chennai,1012,3,3,15,Unfurnished
IN04705,Bangalore,1518,1,3,15,Furnished
IN04706,Chennai,1069,1,2,15,Furnished
IN04707,Chennai,822,3,3,15,Unfurnished
IN04708,Delhi,556,1,2,15,Furnished
IN04709,Delhi,614,4,2,15,Semi
IN04710,Delhi,931,1,1,15,Furnished
IN04711,Bangalore,1313,4,1,15,Furnished
IN04712,Chennai,1531,1,2,17.66,Unfurnished
IN04713,Chennai,708,1,2,15,Unfurnished
IN04714,Mumbai,852,3,2,15,Furnished
IN04715,Mumbai,910,3,3,15,Semi
IN04716,Delhi,300,2,2,15,Unfurnished
IN04717,Mumbai,1398,4,2,21.55,Furnished
IN04718,Bangalore,547,2,3,15,Furnished
IN04719,Chennai,2087,2,1,20.29,Semi
IN04720,Bangalore,1255,1,2,17.45,Semi
IN04721,Bangalore,1087,4,1,15.13,Unfurnished
IN04722,Delhi,342,3,2,15,Furnished
IN04723,Delhi,1128,3,1,18.54,Furnished
IN04724,Hyderabad,714,3,2,15,Semi
IN04725,Kolkata,823,3,2,17.67,Semi
IN04726,Mumbai,681,4,1,15,Unfurnished
IN04727,Kolkata,1268,1,1,15,Unfurnished
IN04728,Hyderabad,1835,1,2,21.7,Furnished
IN04729,Mumbai,1233,1,3,15.36,Furnished
IN04730,Delhi,1263,3,3,15,Furnished
IN04731,Kolkata,1020,1,3,15,Semi
IN04732,Hyderabad,1650,2,2,27.13,Furnished
IN04733,Mumbai,1498,3,2,15.35,Furnished
IN04734,Hyderabad,1372,2,2,15,Furnished
IN04735,Chennai,797,3,2,15,Semi
IN04736,Chennai,807,2,1,15,Unfurnished
IN04737,Bangalore,1381,3,1,15,Unfurnished
IN04738,Mumbai,567,2,2,15,Furnished
IN04739,Kolkata,1249,4,3,15,Furnished
IN04740,Bangalore,626,4,2,15,Furnished
IN04741,Mumbai,1093,1,2,15,Unfurnished
IN04742,Mumbai,746,2,2,15,Unfurnished
IN04743,Mumbai,992,1,3,15,Furnished
IN04744,Bangalore,768,2,1,15,Furnished
IN04745,Chennai,616,3,1,15,Semi
IN04746,Mumbai,925,3,3,15,Semi
IN04747,Kolkata,1182,3,2,15.55,Furnished
IN04748,Bangalore,1199,2,2,16.12,Semi
IN04749,Kolkata,456,2,2,15,Semi
IN04750,Chennai,695,2,3,15,Unfurnished
IN04751,Kolkata,1917,3,2,32.28,Furnished
IN04752,Mumbai,1633,2,2,20.85,Furnished
IN04753,Bangalore,1057,3,2,15.91,Unfurnished
IN04754,Hyderabad,1272,4,1,29.64,Unfurnished
IN04755,Mumbai,1527,1,1,15.8,Furnished
IN04756,Delhi,452,2,3,15,Semi
IN04757,Bangalore,899,2,1,15,Unfurnished
IN04758,Kolkata,1072,3,1,15.14,Unfurnished
IN04759,Hyderabad,1305,2,1,15.38,Semi
IN04760,Chennai,1725,3,1,15,Semi
IN04761,Hyderabad,1174,4,2,16.95,Semi
IN04762,Kolkata,1214,2,2,15,Semi
IN04763,Delhi,1164,1,3,19.43,Unfurnished
IN04764,Chennai,2070,3,1,15,Unfurnished
IN04765,Mumbai,856,2,2,15,Unfurnished
IN04766,Mumbai,854,1,2,15,Semi
IN04767,Hyderabad,1186,1,2,15.69,Semi
IN04768,Delhi,1192,3,1,17.79,Unfurnished
IN04769,Hyderabad,1633,3,2,18.86,Semi
IN04770,Chennai,1373,3,2,15.94,Semi
IN04771,Chennai,811,3,1,15,Unfurnished
IN04772,Delhi,1304,1,2,15.69,Semi
IN04773,Chennai,792,3,2,15,Furnished
IN04774,Mumbai,1128,2,2,18.94,Furnished
IN04775,Chennai,379,2,2,15,Semi
IN04776,Bangalore,1140,3,2,15.52,Unfurnished
IN04777,Bangalore,1492,3,2,15,Semi
IN04778,Mumbai,2562,3,1,34.95,Unfurnished
IN04779,Bangalore,638,2,3,15,Semi
IN04780,Kolkata,1555,3,3,23.6,Furnished
IN04781,Kolkata,550,2,2,15,Semi
IN04782,Chennai,1233,1,1,15,Furnished
IN04783,Bangalore,1347,2,2,20.02,Furnished
IN04784,Kolkata,1075,2,2,15,Furnished
IN04785,Mumbai,710,4,3,15,Unfurnished
IN04786,Mumbai,606,3,1,15,Semi
IN04787,Kolkata,1333,2,2,15,Semi
IN04788,Bangalore,1234,4,3,19.28,Unfurnished
IN04789,Delhi,300,2,3,15,Unfurnished
IN04790,Kolkata,1377,2,3,17.06,Furnished
IN04791,Bangalore,1369,4,2,15.04,Semi
IN04792,Bangalore,1362,4,1,15,Semi
IN04793,Bangalore,1068,3,2,15,Unfurnished
IN04794,Mumbai,972,4,2,16.09,Semi
IN04795,Mumbai,1008,3,1,15,Unfurnished
IN04796,Hyderabad,507,2,2,15,Furnished
IN04797,Kolkata,1357,3,2,15,Semi
IN04798,Bangalore,1086,1,2,16.81,Furnished
IN04799,Kolkata,868,3,2,15,Unfurnished
IN04800,Mumbai,1081,3,1,15,Unfurnished
IN04801,Hyderabad,679,2,2,15,Unfurnished
IN04802,Bangalore,1427,3,1,15.18,Semi
IN04803,Hyderabad,1513,1,2,15,Semi
IN04804,Delhi,1125,4,2,16.33,Furnished
IN04805,Mumbai,1199,4,1,15,Furnished
IN04806,Bangalore,739,3,1,15,Semi
IN04807,Kolkata,1133,3,1,15,Unfurnished
IN04808,Bangalore,1418,1,3,15,Semi
IN04809,Chennai,896,2,1,15,Semi
IN04810,Bangalore,1712,3,1,25.38,Unfurnished
IN04811,Chennai,881,3,2,15,Semi
IN04812,Hyderabad,1328,2,3,15,Semi
IN04813,Delhi,1775,3,1,16.21,Furnished
IN04814,Kolkata,899,3,1,15,Furnished
IN04815,Bangalore,300,4,3,15,Semi
IN04816,Chennai,745,4,2,15,Furnished
IN04817,Delhi,300,2,3,15,Semi
IN04818,Mumbai,1753,1,2,18.51,Furnished
IN04819,Kolkata,1512,4,2,16.45,Semi
IN04820,Kolkata,1094,3,2,15,Semi
IN04821,Kolkata,602,3,3,15,Furnished
IN04822,Hyderabad,1641,3,2,31.6,Unfurnished
IN04823,Delhi,571,4,3,15,Unfurnished
IN04824,Mumbai,1847,3,3,19.85,Furnished
IN04825,Chennai,857,4,3,15,Furnished
IN04826,Kolkata,1178,2,2,17.07,Unfurnished
IN04827,Hyderabad,1195,3,2,15,Semi
IN04828,Mumbai,1142,2,1,15,Unfurnished
IN04829,Chennai,1238,3,3,20.26,Furnished
IN04830,Hyderabad,810,2,2,15,Unfurnished
IN04831,Kolkata,1386,1,1,22.47,Semi
IN04832,Delhi,1199,2,2,24.93,Unfurnished
IN04833,Bangalore,821,2,2,15,Semi
IN04834,Hyderabad,1119,3,2,25.02,Semi
IN04835,Chennai,956,2,3,15,Unfurnished
IN04836,Chennai,1009,1,1,20.95,Semi
IN04837,Kolkata,769,4,2,15.08,Semi
IN04838,Bangalore,1071,1,3,21.86,Semi
IN04839,Mumbai,1186,4,2,15,Unfurnished
IN04840,Kolkata,1216,2,1,15,Semi
IN04841,Hyderabad,1189,4,1,16.13,Furnished
IN04842,Chennai,1322,3,1,18.63,Furnished
IN04843,Kolkata,1313,1,3,15,Unfurnished
IN04844,Chennai,537,2,1,15,Furnished
IN04845,Bangalore,1056,4,2,20.48,Unfurnished
IN04846,Kolkata,405,3,2,15,Furnished
IN04847,Bangalore,596,1,3,15,Semi
IN04848,Delhi,1827,2,2,15.06,Unfurnished
IN04849,Chennai,878,2,2,15,Furnished
IN04850,Kolkata,1592,2,1,24.71,Unfurnished
IN04851,Delhi,863,3,2,15,Semi
IN04852,Hyderabad,1460,3,3,15,Furnished
IN04853,Bangalore,1190,3,2,15.86,Unfurnished
IN04854,Hyderabad,300,1,2,15,Semi
IN04855,Bangalore,300,4,2,15,Unfurnished
IN04856,Mumbai,1244,3,1,15,Furnished
IN04857,Chennai,1031,4,2,15,Semi
IN04858,Delhi,1093,3,3,15,Semi
IN04859,Delhi,1314,2,1,24.71,Semi
IN04860,Kolkata,914,1,2,15,Furnished
IN04861,Kolkata,1232,2,1,23.27,Furnished
IN04862,Hyderabad,1645,1,3,23.85,Unfurnished
IN04863,Kolkata,651,2,2,15,Unfurnished
IN04864,Bangalore,1391,2,2,23.5,Semi
IN04865,Delhi,1115,3,1,22.14,Unfurnished
IN04866,Delhi,1033,3,1,15,Unfurnished
IN04867,Bangalore,1625,1,1,20.3,Semi
IN04868,Delhi,683,2,2,15,Unfurnished
IN04869,Hyderabad,1620,4,1,15,Unfurnished
IN04870,Bangalore,758,1,2,15,Unfurnished
IN04871,Hyderabad,405,3,2,15,Semi
IN04872,Chennai,1157,2,2,15,Furnished
IN04873,Mumbai,1752,2,2,15,Unfurnished
IN04874,Hyderabad,880,2,1,15,Unfurnished
IN04875,Delhi,1485,1,3,15,Unfurnished
IN04876,Hyderabad,840,1,3,15,Furnished
IN04877,Hyderabad,511,3,3,15,Furnished
IN04878,Bangalore,1025,4,3,15,Semi
IN04879,Mumbai,1555,2,1,30.21,Unfurnished
IN04880,Mumbai,1166,3,2,15,Furnished
IN04881,Kolkata,1370,1,2,17.66,Semi
IN04882,Kolkata,994,3,1,15,Furnished
IN04883,Hyderabad,1059,4,2,15,Furnished
IN04884,Kolkata,453,2,3,15,Unfurnished
IN04885,Mumbai,1254,2,2,22.47,Unfurnished
IN04886,Mumbai,860,3,1,15,Semi
IN04887,Kolkata,1639,1,3,21.02,Furnished
IN04888,Kolkata,1360,1,1,16.6,Semi
IN04889,Delhi,871,3,3,15,Furnished
IN04890,Mumbai,1263,2,2,15,Semi
IN04891,Mumbai,1180,4,3,21.91,Furnished
IN04892,Mumbai,1314,3,3,15,Furnished
IN04893,Hyderabad,434,1,3,15,Semi
IN04894,Mumbai,1080,3,3,15,Unfurnished
IN04895,Hyderabad,974,4,2,15,Unfurnished
IN04896,Kolkata,654,4,1,15,Semi
IN04897,Chennai,544,2,2,15,Unfurnished
IN04898,Delhi,1577,4,3,16.76,Furnished
IN04899,Chennai,1219,3,2,16.67,Unfurnished
IN04900,Mumbai,485,1,3,15,Unfurnished
IN04901,Chennai,1057,3,1,15,Unfurnished
IN04902,Chennai,965,2,1,17.75,Furnished
IN04903,Chennai,1427,2,1,15,Furnished
IN04904,Bangalore,675,3,2,15,Furnished
IN04905,Mumbai,458,4,2,15,Semi
IN04906,Hyderabad,1278,1,2,15,Furnished
IN04907,Chennai,1226,4,2,18.93,Unfurnished
IN04908,Hyderabad,2143,2,3,28.84,Furnished
IN04909,Mumbai,1352,2,2,20.77,Furnished
IN04910,Mumbai,710,3,3,15,Unfurnished
IN04911,Hyderabad,1546,1,1,19.09,Furnished
IN04912,Delhi,1479,2,2,19.3,Semi
IN04913,Mumbai,1401,2,3,15,Furnished
IN04914,Kolkata,1241,4,1,15,Unfurnished
IN04915,Hyderabad,731,3,1,15,Semi
IN04916,Hyderabad,1171,3,2,15,Unfurnished
IN04917,Delhi,1508,2,2,21.72,Furnished
IN04918,Bangalore,675,2,3,15,Furnished
IN04919,Kolkata,1383,2,2,15,Furnished
IN04920,Delhi,1330,2,3,15,Furnished
IN04921,Chennai,335,1,3,15,Semi
IN04922,Bangalore,887,1,3,15,Semi
IN04923,Hyderabad,789,4,3,15,Unfurnished
IN04924,Mumbai,980,4,2,15,Furnished
IN04925,Delhi,1308,2,2,16.27,Unfurnished
IN04926,Kolkata,1389,3,3,15,Unfurnished
IN04927,Delhi,824,4,3,15,Furnished
IN04928,Bangalore,1095,2,2,15,Furnished
IN04929,Delhi,1364,3,2,15,Semi
IN04930,Kolkata,884,2,2,15,Semi
IN04931,Kolkata,768,3,1,15,Furnished
IN04932,Chennai,506,3,2,15,Furnished
IN04933,Hyderabad,914,2,3,15,Furnished
IN04934,Mumbai,1007,4,1,15,Furnished
IN04935,Chennai,943,4,3,15,Unfurnished
IN04936,Hyderabad,1584,4,2,26.4,Unfurnished
IN04937,Kolkata,1194,4,2,21.01,Unfurnished
IN04938,Chennai,1633,1,1,24.72,Unfurnished
IN04939,Chennai,1757,4,1,15,Semi
IN04940,Bangalore,1053,4,2,15.01,Semi
IN04941,Chennai,1151,2,2,15.29,Semi
IN04942,Mumbai,1309,2,2,15,Unfurnished
IN04943,Delhi,1815,2,2,18.28,Furnished
IN04944,Kolkata,1246,1,1,15,Unfurnished
IN04945,Bangalore,624,3,2,15,Unfurnished
IN04946,Delhi,1299,4,3,15.55,Unfurnished
IN04947,Chennai,1232,2,1,25.09,Unfurnished
IN04948,Chennai,1264,3,2,15.37,Semi
IN04949,Kolkata,666,2,3,15,Semi
IN04950,Bangalore,1530,2,1,22.96,Semi
IN04951,Bangalore,1285,3,1,16.22,Furnished
IN04952,Delhi,1496,2,2,23.62,Furnished
IN04953,Bangalore,1153,3,2,15,Unfurnished
IN04954,Bangalore,1032,4,2,15,Semi
IN04955,Mumbai,1266,3,2,15,Furnished
IN04956,Hyderabad,355,4,3,15,Unfurnished
IN04957,Hyderabad,748,1,2,15,Semi
IN04958,Mumbai,619,4,3,15,Unfurnished
IN04959,Mumbai,1536,4,2,15.69,Furnished
IN04960,Kolkata,738,3,2,15,Furnished
IN04961,Kolkata,1359,1,2,20.66,Semi
IN04962,Mumbai,903,3,3,15,Unfurnished
IN04963,Delhi,1071,3,2,17.75,Unfurnished
IN04964,Delhi,960,3,3,15,Furnished
IN04965,Kolkata,1728,3,3,15.99,Unfurnished
IN04966,Chennai,1337,4,2,18.29,Unfurnished
IN04967,Hyderabad,881,3,1,15,Furnished
IN04968,Hyderabad,1344,2,3,15.95,Unfurnished
IN04969,Delhi,939,3,1,15,Unfurnished
IN04970,Hyderabad,522,4,2,15,Semi
IN04971,Delhi,1851,3,3,19.55,Semi
IN04972,Hyderabad,1000,4,2,15,Semi
IN04973,Chennai,1467,3,2,15,Semi
IN04974,Hyderabad,1031,3,3,15,Semi
IN04975,Hyderabad,1212,1,3,16.2,Furnished
IN04976,Delhi,1196,2,2,15,Semi
IN04977,Mumbai,1265,1,2,22.74,Semi
IN04978,Hyderabad,1287,4,1,17.12,Unfurnished
IN04979,Delhi,886,3,2,15.58,Semi
IN04980,Hyderabad,1804,2,3,19.15,Unfurnished
IN04981,Bangalore,1359,1,2,19.12,Unfurnished
IN04982,Bangalore,1747,1,2,23.5,Unfurnished
IN04983,Hyderabad,1614,4,2,15,Unfurnished
IN04984,Kolkata,1503,2,3,15,Furnished
IN04985,Delhi,743,4,2,15,Furnished
IN04986,Kolkata,1456,2,2,15,Semi
IN04987,Delhi,616,1,2,15,Semi
IN04988,Mumbai,1227,4,2,19.58,Semi
IN04989,Kolkata,832,4,2,15,Semi
IN04990,Bangalore,1169,1,2,17.28,Semi
IN04991,Bangalore,687,3,1,15,Unfurnished
IN04992,Hyderabad,1568,1,3,15.47,Furnished
IN04993,Hyderabad,1229,1,3,15,Furnished
IN04994,Mumbai,1313,4,1,15,Semi
IN04995,Kolkata,370,2,3,15,Furnished
IN04996,Bangalore,1477,2,3,15,Semi
IN04997,Bangalore,1578,2,3,18.84,Semi
IN04998,Kolkata,1363,3,2,16.31,Unfurnished
IN04999,Delhi,1318,3,2,15,Furnished
IN05000,Kolkata,1754,1,2,28.46,Furnished
IN05001,Kolkata,2031,4,2,34.21,Unfurnished
IN05002,Bangalore,891,4,1,15,Furnished
IN05003,Hyderabad,1110,4,3,15,Furnished
IN05004,Bangalore,1179,2,3,15,Semi
IN05005,Delhi,481,3,2,15,Semi
IN05006,Kolkata,935,4,1,15,Semi
IN05007,Hyderabad,1658,2,2,25.56,Furnished
IN05008,Mumbai,1071,3,3,15,Furnished
IN05009,Hyderabad,722,4,2,15,Unfurnished
IN05010,Chennai,1293,4,3,18.25,Unfurnished
IN05011,Kolkata,1620,4,2,15,Semi
IN05012,Chennai,582,2,3,15,Furnished
IN05013,Chennai,1169,1,2,15,Furnished
IN05014,Chennai,808,4,1,15,Furnished
IN05015,Chennai,1283,2,2,16.22,Unfurnished
IN05016,Kolkata,1142,4,2,15,Semi
IN05017,Hyderabad,1416,3,2,22.39,Furnished
IN05018,Mumbai,1266,2,1,18.53,Unfurnished
IN05019,Hyderabad,1545,1,2,15,Unfurnished
IN05020,Chennai,1417,4,3,26.95,Unfurnished
IN05021,Chennai,1280,1,2,20.39,Furnished
IN05022,Chennai,627,3,1,15,Furnished
IN05023,Delhi,1457,1,1,15,Furnished
IN05024,Kolkata,300,1,2,15,Semi
IN05025,Chennai,1584,3,2,22.02,Semi
IN05026,Bangalore,1171,4,2,15,Unfurnished
IN05027,Bangalore,660,3,2,15,Semi
IN05028,Hyderabad,1263,4,2,15,Unfurnished
IN05029,Mumbai,1898,3,3,22.1,Unfurnished
IN05030,Kolkata,1513,4,2,21.42,Unfurnished
IN05031,Kolkata,876,4,2,15,Unfurnished
IN05032,Bangalore,702,4,3,15,Furnished
IN05033,Bangalore,809,4,2,17.68,Furnished
IN05034,Mumbai,1579,4,1,17.58,Furnished
IN05035,Hyderabad,790,4,3,15,Unfurnished
IN05036,Mumbai,665,3,1,15,Semi
IN05037,Hyderabad,1562,2,3,18.97,Semi
IN05038,Kolkata,688,2,1,15,Semi
IN05039,Hyderabad,468,4,2,15,Furnished
IN05040,Delhi,1352,2,2,15.85,Unfurnished
IN05041,Bangalore,1126,2,1,15,Semi
IN05042,Bangalore,416,3,2,15,Semi
IN05043,Bangalore,1497,3,2,16.72,Unfurnished
IN05044,Chennai,1495,2,2,17.75,Unfurnished
IN05045,Kolkata,1810,3,2,28.87,Semi
IN05046,Kolkata,944,3,1,15,Semi
IN05047,Hyderabad,1400,3,2,18.72,Semi
IN05048,Bangalore,1433,2,3,15,Semi
IN05049,Chennai,1270,2,3,15,Unfurnished
IN05050,Mumbai,1146,3,2,15,Semi
IN05051,Mumbai,592,4,2,15,Furnished
IN05052,Bangalore,809,3,2,15,Unfurnished
IN05053,Bangalore,2068,2,1,26.76,Unfurnished
IN05054,Kolkata,1232,3,2,15,Semi
IN05055,Kolkata,954,2,3,15,Semi
IN05056,Kolkata,1118,3,3,15,Semi
IN05057,Mumbai,1188,4,2,17.2,Semi
IN05058,Kolkata,1306,4,2,20.84,Furnished
IN05059,Bangalore,781,4,1,15,Unfurnished
IN05060,Chennai,1204,3,1,15,Furnished
IN05061,Bangalore,486,3,2,15,Furnished
IN05062,Bangalore,1372,3,1,15.04,Unfurnished
IN05063,Mumbai,1388,2,1,16.44,Semi
IN05064,Bangalore,448,3,1,15,Furnished
IN05065,Kolkata,1550,3,2,28.37,Semi
IN05066,Hyderabad,750,1,2,15,Furnished
IN05067,Chennai,1133,2,2,15,Unfurnished
IN05068,Chennai,1583,1,3,15.22,Unfurnished
IN05069,Chennai,1268,2,1,15,Unfurnished
IN05070,Mumbai,395,3,3,15,Semi
IN05071,Mumbai,780,3,3,15,Semi
IN05072,Kolkata,887,3,2,15,Semi
IN05073,Hyderabad,1647,1,2,15,Semi
IN05074,Bangalore,718,3,1,15,Semi
IN05075,Chennai,856,1,3,15,Unfurnished
IN05076,Chennai,1560,1,1,18.6,Semi
IN05077,Bangalore,1536,3,2,15,Semi
IN05078,Mumbai,569,4,1,15,Semi
IN05079,Mumbai,1276,3,3,15,Furnished
IN05080,Mumbai,1446,1,2,15,Unfurnished
IN05081,Delhi,1682,2,3,32.13,Furnished
IN05082,Bangalore,637,2,2,15,Furnished
IN05083,Hyderabad,1270,2,2,15,Unfurnished
IN05084,Kolkata,1145,3,3,16.79,Unfurnished
IN05085,Bangalore,1430,3,1,15.21,Semi
IN05086,Bangalore,1728,4,1,15.51,Furnished
IN05087,Delhi,868,3,3,15.23,Semi
IN05088,Mumbai,1413,3,2,19.17,Semi
IN05089,Hyderabad,1091,4,1,15.2,Unfurnished
IN05090,Mumbai,858,1,1,15,Furnished
IN05091,Delhi,1069,3,2,16.68,Semi
IN05092,Chennai,1979,2,2,28.03,Semi
IN05093,Chennai,1032,4,1,15,Unfurnished
IN05094,Chennai,1431,3,1,15.95,Unfurnished
IN05095,Chennai,888,1,3,15,Furnished
IN05096,Bangalore,1276,3,1,15,Unfurnished
IN05097,Chennai,938,3,1,15,Furnished
IN05098,Delhi,1023,3,1,15,Semi
IN05099,Chennai,738,2,3,15,Furnished
IN05100,Mumbai,729,2,3,15,Semi
IN05101,Delhi,796,2,2,15,Furnished
IN05102,Hyderabad,1337,2,3,19.57,Unfurnished
IN05103,Chennai,1717,1,2,23.99,Semi
IN05104,Chennai,1281,3,1,15.68,Furnished
IN05105,Chennai,1002,2,1,15,Unfurnished
IN05106,Chennai,1465,3,1,15,Semi
IN05107,Hyderabad,1693,2,2,35.33,Unfurnished
IN05108,Mumbai,1123,2,1,15,Furnished
IN05109,Delhi,300,1,2,15,Furnished
IN05110,Bangalore,876,2,1,15,Semi
IN05111,Kolkata,1609,4,1,15,Unfurnished
IN05112,Hyderabad,1378,3,2,15,Unfurnished
IN05113,Delhi,405,2,2,15,Semi
IN05114,Kolkata,1240,4,3,15,Furnished
IN05115,Kolkata,1751,3,3,15,Furnished
IN05116,Mumbai,1041,1,2,15,Unfurnished
IN05117,Kolkata,1779,1,1,15.59,Semi
IN05118,Hyderabad,300,2,2,15,Semi
IN05119,Chennai,1147,4,2,15,Unfurnished
IN05120,Delhi,1585,1,2,17.0,Furnished
IN05121,Hyderabad,1427,3,1,15,Unfurnished
IN05122,Hyderabad,977,2,3,18.49,Furnished
IN05123,Chennai,1166,1,3,15,Semi
IN05124,Mumbai,1601,2,2,18.43,Semi
IN05125,Bangalore,1861,2,2,25.35,Semi
IN05126,Bangalore,869,3,2,15,Furnished
IN05127,Chennai,1688,2,2,17.76,Unfurnished
IN05128,Mumbai,1168,3,2,17.74,Semi
IN05129,Delhi,596,2,2,15,Semi
IN05130,Bangalore,1290,2,2,19.03,Unfurnished
IN05131,Hyderabad,1792,3,2,18.64,Unfurnished
IN05132,Hyderabad,950,2,3,15,Unfurnished
IN05133,Kolkata,1824,2,1,20.48,Unfurnished
IN05134,Mumbai,1650,2,3,19.09,Furnished
IN05135,Hyderabad,1163,4,1,16.85,Unfurnished
IN05136,Bangalore,1018,2,2,15,Semi
IN05137,Mumbai,1979,2,3,34.97,Unfurnished
IN05138,Hyderabad,386,2,1,15,Unfurnished
IN05139,Hyderabad,300,2,3,15,Semi
IN05140,Chennai,1533,3,2,23.92,Unfurnished
IN05141,Bangalore,1145,3,3,15,Semi
IN05142,Kolkata,300,2,2,15,Furnished
IN05143,Hyderabad,1814,4,2,15,Furnished
IN05144,Hyderabad,1661,3,2,16.13,Semi
IN05145,Bangalore,1622,2,3,19.43,Furnished
IN05146,Bangalore,1307,2,1,15,Furnished
IN05147,Mumbai,2148,2,2,34.81,Furnished
IN05148,Delhi,1084,3,2,15,Furnished
IN05149,Kolkata,835,3,1,15,Unfurnished
IN05150,Mumbai,1172,1,2,21.88,Furnished
IN05151,Kolkata,876,3,1,15,Unfurnished
IN05152,Kolkata,1218,1,1,15,Unfurnished
IN05153,Kolkata,674,2,2,15,Furnished
IN05154,Kolkata,757,3,3,15,Semi
IN05155,Hyderabad,933,2,2,17.79,Unfurnished
IN05156,Mumbai,516,3,2,15,Semi
IN05157,Bangalore,1126,4,3,19.24,Semi
IN05158,Kolkata,360,4,1,15,Semi
IN05159,Bangalore,1233,4,1,15,Semi
IN05160,Mumbai,325,2,2,15,Furnished
IN05161,Mumbai,338,3,2,15,Semi
IN05162,Kolkata,922,3,2,15,Semi
IN05163,Bangalore,1156,3,1,15,Unfurnished
IN05164,Delhi,940,3,1,15.19,Furnished
IN05165,Kolkata,1154,3,2,15,Semi
IN05166,Chennai,1319,3,2,15,Semi
IN05167,Hyderabad,1271,2,2,24.61,Unfurnished
IN05168,Kolkata,772,2,2,15,Furnished
IN05169,Chennai,1984,4,3,15,Semi
IN05170,Bangalore,430,2,2,15,Furnished
IN05171,Bangalore,741,4,1,15,Semi
IN05172,Mumbai,1134,3,1,15,Unfurnished
IN05173,Mumbai,1517,3,1,15,Semi
IN05174,Kolkata,966,2,1,15,Unfurnished
IN05175,Kolkata,766,2,3,15,Furnished
IN05176,Kolkata,350,2,2,15,Semi
IN05177,Bangalore,1934,1,1,18.7,Unfurnished
IN05178,Kolkata,1007,2,1,15,Semi
IN05179,Kolkata,1498,3,1,15,Furnished
IN05180,Kolkata,1247,1,3,15,Unfurnished
IN05181,Mumbai,1050,1,2,19.0,Semi
IN05182,Chennai,1176,1,1,15,Furnished
IN05183,Bangalore,1233,1,3,24.12,Unfurnished
IN05184,Mumbai,901,1,2,16.15,Semi
IN05185,Chennai,536,3,3,15,Unfurnished
IN05186,Mumbai,1176,2,2,15.02,Unfurnished
IN05187,Hyderabad,1282,2,1,15,Unfurnished
IN05188,Delhi,1718,4,3,15,Semi
IN05189,Bangalore,1405,3,1,33.68,Semi
IN05190,Mumbai,501,1,2,15,Unfurnished
IN05191,Mumbai,1461,1,1,15,Semi
IN05192,Mumbai,500,3,3,15,Furnished
IN05193,Kolkata,734,4,3,15,Unfurnished
IN05194,Mumbai,1073,1,3,22.09,Unfurnished
IN05195,Bangalore,1287,3,1,15,Unfurnished
IN05196,Delhi,732,4,2,15,Semi
IN05197,Hyderabad,1015,3,2,15.61,Furnished
IN05198,Hyderabad,1701,3,3,20.87,Unfurnished
IN05199,Kolkata,753,3,1,15,Furnished
IN05200,Chennai,604,3,2,15,Unfurnished
IN05201,Mumbai,754,2,2,15,Furnished
IN05202,Hyderabad,1446,4,1,15,Furnished
IN05203,Mumbai,1646,4,2,24.08,Furnished
IN05204,Chennai,710,4,1,15,Furnished
IN05205,Bangalore,849,1,1,15,Furnished
IN05206,Delhi,852,3,2,15,Unfurnished
IN05207,Delhi,947,2,3,15.32,Furnished
IN05208,Chennai,734,4,1,15,Furnished
IN05209,Hyderabad,634,2,2,15,Unfurnished
IN05210,Mumbai,1452,2,2,16.58,Furnished
IN05211,Delhi,1455,4,1,19.65,Furnished
IN05212,Bangalore,1545,4,2,23.83,Unfurnished
IN05213,Kolkata,797,2,2,15,Semi
IN05214,Chennai,421,3,2,15,Furnished
IN05215,Bangalore,1146,3,1,17.44,Unfurnished
IN05216,Hyderabad,665,3,2,15,Unfurnished
IN05217,Kolkata,1352,2,2,15,Semi
IN05218,Bangalore,740,1,3,15,Furnished
IN05219,Bangalore,1179,4,1,15,Semi
IN05220,Bangalore,1951,2,1,15,Furnished
IN05221,Hyderabad,655,2,1,15,Furnished
IN05222,Chennai,1407,4,3,15,Furnished
IN05223,Mumbai,1379,2,2,20.91,Semi
IN05224,Hyderabad,1126,3,2,15,Semi
IN05225,Mumbai,1347,2,3,16.97,Furnished
IN05226,Delhi,400,2,1,15,Furnished
IN05227,Kolkata,1411,3,2,15,Semi
IN05228,Chennai,300,3,3,15,Unfurnished
IN05229,Mumbai,1211,2,1,15.81,Semi
IN05230,Delhi,414,3,2,15,Semi
IN05231,Chennai,1811,3,2,26.67,Furnished
IN05232,Bangalore,1573,3,1,22.25,Semi
IN05233,Kolkata,1142,3,2,15,Furnished
IN05234,Chennai,1383,4,3,19.95,Furnished
IN05235,Kolkata,465,3,3,15,Semi
IN05236,Delhi,1188,3,3,18.33,Semi
IN05237,Hyderabad,972,3,2,15,Semi
IN05238,Kolkata,1314,2,2,17.45,Semi
IN05239,Hyderabad,822,4,3,15,Unfurnished
IN05240,Delhi,1111,4,1,15,Furnished
IN05241,Bangalore,940,2,3,15,Furnished
IN05242,Delhi,1804,4,1,16.85,Unfurnished
IN05243,Kolkata,1230,2,3,21.28,Furnished
IN05244,Hyderabad,300,2,1,15,Unfurnished
IN05245,Delhi,828,2,1,15,Semi
IN05246,Mumbai,1481,4,2,24.91,Semi
IN05247,Chennai,867,3,2,15,Unfurnished
IN05248,Hyderabad,328,3,2,15,Semi
IN05249,Mumbai,322,1,1,15,Semi
IN05250,Delhi,1410,2,1,15,Unfurnished
IN05251,Hyderabad,468,3,2,15,Unfurnished
IN05252,Chennai,1203,2,3,21.53,Furnished
IN05253,Kolkata,1751,3,2,26.93,Semi
IN05254,Delhi,628,4,2,15,Unfurnished
IN05255,Kolkata,1263,2,2,15,Furnished
IN05256,Mumbai,300,2,3,15,Furnished
IN05257,Hyderabad,1770,2,1,18.22,Semi
IN05258,Delhi,1366,1,1,15,Semi
IN05259,Bangalore,2255,3,3,33.01,Furnished
IN05260,Kolkata,858,3,1,15,Furnished
IN05261,Hyderabad,1594,3,1,25.5,Furnished
IN05262,Bangalore,786,2,2,15,Semi
IN05263,Hyderabad,1157,3,2,19.2,Unfurnished
IN05264,Kolkata,1199,3,3,15.57,Furnished
IN05265,Kolkata,1589,2,1,22.75,Furnished
IN05266,Chennai,1152,4,3,21.38,Furnished
IN05267,Hyderabad,608,4,2,15,Unfurnished
IN05268,Chennai,1890,3,3,19.25,Unfurnished
IN05269,Chennai,1132,2,3,20.91,Furnished
IN05270,Delhi,1476,2,1,15,Furnished
IN05271,Delhi,467,3,2,15,Semi
IN05272,Chennai,1386,2,1,15,Unfurnished
IN05273,Chennai,1129,1,2,15,Semi
IN05274,Hyderabad,1728,3,2,22.18,Furnished
IN05275,Kolkata,1556,3,2,19.16,Unfurnished
IN05276,Delhi,953,2,1,15,Furnished
IN05277,Chennai,1100,2,3,15,Furnished
IN05278,Bangalore,1053,2,3,15,Semi
IN05279,Mumbai,1472,2,3,21.37,Semi
IN05280,Bangalore,1213,4,3,19.07,Furnished
IN05281,Hyderabad,854,2,1,15.27,Unfurnished
IN05282,Chennai,1813,2,2,21.15,Furnished
IN05283,Hyderabad,651,4,3,15,Unfurnished
IN05284,Bangalore,1373,4,2,17.15,Furnished
IN05285,Mumbai,1152,1,1,15,Semi
IN05286,Delhi,823,2,1,16.28,Furnished
IN05287,Hyderabad,646,2,2,15,Semi
IN05288,Kolkata,1373,3,1,15,Furnished
IN05289,Kolkata,354,4,1,15,Semi
IN05290,Chennai,1304,2,2,15,Semi
IN05291,Kolkata,1078,2,2,15,Semi
IN05292,Chennai,1824,3,1,29.33,Semi
IN05293,Chennai,1024,3,3,15,Unfurnished
IN05294,Bangalore,352,3,1,15,Furnished
IN05295,Bangalore,2054,3,2,24.86,Furnished
IN05296,Chennai,1434,4,2,24.14,Semi
IN05297,Hyderabad,1826,2,2,20.08,Semi
IN05298,Bangalore,832,4,2,15,Furnished
IN05299,Kolkata,1470,1,2,15,Semi
IN05300,Chennai,1154,2,2,15.46,Semi
IN05301,Kolkata,1339,2,1,16.72,Semi
IN05302,Hyderabad,1123,3,2,15,Unfurnished
IN05303,Hyderabad,2425,1,1,31.54,Furnished
IN05304,Delhi,983,1,2,15,Semi
IN05305,Kolkata,484,3,1,15,Semi
IN05306,Delhi,1536,3,2,27.5,Unfurnished
IN05307,Hyderabad,1367,3,2,17.43,Furnished
IN05308,Delhi,1722,1,3,15,Furnished
IN05309,Chennai,1230,2,2,15,Furnished
IN05310,Chennai,672,1,2,15,Furnished
IN05311,Chennai,1386,4,3,15,Unfurnished
IN05312,Chennai,913,2,2,15,Furnished
IN05313,Chennai,930,1,2,15,Unfurnished
IN05314,Delhi,1357,2,2,15.77,Furnished
IN05315,Bangalore,1070,3,1,15,Semi
IN05316,Mumbai,1145,3,1,15,Semi
IN05317,Mumbai,1087,4,1,15,Furnished
IN05318,Hyderabad,1409,2,1,15,Semi
IN05319,Kolkata,812,3,2,15,Unfurnished
IN05320,Kolkata,807,2,2,15,Unfurnished
IN05321,Kolkata,1334,1,2,20.72,Furnished
IN05322,Kolkata,885,4,2,15,Semi
IN05323,Delhi,1778,3,3,28.26,Unfurnished
IN05324,Mumbai,584,2,1,15,Unfurnished
IN05325,Bangalore,967,2,2,15,Furnished
IN05326,Hyderabad,1293,2,2,21.15,Semi
IN05327,Chennai,798,3,3,15,Unfurnished
IN05328,Kolkata,1415,1,2,16.53,Furnished
IN05329,Mumbai,1017,4,3,15,Furnished
IN05330,Mumbai,794,1,2,15,Semi
IN05331,Mumbai,454,1,1,15,Furnished
IN05332,Chennai,842,3,3,15,Furnished
IN05333,Bangalore,909,3,2,15,Furnished
IN05334,Bangalore,1559,2,1,29.3,Furnished
IN05335,Delhi,1436,2,2,15,Unfurnished
IN05336,Kolkata,741,2,2,15,Semi
IN05337,Hyderabad,1446,1,1,18.77,Unfurnished
IN05338,Chennai,704,3,3,15,Furnished
IN05339,Bangalore,1414,2,2,19.07,Semi
IN05340,Kolkata,962,3,1,15.92,Furnished
IN05341,Delhi,618,3,2,15,Semi
IN05342,Hyderabad,807,3,3,15,Furnished
IN05343,Delhi,1882,2,1,31.51,Furnished
IN05344,Bangalore,589,2,2,15,Furnished
IN05345,Chennai,1629,3,1,15,Unfurnished
IN05346,Hyderabad,1686,1,2,17.7,Semi
IN05347,Hyderabad,1322,2,2,15.96,Unfurnished
IN05348,Delhi,1818,3,1,22.9,Furnished
IN05349,Hyderabad,1448,2,3,17.47,Unfurnished
IN05350,Delhi,1037,4,2,17.94,Unfurnished
IN05351,Hyderabad,2093,2,2,19.92,Semi
IN05352,Mumbai,300,1,1,15,Furnished
IN05353,Bangalore,1347,1,2,15,Unfurnished
IN05354,Kolkata,1092,2,2,15,Furnished
IN05355,Mumbai,1524,4,3,15.92,Furnished
IN05356,Hyderabad,1061,3,2,15.13,Semi
IN05357,Delhi,984,3,3,15,Furnished
IN05358,Kolkata,1440,2,2,22.99,Unfurnished
IN05359,Mumbai,494,4,2,15,Semi
IN05360,Chennai,988,4,2,15,Unfurnished
IN05361,Delhi,1176,2,2,15,Furnished
IN05362,Bangalore,300,1,2,15,Unfurnished
IN05363,Delhi,702,4,3,15,Semi
IN05364,Kolkata,1496,3,1,22.44,Semi
IN05365,Chennai,751,4,3,15,Unfurnished
IN05366,Delhi,1729,3,1,27.19,Unfurnished
IN05367,Delhi,1070,2,2,15.18,Semi
IN05368,Chennai,1550,3,1,19.72,Semi
IN05369,Delhi,686,2,1,15,Unfurnished
IN05370,Delhi,1143,1,3,15,Semi
IN05371,Mumbai,665,2,3,15,Semi
IN05372,Delhi,908,3,2,15,Semi
IN05373,Hyderabad,476,3,2,15,Unfurnished
IN05374,Hyderabad,385,1,1,15,Unfurnished
IN05375,Kolkata,1933,3,1,17.59,Semi
IN05376,Kolkata,1589,1,2,20.02,Furnished
IN05377,Chennai,1161,4,2,15,Semi
IN05378,Mumbai,1120,3,3,15,Unfurnished
IN05379,Mumbai,774,3,2,15,Semi
IN05380,Hyderabad,1161,2,2,15,Furnished
IN05381,Delhi,1038,3,1,15,Unfurnished
IN05382,Hyderabad,1023,2,2,15,Furnished
IN05383,Bangalore,1157,3,1,15,Semi
IN05384,Chennai,1454,2,2,18.38,Furnished
IN05385,Delhi,1304,1,2,21.75,Semi
IN05386,Kolkata,968,2,2,15,Semi
IN05387,Mumbai,912,4,2,15,Furnished
IN05388,Delhi,1473,2,3,15,Semi
IN05389,Bangalore,586,3,2,15,Unfurnished
IN05390,Bangalore,1220,2,1,23.13,Unfurnished
IN05391,Bangalore,550,1,2,15,Semi
IN05392,Kolkata,868,1,2,15,Furnished
IN05393,Kolkata,383,2,2,15,Unfurnished
IN05394,Hyderabad,1010,4,3,15,Furnished
IN05395,Kolkata,782,4,3,15,Unfurnished
IN05396,Mumbai,1189,3,2,15,Furnished
IN05397,Delhi,619,2,1,15,Furnished
IN05398,Delhi,550,3,2,15,Semi
IN05399,Mumbai,1184,1,2,15,Semi
IN05400,Mumbai,603,2,2,15,Furnished
IN05401,Mumbai,1833,2,1,34.01,Semi
IN05402,Delhi,300,3,1,15,Furnished
IN05403,Chennai,1127,2,2,15.1,Semi
IN05404,Kolkata,740,4,1,15,Semi
IN05405,Chennai,875,1,2,15,Semi
IN05406,Kolkata,496,2,1,15,Furnished
IN05407,Kolkata,1821,3,1,15,Furnished
IN05408,Delhi,1498,4,2,15.24,Unfurnished
IN05409,Chennai,902,3,2,15,Semi
IN05410,Mumbai,1296,3,1,15,Unfurnished
IN05411,Mumbai,797,2,2,15,Unfurnished
IN05412,Mumbai,468,2,2,15,Unfurnished
IN05413,Bangalore,300,3,2,15,Semi
IN05414,Mumbai,774,3,2,15,Semi
IN05415,Chennai,1846,2,2,24.01,Semi
IN05416,Kolkata,2160,2,2,25.84,Unfurnished
IN05417,Hyderabad,1615,4,2,15,Furnished
IN05418,Bangalore,1516,1,3,15,Semi
IN05419,Delhi,1328,1,1,15,Semi
IN05420,Delhi,1680,2,2,19.54,Furnished
IN05421,Hyderabad,1361,4,1,15,Unfurnished
IN05422,Delhi,923,3,2,15,Furnished
IN05423,Kolkata,627,2,2,15,Semi
IN05424,Bangalore,651,3,3,15,Unfurnished
IN05425,Hyderabad,965,4,1,15,Semi
IN05426,Mumbai,1041,2,1,15,Unfurnished
IN05427,Hyderabad,949,3,1,15,Unfurnished
IN05428,Mumbai,848,3,1,15,Unfurnished
IN05429,Hyderabad,349,3,3,15,Unfurnished
IN05430,Kolkata,930,3,2,15,Furnished
IN05431,Hyderabad,728,2,2,15,Semi
IN05432,Chennai,1523,3,3,23.8,Unfurnished
IN05433,Mumbai,814,4,2,15,Semi
IN05434,Delhi,861,2,1,17.28,Semi
IN05435,Mumbai,1169,4,2,15,Semi
IN05436,Hyderabad,300,2,1,15,Semi
IN05437,Chennai,1068,2,2,17.91,Furnished
IN05438,Kolkata,1815,2,3,21.6,Semi
IN05439,Hyderabad,840,2,2,15,Furnished
IN05440,Chennai,796,2,2,15,Furnished
IN05441,Kolkata,885,1,3,15,Semi
IN05442,Kolkata,526,3,3,15,Unfurnished
IN05443,Chennai,867,2,2,15,Furnished
IN05444,Mumbai,562,2,2,15,Unfurnished
IN05445,Chennai,1040,3,1,15,Furnished
IN05446,Bangalore,754,1,2,15,Unfurnished
IN05447,Kolkata,1624,3,2,28.79,Furnished
IN05448,Chennai,915,3,2,15,Semi
IN05449,Mumbai,1215,3,2,15,Furnished
IN05450,Delhi,458,1,2,15,Furnished
IN05451,Chennai,1502,4,3,20.5,Furnished
IN05452,Delhi,675,3,2,15,Semi
IN05453,Mumbai,960,3,3,15,Furnished
IN05454,Kolkata,1222,3,1,15,Unfurnished
IN05455,Delhi,1420,3,3,15,Furnished
IN05456,Mumbai,1425,3,2,22.42,Furnished
IN05457,Delhi,992,3,2,15,Semi
IN05458,Delhi,1111,4,3,15,Furnished
IN05459,Delhi,486,2,1,15,Furnished
IN05460,Mumbai,1407,2,2,15,Unfurnished
IN05461,Kolkata,1045,1,1,15,Semi
IN05462,Chennai,2292,2,2,34.94,Unfurnished
IN05463,Hyderabad,1508,4,2,15.63,Semi
IN05464,Bangalore,962,3,2,15,Unfurnished
IN05465,Bangalore,601,4,1,15,Furnished
IN05466,Mumbai,1207,3,3,25.47,Furnished
IN05467,Hyderabad,1115,2,1,15,Furnished
IN05468,Hyderabad,942,2,3,15,Semi
IN05469,Bangalore,823,2,1,15,Unfurnished
IN05470,Chennai,1278,4,1,15,Furnished
IN05471,Bangalore,1212,1,2,15,Semi
IN05472,Delhi,1484,2,2,22.63,Furnished
IN05473,Hyderabad,1471,2,2,27.39,Unfurnished
IN05474,Bangalore,1303,1,1,15,Semi
IN05475,Chennai,1620,2,2,29.36,Semi
IN05476,Chennai,781,1,3,15,Semi
IN05477,Delhi,1122,1,2,15,Semi
IN05478,Hyderabad,1601,2,2,24.04,Semi
IN05479,Hyderabad,1424,2,2,16.99,Unfurnished
IN05480,Delhi,300,4,2,15,Semi
IN05481,Kolkata,1187,4,3,15,Unfurnished
IN05482,Delhi,2085,3,3,29.57,Furnished
IN05483,Delhi,1146,2,2,18.16,Furnished
IN05484,Mumbai,792,2,1,15,Unfurnished
IN05485,Hyderabad,986,2,1,17.18,Semi
IN05486,Bangalore,1668,2,1,21.28,Semi
IN05487,Hyderabad,549,3,2,15,Furnished
IN05488,Delhi,925,2,3,15,Semi
IN05489,Kolkata,1596,4,2,16.79,Furnished
IN05490,Chennai,1175,3,1,20.52,Furnished
IN05491,Kolkata,1347,2,2,15,Semi
IN05492,Chennai,690,3,3,15,Unfurnished
IN05493,Bangalore,2027,3,2,27.34,Unfurnished
IN05494,Delhi,1014,2,3,15,Semi
IN05495,Bangalore,1044,3,3,15,Unfurnished
IN05496,Kolkata,1081,1,3,20.66,Furnished
IN05497,Kolkata,1193,2,2,20.63,Semi
IN05498,Hyderabad,751,1,2,15,Unfurnished
IN05499,Hyderabad,1713,3,3,22.92,Furnished
IN05500,Bangalore,1598,3,2,25.8,Unfurnished
IN05501,Kolkata,731,1,3,15,Semi
IN05502,Kolkata,300,4,1,15,Semi
IN05503,Delhi,336,2,2,15,Semi
IN05504,Bangalore,1215,1,3,15,Furnished
IN05505,Bangalore,1050,2,2,15,Furnished
IN05506,Delhi,1104,3,2,15.34,Semi
IN05507,Delhi,741,2,2,15,Semi
IN05508,Hyderabad,975,3,1,16.76,Unfurnished
IN05509,Bangalore,595,3,2,15,Furnished
IN05510,Hyderabad,1568,3,3,15,Unfurnished
IN05511,Hyderabad,846,3,2,15,Semi
IN05512,Delhi,300,1,2,15,Furnished
IN05513,Chennai,1335,1,1,18.51,Semi
IN05514,Mumbai,875,4,2,15,Semi
IN05515,Chennai,1241,4,3,15,Furnished
IN05516,Kolkata,1460,3,2,15.77,Unfurnished
IN05517,Bangalore,1902,1,2,15,Unfurnished
IN05518,Mumbai,1241,3,2,15,Unfurnished
IN05519,Hyderabad,829,2,2,15,Furnished
IN05520,Delhi,608,3,3,15,Unfurnished
IN05521,Chennai,1291,2,3,15,Semi
IN05522,Bangalore,1803,2,1,26.41,Unfurnished
IN05523,Chennai,1145,3,1,15,Furnished
IN05524,Hyderabad,1704,3,1,27.74,Semi
IN05525,Delhi,334,4,2,15,Semi
IN05526,Kolkata,1174,1,1,21.09,Semi
IN05527,Mumbai,1694,1,1,16.97,Unfurnished
IN05528,Delhi,972,2,2,15,Semi
IN05529,Delhi,573,3,1,15,Semi
IN05530,Bangalore,1037,3,3,15,Unfurnished
IN05531,Bangalore,1267,2,3,15,Semi
IN05532,Chennai,1527,3,3,21.61,Furnished
IN05533,Hyderabad,1146,2,1,17.6,Semi
IN05534,Delhi,881,3,1,15,Semi
IN05535,Kolkata,940,2,2,15,Unfurnished
IN05536,Hyderabad,1043,2,2,15,Furnished
IN05537,Chennai,2123,1,3,31.03,Unfurnished
IN05538,Hyderabad,1710,2,3,20.76,Semi
IN05539,Hyderabad,844,2,1,15,Unfurnished
IN05540,Mumbai,629,2,2,15,Furnished
IN05541,Mumbai,1511,4,1,15.52,Semi
IN05542,Hyderabad,930,2,2,15,Unfurnished
IN05543,Mumbai,401,2,3,15,Semi
IN05544,Bangalore,1228,2,3,15,Semi
IN05545,Kolkata,1260,1,1,20.74,Unfurnished
IN05546,Chennai,1453,2,1,16.52,Furnished
IN05547,Kolkata,971,2,3,15,Unfurnished
IN05548,Bangalore,1186,4,1,15,Furnished
IN05549,Hyderabad,935,3,3,15,Semi
IN05550,Delhi,552,3,2,15,Semi
IN05551,Chennai,352,2,3,15,Furnished
IN05552,Chennai,354,3,2,15,Semi
IN05553,Mumbai,1732,2,1,23.13,Unfurnished
IN05554,Mumbai,915,1,2,15,Semi
IN05555,Chennai,1323,3,2,22.07,Furnished
IN05556,Hyderabad,829,1,2,15,Unfurnished
IN05557,Kolkata,1113,3,1,15,Unfurnished
IN05558,Chennai,1257,4,3,20.17,Semi
IN05559,Kolkata,547,3,1,15,Furnished
IN05560,Mumbai,1578,1,1,15,Semi
IN05561,Chennai,882,2,2,15,Furnished
IN05562,Bangalore,1101,1,2,15,Unfurnished
IN05563,Hyderabad,402,3,2,15,Unfurnished
IN05564,Chennai,1834,3,1,29.06,Furnished
IN05565,Bangalore,1452,1,3,19.67,Furnished
IN05566,Bangalore,1380,4,2,21.06,Semi
IN05567,Hyderabad,1176,1,2,15,Furnished
IN05568,Delhi,1635,2,1,24.37,Unfurnished
IN05569,Bangalore,1339,1,3,15,Semi
IN05570,Kolkata,824,2,3,15,Unfurnished
IN05571,Kolkata,1710,3,2,16.37,Semi
IN05572,Kolkata,1733,3,1,18.44,Furnished
IN05573,Bangalore,1020,3,1,15,Furnished
IN05574,Delhi,731,4,2,15,Unfurnished
IN05575,Chennai,1314,2,3,22.72,Semi
IN05576,Hyderabad,1256,1,2,15,Semi
IN05577,Hyderabad,1523,4,2,15,Furnished
IN05578,Kolkata,1198,2,2,15,Semi
IN05579,Bangalore,2022,4,2,23.1,Unfurnished
IN05580,Hyderabad,1397,3,3,17.58,Furnished
IN05581,Kolkata,1417,1,2,18.54,Unfurnished
IN05582,Bangalore,1262,2,1,15.51,Furnished
IN05583,Bangalore,1155,2,1,18.38,Furnished
IN05584,Bangalore,979,4,1,15,Unfurnished
IN05585,Hyderabad,1111,3,2,15,Unfurnished
IN05586,Bangalore,655,2,2,15,Furnished
IN05587,Delhi,1674,3,3,36.66,Semi
IN05588,Mumbai,454,2,1,15,Furnished
IN05589,Delhi,1167,1,2,16.43,Semi
IN05590,Kolkata,1569,1,1,15,Unfurnished
IN05591,Hyderabad,1109,2,1,15.97,Semi
IN05592,Bangalore,608,2,1,15,Furnished
IN05593,Kolkata,2654,2,2,31.19,Furnished
IN05594,Bangalore,962,3,2,15,Furnished
IN05595,Kolkata,1218,3,2,16.93,Unfurnished
IN05596,Chennai,1104,2,3,16.77,Unfurnished
IN05597,Delhi,655,1,1,15,Semi
IN05598,Bangalore,2025,1,3,18.65,Furnished
IN05599,Hyderabad,2103,3,1,27.16,Furnished
IN05600,Mumbai,970,3,2,15,Unfurnished
IN05601,Kolkata,2078,4,2,24.31,Furnished
IN05602,Delhi,1263,2,3,15,Semi
IN05603,Bangalore,1599,3,2,19.24,Unfurnished
IN05604,Chennai,893,3,1,15,Semi
IN05605,Chennai,1462,3,2,15,Furnished
IN05606,Mumbai,1585,2,1,17.55,Furnished
IN05607,Mumbai,1388,3,2,23.63,Semi
IN05608,Hyderabad,1492,4,1,15,Furnished
IN05609,Kolkata,341,4,2,15,Furnished
IN05610,Hyderabad,769,2,3,15,Unfurnished
IN05611,Hyderabad,1070,2,2,15,Furnished
IN05612,Hyderabad,718,1,1,15,Furnished
IN05613,Kolkata,490,4,1,15,Furnished
IN05614,Bangalore,819,3,2,15,Unfurnished
IN05615,Kolkata,1208,2,1,18.64,Furnished
IN05616,Delhi,1072,3,1,15,Semi
IN05617,Mumbai,1416,3,3,15,Unfurnished
IN05618,Delhi,422,2,2,15,Furnished
IN05619,Bangalore,987,1,3,15,Furnished
IN05620,Bangalore,1241,3,2,15,Semi
IN05621,Hyderabad,957,2,3,15.02,Semi
IN05622,Mumbai,2046,4,3,20.7,Unfurnished
IN05623,Hyderabad,1434,4,3,23.69,Semi
IN05624,Hyderabad,1836,3,2,22.16,Furnished
IN05625,Mumbai,615,2,3,15,Furnished
IN05626,Mumbai,500,4,2,15,Unfurnished
IN05627,Hyderabad,2058,1,2,20.95,Unfurnished
IN05628,Hyderabad,766,1,2,15,Unfurnished
IN05629,Delhi,979,3,1,15,Semi
IN05630,Kolkata,359,2,3,15,Semi
IN05631,Hyderabad,882,3,3,15,Unfurnished
IN05632,Hyderabad,849,2,2,15,Unfurnished
IN05633,Kolkata,1248,3,2,15,Unfurnished
IN05634,Kolkata,881,2,2,15,Semi
IN05635,Delhi,570,1,1,15,Semi
IN05636,Delhi,978,1,2,15,Furnished
IN05637,Chennai,650,3,2,15,Semi
IN05638,Delhi,1452,1,2,15,Unfurnished
IN05639,Delhi,439,1,2,15,Furnished
IN05640,Mumbai,698,3,2,15,Semi
IN05641,Kolkata,1728,4,2,32.64,Furnished
IN05642,Bangalore,1674,3,3,30.05,Furnished
IN05643,Hyderabad,1069,4,3,15,Unfurnished
IN05644,Kolkata,300,3,2,15,Unfurnished
IN05645,Bangalore,695,1,1,15,Unfurnished
IN05646,Chennai,1260,2,2,18.6,Unfurnished
IN05647,Chennai,1322,3,3,18.4,Semi
IN05648,Delhi,701,3,3,15,Unfurnished
IN05649,Kolkata,1342,3,3,22.39,Semi
IN05650,Mumbai,343,1,2,15,Semi
IN05651,Mumbai,1857,2,1,15,Unfurnished
IN05652,Bangalore,1324,1,2,25.92,Unfurnished
IN05653,Chennai,1415,2,2,18.41,Furnished
IN05654,Mumbai,1302,3,3,15.07,Semi
IN05655,Chennai,1179,1,3,18.26,Furnished
IN05656,Chennai,774,3,2,15,Unfurnished
IN05657,Chennai,1017,3,2,16.33,Furnished
IN05658,Mumbai,396,1,2,15,Semi
IN05659,Hyderabad,1714,4,2,20.39,Furnished
IN05660,Bangalore,1360,1,2,15,Semi
IN05661,Bangalore,1220,2,1,20.64,Semi
IN05662,Kolkata,494,3,2,15,Furnished
IN05663,Mumbai,846,1,2,15,Furnished
IN05664,Kolkata,822,3,1,15,Unfurnished
IN05665,Kolkata,1092,3,1,15,Unfurnished
IN05666,Bangalore,1162,2,3,24.21,Furnished
IN05667,Bangalore,405,1,2,15,Furnished
IN05668,Kolkata,1393,2,2,15,Furnished
IN05669,Bangalore,1012,1,2,17.65,Unfurnished
IN05670,Hyderabad,1363,1,2,15,Semi
IN05671,Chennai,1674,4,2,15,Unfurnished
IN05672,Hyderabad,1219,1,1,15,Unfurnished
IN05673,Chennai,412,2,2,15,Semi
IN05674,Hyderabad,788,2,2,15,Unfurnished
IN05675,Bangalore,1270,2,1,16.02,Semi
IN05676,Bangalore,1197,2,2,19.82,Furnished
IN05677,Hyderabad,977,2,2,17.21,Furnished
IN05678,Bangalore,2184,4,2,19.68,Furnished
IN05679,Mumbai,1660,2,3,25.54,Semi
IN05680,Hyderabad,1410,4,3,17.22,Unfurnished
IN05681,Delhi,548,4,2,15,Furnished
IN05682,Chennai,1098,2,2,17.78,Furnished
IN05683,Bangalore,1145,4,3,15,Semi
IN05684,Kolkata,980,1,2,15,Furnished
IN05685,Hyderabad,1579,4,3,15,Unfurnished
IN05686,Bangalore,484,3,2,15,Furnished
IN05687,Delhi,627,1,3,15,Semi
IN05688,Kolkata,440,1,1,15,Unfurnished
IN05689,Chennai,1817,2,1,26.97,Semi
IN05690,Hyderabad,303,2,2,15,Furnished
IN05691,Bangalore,1347,2,2,15,Unfurnished
IN05692,Delhi,724,3,2,15,Furnished
IN05693,Bangalore,1176,1,1,15,Unfurnished
IN05694,Delhi,1504,3,2,18.62,Unfurnished
IN05695,Chennai,592,2,2,15,Semi
IN05696,Chennai,928,2,2,15,Furnished
IN05697,Chennai,632,1,1,15,Semi
IN05698,Chennai,772,3,1,15,Unfurnished
IN05699,Hyderabad,354,3,2,15,Unfurnished
IN05700,Delhi,1411,1,3,19.41,Unfurnished
IN05701,Mumbai,1378,2,3,15,Semi
IN05702,Bangalore,1300,2,2,16.91,Semi
IN05703,Bangalore,771,2,3,15,Furnished
IN05704,Delhi,300,1,1,15,Unfurnished
IN05705,Chennai,958,3,2,15,Semi
IN05706,Kolkata,1070,4,2,15,Unfurnished
IN05707,Delhi,1359,3,3,18.25,Semi
IN05708,Bangalore,1085,2,3,15,Furnished
IN05709,Kolkata,755,1,2,15,Unfurnished
IN05710,Mumbai,1476,2,2,19.03,Semi
IN05711,Delhi,938,3,2,16.53,Unfurnished
IN05712,Mumbai,353,2,2,15,Unfurnished
IN05713,Delhi,1148,1,2,18.55,Furnished
IN05714,Bangalore,1239,3,2,15,Unfurnished
IN05715,Bangalore,884,3,1,15,Furnished
IN05716,Kolkata,1313,2,2,15,Unfurnished
IN05717,Bangalore,1764,3,3,18.45,Semi
IN05718,Mumbai,1731,2,2,31.05,Semi
IN05719,Hyderabad,1250,2,2,15,Semi
IN05720,Kolkata,847,3,3,15,Semi
IN05721,Chennai,1285,1,2,23.62,Unfurnished
IN05722,Delhi,370,2,2,15,Semi
IN05723,Kolkata,1244,2,2,15,Furnished
IN05724,Hyderabad,674,3,2,15,Unfurnished
IN05725,Bangalore,300,1,3,15,Furnished
IN05726,Kolkata,415,4,2,15,Furnished
IN05727,Kolkata,1777,3,2,21.91,Unfurnished
IN05728,Delhi,639,3,1,15,Unfurnished
IN05729,Mumbai,1264,3,2,15.02,Semi
IN05730,Chennai,919,3,2,15,Unfurnished
IN05731,Chennai,1462,3,2,18.27,Semi
IN05732,Kolkata,510,3,2,15,Semi
IN05733,Mumbai,718,3,3,15,Semi
IN05734,Kolkata,1415,3,2,15,Furnished
IN05735,Hyderabad,853,1,2,15,Unfurnished
IN05736,Chennai,1048,4,1,15,Furnished
IN05737,Mumbai,1135,2,2,22.33,Semi
IN05738,Bangalore,1093,4,3,15,Unfurnished
IN05739,Hyderabad,821,2,2,15,Furnished
IN05740,Hyderabad,1533,4,3,17.66,Unfurnished
IN05741,Chennai,1210,2,2,15,Semi
IN05742,Chennai,851,3,3,15.0,Unfurnished
IN05743,Hyderabad,881,3,2,15,Semi
IN05744,Hyderabad,989,3,3,15,Unfurnished
IN05745,Kolkata,799,3,2,15,Unfurnished
IN05746,Kolkata,300,2,2,15,Unfurnished
IN05747,Chennai,1502,3,3,15,Furnished
IN05748,Hyderabad,1174,2,2,15.24,Unfurnished
IN05749,Kolkata,1070,3,2,15,Furnished
IN05750,Delhi,503,4,2,15,Semi
IN05751,Delhi,350,3,3,15,Furnished
IN05752,Kolkata,1361,3,2,15,Furnished
IN05753,Mumbai,1394,2,3,15,Unfurnished
IN05754,Delhi,1212,3,1,15,Unfurnished
IN05755,Delhi,1123,2,2,15,Semi
IN05756,Hyderabad,1828,3,1,28.18,Furnished
IN05757,Chennai,1121,4,3,15,Semi
IN05758,Hyderabad,1710,3,1,15,Furnished
IN05759,Mumbai,448,3,2,15,Furnished
IN05760,Delhi,1009,3,2,15,Furnished
IN05761,Hyderabad,692,2,2,15,Furnished
IN05762,Bangalore,1341,2,1,25.04,Unfurnished
IN05763,Mumbai,974,2,2,15,Unfurnished
IN05764,Mumbai,1572,3,2,17.42,Semi
IN05765,Delhi,1418,2,2,15,Furnished
IN05766,Mumbai,619,3,2,15,Furnished
IN05767,Kolkata,1013,4,1,15,Furnished
IN05768,Kolkata,1266,2,3,17.65,Semi
IN05769,Delhi,498,4,2,15,Furnished
IN05770,Bangalore,1289,4,2,20.06,Unfurnished
IN05771,Hyderabad,501,2,1,15,Unfurnished
IN05772,Kolkata,1719,4,2,17.19,Furnished
IN05773,Chennai,1353,4,2,16.77,Unfurnished
IN05774,Bangalore,1364,2,2,18.96,Unfurnished
IN05775,Mumbai,1111,3,2,15,Furnished
IN05776,Chennai,1351,4,2,22.93,Unfurnished
IN05777,Kolkata,1023,1,3,15,Semi
IN05778,Mumbai,1187,3,2,15,Furnished
IN05779,Hyderabad,1248,1,3,15,Unfurnished
IN05780,Mumbai,1490,3,2,15,Furnished
IN05781,Kolkata,1532,4,2,15,Semi
IN05782,Bangalore,1314,1,3,17.8,Furnished
IN05783,Mumbai,1230,2,3,16.26,Semi
IN05784,Kolkata,938,4,1,15,Unfurnished
IN05785,Kolkata,647,3,2,15,Furnished
IN05786,Delhi,874,2,2,15,Unfurnished
IN05787,Chennai,1288,3,3,23.14,Semi
IN05788,Mumbai,1282,2,2,15,Furnished
IN05789,Chennai,1645,1,2,15,Furnished
IN05790,Hyderabad,818,2,2,15,Semi
IN05791,Hyderabad,1463,1,3,28.13,Semi
IN05792,Hyderabad,1293,3,3,15,Furnished
IN05793,Mumbai,1373,2,1,15,Unfurnished
IN05794,Chennai,1271,3,2,15,Unfurnished
IN05795,Kolkata,1260,1,3,15.15,Unfurnished
IN05796,Hyderabad,347,1,2,15,Unfurnished
IN05797,Bangalore,1035,3,1,15,Furnished
IN05798,Chennai,498,3,2,15,Unfurnished
IN05799,Kolkata,1800,2,2,20.2,Unfurnished
IN05800,Kolkata,361,3,3,15,Furnished
IN05801,Hyderabad,1478,4,2,15,Semi
IN05802,Hyderabad,1363,3,2,25.07,Furnished
IN05803,Hyderabad,568,2,3,15,Furnished
IN05804,Delhi,859,2,2,15.12,Semi
IN05805,Chennai,643,1,2,15,Furnished
IN05806,Bangalore,1998,3,1,33.92,Semi
IN05807,Delhi,300,3,3,15,Unfurnished
IN05808,Kolkata,1162,1,3,15,Furnished
IN05809,Hyderabad,862,3,2,15,Unfurnished
IN05810,Mumbai,1271,2,1,17.92,Furnished
IN05811,Hyderabad,1398,1,2,16.44,Furnished
IN05812,Delhi,1182,3,2,19.8,Unfurnished
IN05813,Hyderabad,902,3,2,15,Furnished
IN05814,Mumbai,1343,3,2,15,Semi
IN05815,Mumbai,1660,4,3,16.52,Semi
IN05816,Kolkata,331,3,1,15,Furnished
IN05817,Bangalore,808,4,2,15,Semi
IN05818,Chennai,595,3,1,15,Furnished
IN05819,Delhi,944,4,3,15,Furnished
IN05820,Kolkata,681,3,3,15,Semi
IN05821,Mumbai,954,2,2,15,Semi
IN05822,Kolkata,1628,2,3,18.25,Unfurnished
IN05823,Kolkata,873,2,1,15,Semi
IN05824,Bangalore,1247,4,2,19.02,Unfurnished
IN05825,Chennai,1533,1,2,23.05,Furnished
IN05826,Delhi,1293,2,2,19.15,Unfurnished
IN05827,Kolkata,1042,3,3,15,Unfurnished
IN05828,Hyderabad,1177,4,2,16.31,Semi
IN05829,Chennai,1403,1,2,16.36,Unfurnished
IN05830,Delhi,1371,1,2,18.64,Semi
IN05831,Kolkata,889,1,1,15,Furnished
IN05832,Delhi,1796,3,2,23.17,Unfurnished
IN05833,Bangalore,1493,2,3,20.44,Unfurnished
IN05834,Chennai,935,3,2,15,Furnished
IN05835,Chennai,1111,1,2,15.14,Furnished
IN05836,Hyderabad,1069,1,2,15,Furnished
IN05837,Kolkata,861,3,2,15,Furnished
IN05838,Hyderabad,495,3,1,15,Semi
IN05839,Chennai,2049,1,1,31.11,Unfurnished
IN05840,Kolkata,1434,3,3,19.53,Unfurnished
IN05841,Kolkata,1412,4,2,21.19,Semi
IN05842,Hyderabad,1141,2,3,15,Furnished
IN05843,Hyderabad,972,2,3,15,Semi
IN05844,Hyderabad,678,1,2,15.01,Unfurnished
IN05845,Hyderabad,798,4,2,15,Semi
IN05846,Delhi,1027,3,2,15,Unfurnished
IN05847,Hyderabad,1511,3,1,15,Unfurnished
IN05848,Delhi,1642,1,3,21.7,Unfurnished
IN05849,Mumbai,988,2,2,15,Unfurnished
IN05850,Hyderabad,300,1,3,15,Unfurnished
IN05851,Chennai,1228,3,3,18.79,Semi
IN05852,Hyderabad,820,2,2,15,Unfurnished
IN05853,Mumbai,1406,2,2,16.46,Semi
IN05854,Chennai,1177,3,2,15.89,Semi
IN05855,Bangalore,1575,3,2,15,Semi
IN05856,Bangalore,1491,3,2,27.71,Furnished
IN05857,Chennai,1902,2,1,39.12,Unfurnished
IN05858,Kolkata,300,3,3,15,Furnished
IN05859,Chennai,1118,2,2,19.87,Semi
IN05860,Chennai,659,2,3,15,Unfurnished
IN05861,Bangalore,1576,4,3,20.05,Furnished
IN05862,Hyderabad,921,2,2,15.55,Unfurnished
IN05863,Bangalore,872,3,2,15.73,Semi
IN05864,Delhi,659,1,2,15,Furnished
IN05865,Bangalore,1362,3,1,15,Semi
IN05866,Mumbai,936,3,2,15,Semi
IN05867,Delhi,1843,2,2,15,Semi
IN05868,Chennai,1363,4,2,15,Furnished
IN05869,Kolkata,564,2,2,15,Semi
IN05870,Kolkata,1535,2,2,19.07,Furnished
IN05871,Bangalore,529,3,3,15,Semi
IN05872,Delhi,998,4,2,15,Semi
IN05873,Chennai,300,2,2,15,Unfurnished
IN05874,Mumbai,1325,2,1,15,Furnished
IN05875,Chennai,1010,3,2,15,Semi
IN05876,Delhi,1136,2,3,15,Semi
IN05877,Bangalore,1213,4,1,15,Unfurnished
IN05878,Delhi,1212,2,2,15,Unfurnished
IN05879,Mumbai,355,2,2,15,Unfurnished
IN05880,Hyderabad,1834,4,3,27.29,Semi
IN05881,Delhi,596,3,1,15,Furnished
IN05882,Chennai,900,2,3,15,Furnished
IN05883,Chennai,645,3,2,15,Semi
IN05884,Mumbai,1180,2,2,17.15,Semi
IN05885,Delhi,300,2,1,15,Unfurnished
IN05886,Delhi,1144,3,2,15,Unfurnished
IN05887,Chennai,753,2,1,15,Furnished
IN05888,Bangalore,867,3,2,17.25,Furnished
IN05889,Mumbai,829,1,2,15,Furnished
IN05890,Hyderabad,1173,3,1,15.91,Semi
IN05891,Kolkata,1127,2,2,17.03,Unfurnished
IN05892,Mumbai,1185,2,3,15,Furnished
IN05893,Hyderabad,1000,4,3,17.03,Unfurnished
IN05894,Hyderabad,1243,4,2,15,Unfurnished
IN05895,Hyderabad,300,3,2,15,Semi
IN05896,Bangalore,2294,1,2,36.16,Unfurnished
IN05897,Kolkata,1576,3,1,20.15,Furnished
IN05898,Chennai,1017,3,2,15,Semi
IN05899,Bangalore,1140,4,1,15.97,Unfurnished
IN05900,Delhi,1679,4,2,18.38,Semi
IN05901,Chennai,757,2,3,15,Semi
IN05902,Delhi,300,2,2,15,Semi
IN05903,Hyderabad,1366,1,3,21.44,Unfurnished
IN05904,Kolkata,555,1,3,15,Furnished
IN05905,Chennai,810,3,1,15,Semi
IN05906,Mumbai,1725,2,2,15.24,Furnished
IN05907,Hyderabad,784,2,3,15,Semi
IN05908,Hyderabad,637,3,2,15,Semi
IN05909,Mumbai,618,3,1,15,Furnished
IN05910,Chennai,899,1,1,17.01,Furnished
IN05911,Mumbai,556,3,2,15,Unfurnished
IN05912,Bangalore,1380,4,2,23.33,Semi
IN05913,Bangalore,673,1,1,15,Unfurnished
IN05914,Mumbai,1595,1,2,15,Semi
IN05915,Chennai,672,3,2,15,Unfurnished
IN05916,Mumbai,965,4,1,15,Furnished
IN05917,Mumbai,1470,3,1,15.78,Unfurnished
IN05918,Kolkata,860,4,1,15,Semi
IN05919,Hyderabad,1450,1,1,15,Semi
IN05920,Kolkata,1235,3,2,15,Semi
IN05921,Mumbai,1058,1,1,20.17,Furnished
IN05922,Kolkata,895,2,3,15,Unfurnished
IN05923,Delhi,475,2,2,15,Furnished
IN05924,Delhi,1044,2,2,15,Furnished
IN05925,Kolkata,724,2,2,15,Furnished
IN05926,Hyderabad,1214,3,3,18.89,Furnished
IN05927,Bangalore,1498,2,1,22.34,Semi
IN05928,Bangalore,1505,1,2,18.86,Unfurnished
IN05929,Hyderabad,585,3,1,15,Furnished
IN05930,Mumbai,897,3,3,15,Semi
IN05931,Delhi,720,3,1,15,Semi
IN05932,Chennai,1200,3,1,15.57,Unfurnished
IN05933,Kolkata,833,3,2,15,Semi
IN05934,Bangalore,675,3,2,15,Furnished
IN05935,Kolkata,397,4,3,15,Semi
IN05936,Bangalore,1330,4,1,18.85,Semi
IN05937,Hyderabad,959,2,3,15,Semi
IN05938,Mumbai,998,1,2,15,Furnished
IN05939,Chennai,885,3,2,15,Furnished
IN05940,Bangalore,398,2,3,15,Unfurnished
IN05941,Kolkata,964,3,1,15,Furnished
IN05942,Kolkata,741,1,3,15,Furnished
IN05943,Kolkata,1289,2,3,15,Semi
IN05944,Bangalore,608,2,2,15,Unfurnished
IN05945,Hyderabad,1253,2,3,23.87,Furnished
IN05946,Chennai,905,4,2,15,Furnished
IN05947,Delhi,1323,2,3,21.75,Semi
IN05948,Mumbai,597,3,2,15,Semi
IN05949,Chennai,416,3,2,15,Semi
IN05950,Mumbai,1690,1,3,15,Unfurnished
IN05951,Delhi,601,3,2,15,Unfurnished
IN05952,Chennai,534,1,3,15,Semi
IN05953,Bangalore,938,3,2,15,Semi
IN05954,Mumbai,1294,4,2,17.41,Furnished
IN05955,Mumbai,883,4,2,17.68,Unfurnished
IN05956,Bangalore,1779,4,2,15,Furnished
IN05957,Mumbai,1196,1,3,15,Unfurnished
IN05958,Kolkata,1189,3,3,15,Semi
IN05959,Delhi,1065,3,1,15.59,Unfurnished
IN05960,Hyderabad,773,2,3,15,Semi
IN05961,Mumbai,779,2,2,15,Semi
IN05962,Hyderabad,601,3,3,15,Furnished
IN05963,Mumbai,1140,3,3,17.63,Unfurnished
IN05964,Delhi,913,3,2,15,Semi
IN05965,Hyderabad,1027,4,1,15,Unfurnished
IN05966,Hyderabad,332,3,3,15,Unfurnished
IN05967,Kolkata,752,3,2,15,Unfurnished
IN05968,Chennai,1001,2,2,15,Unfurnished
IN05969,Kolkata,878,3,1,15.84,Semi
IN05970,Bangalore,1154,2,1,18.01,Furnished
IN05971,Mumbai,1201,4,1,15,Furnished
IN05972,Hyderabad,313,3,2,15,Semi
IN05973,Mumbai,940,1,1,15,Unfurnished
IN05974,Hyderabad,1551,3,2,19.29,Furnished
IN05975,Mumbai,1181,4,2,15,Semi
IN05976,Kolkata,639,3,2,15,Unfurnished
IN05977,Delhi,1882,4,3,25.53,Unfurnished
IN05978,Mumbai,924,2,2,15,Furnished
IN05979,Mumbai,434,3,2,15,Unfurnished
IN05980,Chennai,2020,3,1,25.92,Semi
IN05981,Chennai,1561,1,1,30.28,Unfurnished
IN05982,Chennai,1152,3,2,15,Semi
IN05983,Mumbai,604,3,1,15,Furnished
IN05984,Chennai,1107,4,3,15,Unfurnished
IN05985,Bangalore,1394,2,2,15,Furnished
IN05986,Bangalore,1785,1,1,15,Unfurnished
IN05987,Bangalore,1185,1,1,15,Furnished
IN05988,Hyderabad,1691,4,2,20.36,Furnished
IN05989,Bangalore,1513,2,1,15,Furnished
IN05990,Hyderabad,1200,4,2,19.25,Semi
IN05991,Mumbai,2157,2,1,32.59,Unfurnished
IN05992,Kolkata,1236,3,2,16.65,Furnished
IN05993,Mumbai,1264,2,2,21.19,Semi
IN05994,Kolkata,849,3,2,15,Semi
IN05995,Hyderabad,963,2,3,15,Semi
IN05996,Bangalore,1324,3,2,15,Furnished
IN05997,Chennai,1177,3,1,17.45,Furnished
IN05998,Delhi,1648,1,2,18.97,Unfurnished
IN05999,Kolkata,1659,4,2,24.15,Furnished
IN06000,Chennai,772,4,2,15,Semi
IN06001,Hyderabad,991,4,2,17.09,Furnished
IN06002,Bangalore,1306,2,2,18.55,Semi
IN06003,Kolkata,924,2,2,15,Furnished
IN06004,Delhi,1831,1,2,32.38,Unfurnished
IN06005,Chennai,999,1,3,17.34,Furnished
IN06006,Mumbai,1073,3,3,15,Furnished
IN06007,Mumbai,801,4,2,15,Semi
IN06008,Delhi,300,2,2,15,Semi
IN06009,Chennai,1179,4,3,15,Semi
IN06010,Mumbai,889,2,3,15,Unfurnished
IN06011,Bangalore,694,3,2,15,Semi
IN06012,Hyderabad,1816,4,2,24.7,Semi
IN06013,Bangalore,1451,3,2,18.85,Furnished
IN06014,Kolkata,1149,3,2,18.98,Furnished
IN06015,Bangalore,1596,4,2,15,Unfurnished
IN06016,Mumbai,810,2,2,15,Unfurnished
IN06017,Bangalore,959,4,2,15,Unfurnished
IN06018,Hyderabad,300,1,2,15,Furnished
IN06019,Delhi,1041,3,3,15,Furnished
IN06020,Chennai,678,2,2,15,Unfurnished
IN06021,Hyderabad,1167,2,1,15,Unfurnished
IN06022,Delhi,342,2,3,15,Unfurnished
IN06023,Hyderabad,1130,4,2,15,Unfurnished
IN06024,Kolkata,951,3,2,16.93,Furnished
IN06025,Hyderabad,1088,2,3,15,Semi
IN06026,Chennai,572,3,2,15,Unfurnished
IN06027,Kolkata,906,1,2,15,Semi
IN06028,Chennai,978,1,2,15,Semi
IN06029,Chennai,1146,2,2,15,Semi
IN06030,Delhi,1094,4,3,15,Semi
IN06031,Delhi,1290,3,2,19.54,Unfurnished
IN06032,Hyderabad,1529,2,1,24.09,Semi
IN06033,Mumbai,2665,3,3,20.31,Semi
IN06034,Bangalore,1793,4,2,15,Unfurnished
IN06035,Bangalore,1592,2,3,15,Semi
IN06036,Kolkata,1029,3,1,17.14,Unfurnished
IN06037,Hyderabad,485,4,1,15,Furnished
IN06038,Kolkata,1030,2,2,15,Semi
IN06039,Mumbai,1135,2,2,15,Unfurnished
IN06040,Mumbai,652,4,2,15,Unfurnished
IN06041,Delhi,1266,2,3,15.7,Unfurnished
IN06042,Hyderabad,1421,3,2,20.91,Unfurnished
IN06043,Bangalore,1211,3,2,15,Furnished
IN06044,Delhi,804,2,1,15,Furnished
IN06045,Chennai,1790,1,2,28.41,Semi
IN06046,Chennai,1075,3,3,20.18,Furnished
IN06047,Hyderabad,1111,1,1,15,Unfurnished
IN06048,Mumbai,686,3,3,15,Semi
IN06049,Chennai,1109,2,3,16.08,Unfurnished
IN06050,Bangalore,1178,3,2,15,Furnished
IN06051,Kolkata,1532,1,1,15,Unfurnished
IN06052,Chennai,798,3,1,15,Furnished
IN06053,Mumbai,1121,2,2,17.27,Furnished
IN06054,Chennai,678,3,3,15,Furnished
IN06055,Kolkata,308,2,3,15,Furnished
IN06056,Mumbai,365,3,2,15,Unfurnished
IN06057,Chennai,1404,1,2,15.08,Furnished
IN06058,Delhi,1626,2,1,15,Furnished
IN06059,Hyderabad,1726,3,3,32.27,Semi
IN06060,Bangalore,1185,2,1,15,Semi
IN06061,Kolkata,690,1,3,15,Semi
IN06062,Bangalore,1037,2,2,19.28,Semi
IN06063,Kolkata,835,2,3,15,Unfurnished
IN06064,Mumbai,1891,3,2,22.99,Semi
IN06065,Delhi,1473,3,2,17.19,Unfurnished
IN06066,Bangalore,1046,3,2,15,Semi
IN06067,Hyderabad,1631,4,2,15,Semi
IN06068,Kolkata,1088,1,2,20.39,Unfurnished
IN06069,Mumbai,522,3,1,15,Semi
IN06070,Mumbai,866,4,2,15,Unfurnished
IN06071,Hyderabad,1565,1,1,15,Unfurnished
IN06072,Hyderabad,756,1,1,15,Furnished
IN06073,Hyderabad,1176,4,1,15.19,Furnished
IN06074,Kolkata,759,3,2,15,Unfurnished
IN06075,Mumbai,1523,3,2,18.89,Furnished
IN06076,Kolkata,1218,3,3,15,Furnished
IN06077,Chennai,1718,3,2,15,Unfurnished
IN06078,Mumbai,1412,2,1,23.95,Semi
IN06079,Kolkata,300,1,3,15,Unfurnished
IN06080,Hyderabad,1119,3,2,21.58,Semi
IN06081,Delhi,1066,3,1,15,Furnished
IN06082,Hyderabad,1426,2,2,15,Furnished
IN06083,Mumbai,1467,3,2,24.24,Furnished
IN06084,Kolkata,868,3,2,15,Unfurnished
IN06085,Hyderabad,1505,2,3,15,Unfurnished
IN06086,Chennai,300,4,1,15,Semi
IN06087,Delhi,1258,3,2,18.04,Unfurnished
IN06088,Hyderabad,579,3,1,15,Furnished
IN06089,Mumbai,1086,2,2,15.65,Furnished
IN06090,Hyderabad,300,3,3,15,Furnished
IN06091,Chennai,1390,2,3,15.22,Semi
IN06092,Bangalore,1418,3,1,18.06,Furnished
IN06093,Chennai,1282,3,3,17.45,Semi
IN06094,Chennai,1341,2,1,15,Furnished
IN06095,Hyderabad,1003,3,1,15,Semi
IN06096,Delhi,839,2,1,16.48,Unfurnished
IN06097,Mumbai,1273,4,3,15,Unfurnished
IN06098,Bangalore,606,1,1,15,Semi
IN06099,Delhi,1099,3,2,19.21,Furnished
IN06100,Hyderabad,619,3,1,15,Furnished
IN06101,Delhi,300,4,2,15,Semi
IN06102,Mumbai,1742,2,2,25.65,Furnished
IN06103,Hyderabad,786,3,2,15,Furnished
IN06104,Bangalore,786,1,2,15,Furnished
IN06105,Hyderabad,1533,3,2,15,Semi
IN06106,Delhi,1614,4,2,26.98,Unfurnished
IN06107,Chennai,482,3,3,15,Furnished
IN06108,Kolkata,764,3,2,15,Semi
IN06109,Kolkata,1227,2,1,17.09,Unfurnished
IN06110,Chennai,1226,2,3,15,Semi
IN06111,Delhi,1279,1,3,21.89,Furnished
IN06112,Chennai,1437,1,1,15,Semi
IN06113,Mumbai,914,2,1,15.72,Furnished
IN06114,Kolkata,882,4,2,15,Semi
IN06115,Mumbai,1255,4,1,15,Unfurnished
IN06116,Bangalore,739,2,2,15,Furnished
IN06117,Bangalore,1496,2,2,15,Unfurnished
IN06118,Chennai,300,1,1,15,Furnished
IN06119,Bangalore,1459,1,2,22.67,Unfurnished
IN06120,Kolkata,1329,1,1,15,Semi
IN06121,Mumbai,1195,3,3,15.61,Furnished
IN06122,Delhi,588,1,1,15,Furnished
IN06123,Mumbai,694,1,3,15,Semi
IN06124,Chennai,549,2,3,15,Semi
IN06125,Hyderabad,1153,2,2,18.04,Furnished
IN06126,Bangalore,1477,4,2,15.82,Furnished
IN06127,Delhi,1848,4,1,15.87,Unfurnished
IN06128,Kolkata,591,2,1,15,Unfurnished
IN06129,Chennai,1396,2,3,16.82,Furnished
IN06130,Hyderabad,1441,3,2,22.14,Unfurnished
IN06131,Hyderabad,1521,1,2,16.83,Semi
IN06132,Bangalore,1312,3,2,23.43,Furnished
IN06133,Hyderabad,1155,2,3,16.52,Semi
IN06134,Mumbai,603,3,3,15,Unfurnished
IN06135,Mumbai,1272,2,3,18.43,Unfurnished
IN06136,Chennai,759,2,1,15,Furnished
IN06137,Bangalore,1775,3,2,15,Semi
IN06138,Chennai,557,1,1,15,Furnished
IN06139,Hyderabad,783,2,2,15,Furnished
IN06140,Delhi,1232,3,2,22.01,Unfurnished
IN06141,Hyderabad,1110,3,2,15,Unfurnished
IN06142,Hyderabad,710,3,3,15,Unfurnished
IN06143,Bangalore,1124,3,1,15,Furnished
IN06144,Chennai,300,2,3,15,Furnished
IN06145,Chennai,844,3,3,15,Semi
IN06146,Mumbai,847,2,2,15,Furnished
IN06147,Delhi,500,3,1,15,Unfurnished
IN06148,Chennai,2029,2,1,34.11,Furnished
IN06149,Mumbai,1596,2,2,36.71,Furnished
IN06150,Bangalore,1159,4,2,18.35,Furnished
IN06151,Kolkata,1127,3,2,19.2,Semi
IN06152,Kolkata,631,3,1,15,Unfurnished
IN06153,Delhi,1001,4,2,15,Furnished
IN06154,Hyderabad,559,3,3,15,Furnished
IN06155,Kolkata,1767,2,3,26.69,Unfurnished
IN06156,Delhi,943,4,2,15,Semi
IN06157,Bangalore,829,1,3,15,Unfurnished
IN06158,Mumbai,300,4,2,15,Semi
IN06159,Chennai,1123,3,2,15,Semi
IN06160,Bangalore,649,3,2,15,Unfurnished
IN06161,Kolkata,1614,2,2,17.83,Semi
IN06162,Bangalore,1223,3,2,18.59,Semi
IN06163,Hyderabad,1215,3,2,17.58,Furnished
IN06164,Hyderabad,1493,3,1,18.68,Semi
IN06165,Bangalore,904,3,1,15,Furnished
IN06166,Delhi,328,4,1,15,Unfurnished
IN06167,Chennai,1050,2,3,15,Furnished
IN06168,Bangalore,1706,3,2,19.62,Furnished
IN06169,Mumbai,630,4,2,15,Unfurnished
IN06170,Mumbai,717,3,2,15,Unfurnished
IN06171,Hyderabad,912,2,3,15,Furnished
IN06172,Delhi,1357,2,1,16.19,Unfurnished
IN06173,Delhi,1671,2,2,22.01,Semi
IN06174,Hyderabad,1030,3,2,15,Furnished
IN06175,Delhi,1319,2,2,15,Semi
IN06176,Kolkata,1466,4,2,21.37,Semi
IN06177,Kolkata,1241,3,2,17.05,Semi
IN06178,Hyderabad,1722,4,2,15,Semi
IN06179,Bangalore,1155,2,1,15,Semi
IN06180,Bangalore,743,1,3,15,Semi
IN06181,Mumbai,823,4,3,15,Semi
IN06182,Bangalore,1414,2,1,19.28,Semi
IN06183,Bangalore,518,3,2,15,Unfurnished
IN06184,Mumbai,1176,1,1,16.22,Unfurnished
IN06185,Delhi,1292,2,1,22.77,Furnished
IN06186,Bangalore,1306,2,3,18.92,Unfurnished
IN06187,Hyderabad,761,3,2,15,Furnished
IN06188,Chennai,1608,3,3,21.38,Unfurnished
IN06189,Delhi,654,3,2,15,Furnished
IN06190,Hyderabad,912,3,3,15,Semi
IN06191,Kolkata,1334,3,3,15.18,Furnished
IN06192,Bangalore,951,1,2,15,Semi
IN06193,Mumbai,974,2,1,15,Furnished
IN06194,Delhi,1163,3,2,15,Semi
IN06195,Hyderabad,300,3,3,15,Semi
IN06196,Chennai,1631,2,2,25.85,Semi
IN06197,Hyderabad,429,3,1,15,Unfurnished
IN06198,Hyderabad,1018,2,1,15,Furnished
IN06199,Hyderabad,578,1,3,15,Unfurnished
IN06200,Mumbai,1613,2,2,15,Furnished
IN06201,Hyderabad,966,2,1,15,Unfurnished
IN06202,Mumbai,1308,4,1,21.01,Semi
IN06203,Delhi,740,2,1,15,Semi
IN06204,Hyderabad,1541,2,1,19.1,Semi
IN06205,Hyderabad,1340,3,1,18.83,Furnished
IN06206,Hyderabad,1315,2,2,15,Semi
IN06207,Chennai,300,3,3,15,Semi
IN06208,Chennai,838,3,3,15,Unfurnished
IN06209,Chennai,879,3,1,15,Furnished
IN06210,Mumbai,300,4,3,15,Unfurnished
IN06211,Bangalore,955,2,3,15,Semi
IN06212,Bangalore,764,3,2,15,Semi
IN06213,Chennai,823,2,1,15,Semi
IN06214,Chennai,697,3,2,15,Semi
IN06215,Kolkata,610,2,1,15,Unfurnished
IN06216,Kolkata,864,3,2,18.72,Semi
IN06217,Bangalore,974,2,1,15,Semi
IN06218,Kolkata,563,4,2,15,Semi
IN06219,Hyderabad,2157,1,2,24.36,Unfurnished
IN06220,Mumbai,1439,1,2,21.53,Semi
IN06221,Hyderabad,1089,2,2,15,Furnished
IN06222,Bangalore,1029,2,1,15,Unfurnished
IN06223,Bangalore,943,3,1,19.43,Semi
IN06224,Hyderabad,1624,2,2,17.05,Unfurnished
IN06225,Delhi,1571,3,1,15.29,Unfurnished
IN06226,Delhi,1278,2,3,15,Semi
IN06227,Mumbai,1312,2,3,15,Semi
IN06228,Bangalore,959,4,2,16.22,Semi
IN06229,Bangalore,1477,2,3,21.72,Furnished
IN06230,Chennai,1635,3,3,15,Furnished
IN06231,Chennai,1751,3,2,25.41,Unfurnished
IN06232,Bangalore,1079,2,2,15,Furnished
IN06233,Hyderabad,764,2,1,15,Semi
IN06234,Kolkata,1035,4,1,15.45,Semi
IN06235,Chennai,1188,4,3,15,Semi
IN06236,Mumbai,1251,2,2,15,Semi
IN06237,Hyderabad,1811,1,3,15,Unfurnished
IN06238,Chennai,894,1,3,15,Unfurnished
IN06239,Delhi,441,1,1,15,Unfurnished
IN06240,Chennai,2303,2,2,22.09,Unfurnished
IN06241,Mumbai,1610,4,2,15.94,Furnished
IN06242,Hyderabad,850,3,1,15,Semi
IN06243,Bangalore,948,2,2,15,Furnished
IN06244,Mumbai,1034,4,2,15,Semi
IN06245,Delhi,1712,3,2,19.97,Semi
IN06246,Hyderabad,1340,1,3,15,Furnished
IN06247,Delhi,1653,2,1,23.77,Semi
IN06248,Mumbai,594,3,1,15,Semi
IN06249,Hyderabad,1676,2,2,15,Furnished
IN06250,Bangalore,2015,3,2,23.93,Semi
IN06251,Chennai,1384,2,3,17.18,Semi
IN06252,Kolkata,858,2,2,15,Unfurnished
IN06253,Delhi,1416,3,1,24.97,Unfurnished
IN06254,Mumbai,1434,3,2,24.87,Unfurnished
IN06255,Hyderabad,482,3,3,15,Furnished
IN06256,Hyderabad,1346,2,3,15,Unfurnished
IN06257,Kolkata,633,2,1,15,Semi
IN06258,Delhi,1260,3,1,15,Unfurnished
IN06259,Kolkata,1455,3,1,19.57,Unfurnished
IN06260,Hyderabad,334,3,1,15,Furnished
IN06261,Hyderabad,664,1,2,15,Furnished
IN06262,Bangalore,1323,3,2,20.7,Unfurnished
IN06263,Chennai,1977,4,2,20.14,Furnished
IN06264,Bangalore,1588,2,3,18.38,Furnished
IN06265,Chennai,300,2,3,15,Unfurnished
IN06266,Chennai,1388,4,3,15,Semi
IN06267,Bangalore,995,3,1,15,Furnished
IN06268,Mumbai,1660,2,1,15,Semi
IN06269,Bangalore,1409,2,2,17.7,Unfurnished
IN06270,Chennai,908,2,2,15,Semi
IN06271,Mumbai,701,3,2,15,Semi
IN06272,Bangalore,1190,3,2,16.7,Unfurnished
IN06273,Hyderabad,300,4,3,15,Unfurnished
IN06274,Mumbai,1015,3,2,15,Unfurnished
IN06275,Kolkata,1359,3,3,18.39,Furnished
IN06276,Bangalore,1054,4,1,15,Unfurnished
IN06277,Kolkata,938,3,2,15,Semi
IN06278,Kolkata,1569,2,3,15,Unfurnished
IN06279,Hyderabad,1381,1,2,19.05,Semi
IN06280,Kolkata,1738,2,1,20.94,Furnished
IN06281,Hyderabad,900,2,1,15,Unfurnished
IN06282,Delhi,1689,2,1,26.71,Unfurnished
IN06283,Hyderabad,1584,3,3,20.52,Furnished
IN06284,Bangalore,964,2,1,15,Unfurnished
IN06285,Mumbai,886,4,2,15,Semi
IN06286,Kolkata,515,2,2,15,Semi
IN06287,Delhi,594,1,2,15,Semi
IN06288,Chennai,867,4,3,15,Semi
IN06289,Hyderabad,300,1,3,15,Unfurnished
IN06290,Chennai,1024,2,2,15,Furnished
IN06291,Delhi,1352,1,2,15,Unfurnished
IN06292,Chennai,1871,2,1,31.6,Semi
IN06293,Delhi,1101,3,1,15,Semi
IN06294,Kolkata,1448,1,1,15,Furnished
IN06295,Kolkata,516,4,2,15,Semi
IN06296,Bangalore,1670,3,2,15.7,Semi
IN06297,Kolkata,2184,4,2,15,Semi
IN06298,Mumbai,1230,2,3,16.05,Furnished
IN06299,Bangalore,653,3,2,15,Unfurnished
IN06300,Chennai,885,2,1,15,Unfurnished
IN06301,Bangalore,2078,2,3,25.77,Unfurnished
IN06302,Delhi,1305,3,1,33.05,Semi
IN06303,Chennai,1883,2,2,31.07,Unfurnished
IN06304,Hyderabad,950,3,1,15,Unfurnished
IN06305,Mumbai,1106,4,3,15,Unfurnished
IN06306,Chennai,705,3,2,15,Furnished
IN06307,Hyderabad,1049,4,2,15,Semi
IN06308,Delhi,603,1,2,15,Unfurnished
IN06309,Kolkata,1140,4,2,18.12,Furnished
IN06310,Bangalore,567,4,2,15,Semi
IN06311,Chennai,1915,1,3,15,Semi
IN06312,Bangalore,1771,3,2,20.47,Semi
IN06313,Bangalore,1728,3,2,27.05,Unfurnished
IN06314,Chennai,736,2,1,15,Unfurnished
IN06315,Delhi,300,3,3,15,Unfurnished
IN06316,Chennai,1004,1,1,19.46,Furnished
IN06317,Bangalore,798,1,1,15,Unfurnished
IN06318,Hyderabad,1420,1,2,17.31,Furnished
IN06319,Chennai,1234,4,3,15,Furnished
IN06320,Bangalore,849,2,2,15,Semi
IN06321,Hyderabad,616,3,3,15,Semi
IN06322,Hyderabad,1181,2,2,15,Semi
IN06323,Chennai,1185,2,3,15,Unfurnished
IN06324,Mumbai,2075,4,2,18.29,Unfurnished
IN06325,Mumbai,1875,2,3,30.26,Semi
IN06326,Chennai,456,3,2,15,Semi
IN06327,Delhi,600,2,2,15,Furnished
IN06328,Chennai,958,3,2,15,Furnished
IN06329,Hyderabad,946,4,3,15,Furnished
IN06330,Hyderabad,450,1,1,15,Furnished
IN06331,Delhi,1016,1,1,15,Furnished
IN06332,Chennai,745,3,2,15,Semi
IN06333,Delhi,890,2,2,15,Unfurnished
IN06334,Chennai,970,3,2,15,Semi
IN06335,Mumbai,1211,1,1,18.66,Unfurnished
IN06336,Bangalore,888,1,2,15,Semi
IN06337,Bangalore,1560,2,2,15,Unfurnished
IN06338,Bangalore,606,4,3,15,Semi
IN06339,Kolkata,1706,3,1,15,Unfurnished
IN06340,Mumbai,1163,2,2,15,Unfurnished
IN06341,Hyderabad,1126,3,2,15,Semi
IN06342,Chennai,1397,2,2,15,Unfurnished
IN06343,Delhi,1345,2,1,18.99,Furnished
IN06344,Delhi,774,2,3,15.12,Unfurnished
IN06345,Bangalore,939,4,3,15,Furnished
IN06346,Hyderabad,663,4,3,15,Unfurnished
IN06347,Bangalore,932,3,2,15,Unfurnished
IN06348,Kolkata,1506,1,3,28.93,Furnished
IN06349,Kolkata,729,3,3,15,Furnished
IN06350,Mumbai,1125,1,3,20.44,Unfurnished
IN06351,Delhi,445,2,2,15,Semi
IN06352,Bangalore,1206,4,2,16.81,Semi
IN06353,Kolkata,1075,2,2,15,Furnished
IN06354,Mumbai,1344,3,3,21.63,Semi
IN06355,Hyderabad,674,3,2,15,Furnished
IN06356,Kolkata,359,4,1,15,Furnished
IN06357,Kolkata,947,2,2,15,Unfurnished
IN06358,Hyderabad,1560,4,3,20.66,Semi
IN06359,Delhi,300,4,2,15,Semi
IN06360,Hyderabad,636,3,1,15,Furnished
IN06361,Hyderabad,984,3,3,15,Semi
IN06362,Kolkata,1044,2,3,15,Semi
IN06363,Kolkata,1391,4,2,15.99,Unfurnished
IN06364,Mumbai,1274,2,2,15,Unfurnished
IN06365,Bangalore,883,3,2,15,Furnished
IN06366,Bangalore,1292,1,2,17.0,Unfurnished
IN06367,Chennai,867,3,2,15,Unfurnished
IN06368,Kolkata,1173,3,1,15,Furnished
IN06369,Delhi,482,2,3,15,Semi
IN06370,Chennai,995,2,3,15,Semi
IN06371,Mumbai,659,3,2,15,Semi
IN06372,Bangalore,1221,2,3,24.39,Semi
IN06373,Bangalore,951,2,1,15,Furnished
IN06374,Chennai,682,2,2,15,Furnished
IN06375,Hyderabad,1329,4,2,15.32,Semi
IN06376,Kolkata,1109,3,2,15,Furnished
IN06377,Chennai,1255,1,3,16.43,Semi
IN06378,Chennai,505,1,2,15,Unfurnished
IN06379,Delhi,1601,2,3,15,Semi
IN06380,Kolkata,825,1,2,15,Semi
IN06381,Kolkata,1046,1,1,19.26,Semi
IN06382,Kolkata,697,2,2,15,Furnished
IN06383,Mumbai,752,2,2,15,Unfurnished
IN06384,Mumbai,589,2,3,15,Semi
IN06385,Chennai,687,3,2,15,Furnished
IN06386,Kolkata,1059,2,2,15,Furnished
IN06387,Chennai,1018,1,1,15,Unfurnished
IN06388,Bangalore,1165,3,3,15,Unfurnished
IN06389,Mumbai,300,4,2,15,Semi
IN06390,Hyderabad,1743,1,2,22.36,Unfurnished
IN06391,Bangalore,300,3,3,15,Furnished
IN06392,Chennai,711,2,3,15,Semi
IN06393,Mumbai,1120,4,2,15.72,Unfurnished
IN06394,Kolkata,1774,4,1,28.38,Semi
IN06395,Bangalore,546,2,3,15,Unfurnished
IN06396,Bangalore,1635,2,3,23.06,Furnished
IN06397,Kolkata,1044,3,2,15,Furnished
IN06398,Hyderabad,756,3,3,15,Unfurnished
IN06399,Delhi,1851,3,2,15.98,Unfurnished
IN06400,Kolkata,1481,3,2,19.28,Furnished
IN06401,Delhi,983,2,2,17.14,Furnished
IN06402,Delhi,1421,3,1,15,Semi
IN06403,Kolkata,1891,3,1,39.48,Unfurnished
IN06404,Hyderabad,1292,2,2,15,Unfurnished
IN06405,Chennai,1214,3,1,18.53,Semi
IN06406,Chennai,705,3,1,15,Unfurnished
IN06407,Bangalore,1153,2,3,29.98,Furnished
IN06408,Delhi,1178,2,1,15,Unfurnished
IN06409,Hyderabad,880,2,3,15,Furnished
IN06410,Hyderabad,1456,2,2,15,Furnished
IN06411,Chennai,969,1,3,18.98,Furnished
IN06412,Chennai,1220,2,2,16.64,Furnished
IN06413,Hyderabad,300,2,2,15,Furnished
IN06414,Chennai,1490,2,2,31.38,Furnished
IN06415,Hyderabad,1258,2,2,16.98,Unfurnished
IN06416,Kolkata,1478,4,2,15.07,Unfurnished
IN06417,Delhi,1090,2,1,15,Semi
IN06418,Hyderabad,1581,3,2,18.44,Furnished
IN06419,Delhi,952,4,1,15,Furnished
IN06420,Bangalore,929,1,2,15,Semi
IN06421,Chennai,803,4,2,15,Semi
IN06422,Hyderabad,1474,1,1,21.1,Unfurnished
IN06423,Kolkata,964,4,3,15,Unfurnished
IN06424,Chennai,611,3,3,15,Unfurnished
IN06425,Hyderabad,1218,3,1,15,Unfurnished
IN06426,Chennai,300,1,2,15,Semi
IN06427,Kolkata,300,4,3,15,Furnished
IN06428,Bangalore,1076,1,2,15,Furnished
IN06429,Hyderabad,778,2,2,15,Furnished
IN06430,Kolkata,1578,1,2,16.58,Unfurnished
IN06431,Hyderabad,1342,2,2,15.81,Semi
IN06432,Delhi,566,1,3,15,Furnished
IN06433,Mumbai,915,2,2,16.11,Furnished
IN06434,Kolkata,1550,3,1,21.82,Furnished
IN06435,Mumbai,457,3,2,15,Furnished
IN06436,Chennai,1180,2,2,15,Semi
IN06437,Kolkata,844,4,3,15,Unfurnished
IN06438,Chennai,836,2,1,15,Furnished
IN06439,Hyderabad,1660,2,2,26.8,Unfurnished
IN06440,Hyderabad,933,2,3,19.59,Semi
IN06441,Kolkata,355,3,2,15,Semi
IN06442,Bangalore,1708,3,2,22.6,Semi
IN06443,Bangalore,1776,2,2,15,Semi
IN06444,Bangalore,300,2,3,15,Semi
IN06445,Hyderabad,1138,2,3,15,Furnished
IN06446,Bangalore,1677,3,1,22.8,Unfurnished
IN06447,Delhi,1556,2,3,16.49,Furnished
IN06448,Hyderabad,813,3,1,15,Semi
IN06449,Kolkata,1276,3,3,19.76,Semi
IN06450,Mumbai,696,2,2,15,Semi
IN06451,Delhi,1930,4,1,29.89,Unfurnished
IN06452,Bangalore,852,1,2,15,Furnished
IN06453,Mumbai,1762,2,2,25.47,Furnished
IN06454,Delhi,600,3,2,15,Semi
IN06455,Bangalore,1193,2,2,18.36,Unfurnished
IN06456,Kolkata,829,3,1,15,Furnished
IN06457,Hyderabad,1088,2,1,15,Furnished
IN06458,Kolkata,1100,3,3,15,Unfurnished
IN06459,Mumbai,1680,3,2,33.3,Furnished
IN06460,Delhi,1193,3,3,15,Unfurnished
IN06461,Delhi,1913,1,1,36.8,Furnished
IN06462,Delhi,788,2,2,15,Unfurnished
IN06463,Kolkata,1324,3,1,17.38,Semi
IN06464,Mumbai,877,2,1,15,Furnished
IN06465,Bangalore,453,2,2,15,Unfurnished
IN06466,Delhi,1181,3,2,21.32,Semi
IN06467,Kolkata,864,4,3,15,Furnished
IN06468,Delhi,1685,2,3,15,Unfurnished
IN06469,Kolkata,2007,2,3,33.13,Semi
IN06470,Delhi,312,3,2,15,Semi
IN06471,Mumbai,1496,3,3,16.6,Furnished
IN06472,Hyderabad,1161,2,2,15,Furnished
IN06473,Chennai,462,3,3,15,Furnished
IN06474,Bangalore,300,3,2,15,Furnished
IN06475,Chennai,478,2,1,15,Semi
IN06476,Kolkata,1121,4,1,19.65,Semi
IN06477,Delhi,436,4,1,15,Unfurnished
IN06478,Kolkata,1401,2,2,17.16,Semi
IN06479,Delhi,1557,3,2,17.29,Unfurnished
IN06480,Kolkata,1993,3,2,23.73,Furnished
IN06481,Chennai,665,4,1,15,Furnished
IN06482,Bangalore,995,2,3,15.79,Semi
IN06483,Hyderabad,1687,2,1,15,Semi
IN06484,Chennai,1124,4,2,16.03,Unfurnished
IN06485,Chennai,1375,2,2,15,Semi
IN06486,Mumbai,2181,1,1,29.03,Furnished
IN06487,Kolkata,542,2,2,15,Semi
IN06488,Delhi,1165,3,2,15,Semi
IN06489,Chennai,300,3,3,15,Semi
IN06490,Bangalore,470,2,3,15,Furnished
IN06491,Chennai,1167,2,1,15,Unfurnished
IN06492,Kolkata,1675,1,1,20.79,Semi
IN06493,Chennai,870,3,3,15,Unfurnished
IN06494,Chennai,300,1,1,15,Semi
IN06495,Kolkata,788,2,2,15,Semi
IN06496,Delhi,1490,4,3,18.76,Semi
IN06497,Hyderabad,1488,1,3,15.71,Semi
IN06498,Chennai,1120,3,2,15,Furnished
IN06499,Mumbai,1725,4,2,24.68,Semi
IN06500,Kolkata,594,3,2,15,Unfurnished
IN06501,Hyderabad,1159,4,2,16.04,Unfurnished
IN06502,Delhi,841,3,2,15,Unfurnished
IN06503,Hyderabad,955,2,1,15,Semi
IN06504,Chennai,300,2,2,15,Furnished
IN06505,Bangalore,743,3,1,15,Semi
IN06506,Delhi,1520,4,3,15.78,Semi
IN06507,Delhi,1122,4,2,15,Semi
IN06508,Chennai,1193,3,2,15,Furnished
IN06509,Delhi,685,2,2,15,Unfurnished
IN06510,Chennai,796,4,3,15,Semi
IN06511,Kolkata,547,4,2,15,Unfurnished
IN06512,Chennai,2263,3,2,32.49,Unfurnished
IN06513,Bangalore,609,2,3,15,Semi
IN06514,Chennai,2121,1,2,25.12,Unfurnished
IN06515,Kolkata,1358,1,2,18.48,Furnished
IN06516,Mumbai,1306,4,3,21.4,Unfurnished
IN06517,Mumbai,484,3,1,15,Semi
IN06518,Hyderabad,771,4,2,15,Unfurnished
IN06519,Kolkata,1130,2,2,15,Furnished
IN06520,Hyderabad,1261,4,1,15,Unfurnished
IN06521,Chennai,810,4,3,15,Unfurnished
IN06522,Chennai,1341,2,2,15,Semi
IN06523,Bangalore,1814,1,3,30.29,Unfurnished
IN06524,Mumbai,497,4,2,15,Semi
IN06525,Delhi,1498,4,3,18.8,Furnished
IN06526,Delhi,991,3,2,15,Unfurnished
IN06527,Mumbai,300,3,2,15,Furnished
IN06528,Bangalore,787,4,3,15,Semi
IN06529,Mumbai,681,1,2,15,Unfurnished
IN06530,Chennai,1104,4,2,15,Furnished
IN06531,Delhi,1228,2,2,15,Semi
IN06532,Delhi,1050,4,3,15,Furnished
IN06533,Chennai,300,3,1,15,Unfurnished
IN06534,Bangalore,1439,3,3,15,Furnished
IN06535,Delhi,300,3,1,15,Furnished
IN06536,Bangalore,748,3,2,15,Semi
IN06537,Bangalore,1466,3,2,15.22,Furnished
IN06538,Bangalore,1002,2,2,15,Unfurnished
IN06539,Delhi,1249,2,2,15,Unfurnished
IN06540,Delhi,512,2,1,15,Semi
IN06541,Mumbai,1781,3,3,24.74,Unfurnished
IN06542,Bangalore,1460,4,2,18.42,Furnished
IN06543,Kolkata,727,3,2,15,Unfurnished
IN06544,Mumbai,1477,2,3,15,Unfurnished
IN06545,Chennai,1856,2,1,20.09,Unfurnished
IN06546,Hyderabad,546,3,3,15,Furnished
IN06547,Mumbai,997,1,2,15,Semi
IN06548,Mumbai,1399,3,2,15,Furnished
IN06549,Delhi,904,4,1,16.2,Unfurnished
IN06550,Mumbai,821,1,2,15,Unfurnished
IN06551,Hyderabad,841,2,3,15.74,Furnished
IN06552,Bangalore,1630,1,2,15,Semi
IN06553,Mumbai,1565,4,2,27.98,Semi
IN06554,Chennai,1347,3,3,15,Semi
IN06555,Bangalore,1086,3,3,15,Furnished
IN06556,Bangalore,791,2,2,15.72,Unfurnished
IN06557,Mumbai,976,2,3,15,Semi
IN06558,Mumbai,957,3,3,15,Unfurnished
IN06559,Mumbai,1397,2,2,16.9,Furnished
IN06560,Delhi,359,3,1,15,Semi
IN06561,Kolkata,1013,2,2,15,Unfurnished
IN06562,Hyderabad,1497,3,1,21.61,Semi
IN06563,Hyderabad,889,2,2,15,Semi
IN06564,Hyderabad,1363,3,2,19.03,Semi
IN06565,Chennai,2100,3,2,35.17,Semi
IN06566,Kolkata,2223,4,2,34.29,Semi
IN06567,Delhi,1275,2,1,22.38,Furnished
IN06568,Chennai,1488,1,2,24.84,Semi
IN06569,Hyderabad,1092,3,2,15,Semi
IN06570,Hyderabad,1835,2,3,15,Semi
IN06571,Hyderabad,1885,2,1,16.83,Semi
IN06572,Chennai,621,4,1,15,Unfurnished
IN06573,Bangalore,2220,2,1,25.4,Furnished
IN06574,Kolkata,1217,3,2,20.49,Semi
IN06575,Mumbai,1128,3,2,19.1,Furnished
IN06576,Kolkata,1507,3,2,23.47,Semi
IN06577,Delhi,535,2,2,15,Unfurnished
IN06578,Bangalore,1736,3,2,35.27,Furnished
IN06579,Mumbai,1161,2,2,16.61,Semi
IN06580,Delhi,1131,2,2,15,Semi
IN06581,Kolkata,1387,3,1,22.92,Furnished
IN06582,Delhi,1037,2,3,15,Semi
IN06583,Kolkata,1314,3,1,15,Furnished
IN06584,Bangalore,1283,3,1,15,Furnished
IN06585,Delhi,665,1,2,15,Unfurnished
IN06586,Delhi,1212,3,1,16.93,Semi
IN06587,Mumbai,879,4,1,15,Semi
IN06588,Bangalore,1239,2,2,15,Semi
IN06589,Delhi,822,3,3,15,Semi
IN06590,Delhi,1389,2,1,25.02,Furnished
IN06591,Kolkata,563,4,3,15,Semi
IN06592,Hyderabad,485,3,3,15,Unfurnished
IN06593,Kolkata,1071,3,2,15,Unfurnished
IN06594,Kolkata,643,2,3,15,Unfurnished
IN06595,Mumbai,1484,3,3,19.72,Semi
IN06596,Mumbai,742,3,3,15,Unfurnished
IN06597,Chennai,1686,4,2,15,Furnished
IN06598,Mumbai,1521,2,2,20.82,Semi
IN06599,Mumbai,709,1,1,15,Furnished
IN06600,Mumbai,1149,3,1,15,Semi
IN06601,Chennai,1266,3,2,15,Semi
IN06602,Bangalore,367,1,2,15,Semi
IN06603,Delhi,318,1,2,15,Semi
IN06604,Delhi,1472,2,1,21.92,Furnished
IN06605,Bangalore,818,4,3,15,Semi
IN06606,Hyderabad,1037,3,2,15,Furnished
IN06607,Bangalore,1366,4,2,20.13,Semi
IN06608,Delhi,2152,3,2,34.6,Unfurnished
IN06609,Hyderabad,896,2,2,15,Semi
IN06610,Bangalore,1496,2,3,18.94,Unfurnished
IN06611,Mumbai,909,1,2,15,Unfurnished
IN06612,Delhi,1807,2,2,15,Semi
IN06613,Bangalore,650,1,3,15,Furnished
IN06614,Chennai,1318,1,2,24.6,Semi
IN06615,Bangalore,1445,2,3,15,Furnished
IN06616,Kolkata,1115,3,1,16.59,Furnished
IN06617,Delhi,1183,2,2,15,Furnished
IN06618,Delhi,818,2,2,15,Semi
IN06619,Chennai,1712,1,1,25.77,Furnished
IN06620,Delhi,1365,3,2,15,Furnished
IN06621,Bangalore,615,3,1,15,Furnished
IN06622,Hyderabad,2362,3,2,37.53,Furnished
IN06623,Chennai,965,2,2,15,Furnished
IN06624,Kolkata,1285,2,2,15,Furnished
IN06625,Bangalore,1112,1,2,19.85,Semi
IN06626,Hyderabad,910,4,3,15,Furnished
IN06627,Chennai,1382,2,3,18.15,Semi
IN06628,Chennai,1279,2,1,17.28,Semi
IN06629,Mumbai,916,4,1,15,Furnished
IN06630,Mumbai,1039,1,1,15,Furnished
IN06631,Delhi,908,1,1,15,Unfurnished
IN06632,Delhi,1080,1,2,15,Semi
IN06633,Mumbai,300,3,3,15,Unfurnished
IN06634,Delhi,1270,2,2,20.25,Furnished
IN06635,Mumbai,1503,4,1,19.29,Furnished
IN06636,Bangalore,1261,4,1,15,Furnished
IN06637,Kolkata,1181,2,2,15,Unfurnished
IN06638,Bangalore,421,4,2,15,Semi
IN06639,Hyderabad,1225,2,1,15,Furnished
IN06640,Mumbai,685,2,3,15,Semi
IN06641,Delhi,1592,3,2,17.28,Semi
IN06642,Chennai,1876,2,3,23.45,Furnished
IN06643,Bangalore,1254,4,2,15,Furnished
IN06644,Bangalore,1950,2,1,15,Unfurnished
IN06645,Hyderabad,914,2,3,15,Unfurnished
IN06646,Kolkata,1185,1,3,19.85,Semi
IN06647,Chennai,726,4,2,15,Semi
IN06648,Hyderabad,819,4,2,15,Semi
IN06649,Chennai,300,2,2,15,Semi
IN06650,Chennai,1284,2,2,15.17,Unfurnished
IN06651,Bangalore,795,2,2,15,Unfurnished
IN06652,Kolkata,702,3,2,15,Semi
IN06653,Hyderabad,898,4,2,15,Furnished
IN06654,Delhi,819,3,2,15,Semi
IN06655,Mumbai,1803,2,2,15.48,Furnished
IN06656,Chennai,1371,4,3,15,Unfurnished
IN06657,Chennai,469,2,3,15,Semi
IN06658,Bangalore,1374,4,3,15,Semi
IN06659,Mumbai,869,1,2,15,Furnished
IN06660,Kolkata,990,3,2,15,Furnished
IN06661,Kolkata,831,4,2,15,Unfurnished
IN06662,Kolkata,1588,2,1,15,Unfurnished
IN06663,Delhi,348,4,3,15,Semi
IN06664,Bangalore,937,3,2,15,Unfurnished
IN06665,Chennai,1783,4,2,15,Furnished
IN06666,Kolkata,2176,3,3,20.59,Furnished
IN06667,Chennai,1768,2,3,17.46,Semi
IN06668,Hyderabad,1005,2,3,15,Furnished
IN06669,Hyderabad,1272,3,3,15,Unfurnished
IN06670,Kolkata,1572,3,3,15,Unfurnished
IN06671,Kolkata,972,1,2,15,Furnished
IN06672,Chennai,360,1,2,15,Furnished
IN06673,Chennai,300,3,3,15,Semi
IN06674,Kolkata,1438,3,3,17.7,Unfurnished
IN06675,Hyderabad,379,2,3,15,Semi
IN06676,Mumbai,604,3,2,15,Semi
IN06677,Delhi,1605,4,1,18.66,Semi
IN06678,Mumbai,881,3,2,15,Semi
IN06679,Bangalore,1185,3,2,15,Furnished
IN06680,Mumbai,1148,3,1,15,Unfurnished
IN06681,Delhi,1431,1,3,15.83,Furnished
IN06682,Chennai,786,3,3,15,Furnished
IN06683,Kolkata,1993,3,2,31.06,Unfurnished
IN06684,Delhi,1848,2,2,30.55,Unfurnished
IN06685,Kolkata,1461,2,2,28.79,Furnished
IN06686,Mumbai,1074,3,2,15,Unfurnished
IN06687,Bangalore,1221,3,3,15,Furnished
IN06688,Mumbai,842,4,2,15,Unfurnished
IN06689,Delhi,878,3,3,15,Unfurnished
IN06690,Chennai,954,3,2,15,Furnished
IN06691,Bangalore,551,3,3,15,Semi
IN06692,Bangalore,1700,1,2,31.64,Furnished
IN06693,Hyderabad,1521,4,2,22.58,Unfurnished
IN06694,Mumbai,1839,2,1,35.75,Furnished
IN06695,Bangalore,834,3,2,15,Semi
IN06696,Mumbai,1128,3,2,15,Furnished
IN06697,Delhi,1379,3,2,17.87,Unfurnished
IN06698,Mumbai,1302,3,2,16.63,Unfurnished
IN06699,Hyderabad,1220,2,3,15,Furnished
IN06700,Chennai,1382,2,2,18.64,Unfurnished
IN06701,Hyderabad,927,2,2,21.65,Unfurnished
IN06702,Chennai,1748,4,2,15,Unfurnished
IN06703,Kolkata,1542,3,2,15,Furnished
IN06704,Bangalore,2139,1,1,21.04,Semi
IN06705,Bangalore,1006,3,3,16.23,Semi
IN06706,Bangalore,667,3,3,15,Unfurnished
IN06707,Kolkata,652,3,1,15,Unfurnished
IN06708,Kolkata,1515,2,2,15,Unfurnished
IN06709,Hyderabad,794,2,1,15,Unfurnished
IN06710,Chennai,300,2,2,15,Semi
IN06711,Hyderabad,748,3,3,15,Furnished
IN06712,Kolkata,1163,1,3,15,Unfurnished
IN06713,Hyderabad,1310,4,1,15,Unfurnished
IN06714,Hyderabad,1299,2,2,17.79,Unfurnished
IN06715,Mumbai,573,2,1,15,Semi
IN06716,Hyderabad,1187,4,1,16.69,Semi
IN06717,Mumbai,1113,4,2,15,Furnished
IN06718,Mumbai,1734,3,3,15,Furnished
IN06719,Chennai,1452,3,3,15.66,Semi
IN06720,Kolkata,1224,2,2,15,Unfurnished
IN06721,Chennai,1128,3,2,15,Furnished
IN06722,Mumbai,1577,4,3,23.05,Furnished
IN06723,Bangalore,793,2,1,15,Unfurnished
IN06724,Delhi,1450,3,3,15,Unfurnished
IN06725,Hyderabad,967,2,3,16.04,Furnished
IN06726,Kolkata,1454,4,2,18.61,Furnished
IN06727,Hyderabad,959,3,2,15,Semi
IN06728,Kolkata,1222,1,1,16.01,Unfurnished
IN06729,Hyderabad,1064,4,1,17.61,Unfurnished
IN06730,Delhi,1506,2,2,15,Semi
IN06731,Delhi,1396,1,2,21.49,Semi
IN06732,Bangalore,871,1,2,15,Furnished
IN06733,Kolkata,491,4,1,15,Unfurnished
IN06734,Bangalore,1451,1,2,22.4,Furnished
IN06735,Delhi,832,4,2,15,Semi
IN06736,Delhi,858,1,1,15,Furnished
IN06737,Kolkata,927,3,2,15,Semi
IN06738,Hyderabad,983,2,3,15,Semi
IN06739,Hyderabad,1007,2,1,15,Unfurnished
IN06740,Chennai,1348,3,1,18.83,Furnished
IN06741,Hyderabad,2014,2,3,30.81,Semi
IN06742,Delhi,876,3,2,15,Furnished
IN06743,Delhi,1600,2,2,16.0,Furnished
IN06744,Bangalore,964,4,1,15,Furnished
IN06745,Chennai,1607,3,1,26.34,Semi
IN06746,Kolkata,300,3,2,15,Semi
IN06747,Chennai,1343,4,2,24.63,Furnished
IN06748,Hyderabad,976,1,1,15,Furnished
IN06749,Mumbai,568,3,2,15,Furnished
IN06750,Kolkata,1438,3,1,16.23,Furnished
IN06751,Chennai,1201,2,2,15,Semi
IN06752,Kolkata,1039,3,2,15,Semi
IN06753,Hyderabad,498,2,1,15,Unfurnished
IN06754,Mumbai,356,3,3,15,Unfurnished
IN06755,Kolkata,1424,3,1,20.64,Furnished
IN06756,Bangalore,766,3,2,15,Semi
IN06757,Chennai,1580,4,1,15,Unfurnished
IN06758,Bangalore,1189,4,1,16.61,Furnished
IN06759,Chennai,1108,2,2,15,Unfurnished
IN06760,Delhi,1075,1,2,15,Semi
IN06761,Kolkata,1001,3,1,15,Furnished
IN06762,Chennai,1611,2,2,23.74,Semi
IN06763,Bangalore,912,1,1,15,Unfurnished
IN06764,Kolkata,1715,2,1,15.4,Semi
IN06765,Hyderabad,1679,1,2,26.97,Unfurnished
IN06766,Chennai,1171,3,2,16.02,Furnished
IN06767,Chennai,2095,4,2,26.91,Unfurnished
IN06768,Bangalore,906,2,1,15,Furnished
IN06769,Delhi,1242,1,2,21.54,Semi
IN06770,Hyderabad,887,2,2,15,Furnished
IN06771,Hyderabad,1255,3,2,15,Unfurnished
IN06772,Chennai,1032,3,3,15,Furnished
IN06773,Kolkata,1258,2,3,15,Furnished
IN06774,Delhi,1648,2,2,20.98,Furnished
IN06775,Kolkata,972,4,3,15,Unfurnished
IN06776,Mumbai,1339,1,1,15,Semi
IN06777,Kolkata,817,2,2,15,Furnished
IN06778,Delhi,1459,2,3,15,Furnished
IN06779,Mumbai,767,2,2,15,Semi
IN06780,Mumbai,802,3,3,15,Semi
IN06781,Mumbai,1238,1,2,19.27,Unfurnished
IN06782,Chennai,913,4,2,15,Unfurnished
IN06783,Bangalore,664,3,3,15,Unfurnished
IN06784,Kolkata,427,2,3,15,Semi
IN06785,Delhi,969,3,2,15,Unfurnished
IN06786,Chennai,1508,3,2,17.26,Unfurnished
IN06787,Chennai,1074,1,2,15,Unfurnished
IN06788,Delhi,944,1,2,19.39,Furnished
IN06789,Delhi,1025,3,2,15,Unfurnished
IN06790,Kolkata,745,3,1,15,Unfurnished
IN06791,Kolkata,346,3,2,15,Semi
IN06792,Bangalore,533,3,3,15,Furnished
IN06793,Kolkata,1511,2,1,22.29,Semi
IN06794,Mumbai,1142,2,2,15,Furnished
IN06795,Chennai,1512,3,1,16.16,Furnished
IN06796,Kolkata,1053,4,2,15,Furnished
IN06797,Chennai,1787,2,2,20.54,Unfurnished
IN06798,Mumbai,1161,3,2,15,Furnished
IN06799,Delhi,951,3,2,15,Furnished
IN06800,Mumbai,1616,3,2,15,Unfurnished
IN06801,Chennai,1591,4,2,15,Furnished
IN06802,Delhi,1010,1,2,15,Unfurnished
IN06803,Delhi,1767,3,2,35.0,Unfurnished
IN06804,Kolkata,1309,2,3,15,Furnished
IN06805,Kolkata,905,2,1,15,Furnished
IN06806,Mumbai,1611,3,3,17.19,Unfurnished
IN06807,Chennai,1390,2,2,19.95,Furnished
IN06808,Delhi,1582,3,1,16.02,Furnished
IN06809,Kolkata,640,3,1,15,Unfurnished
IN06810,Kolkata,1551,3,1,20.11,Unfurnished
IN06811,Mumbai,1882,3,2,25.01,Furnished
IN06812,Kolkata,564,2,3,15,Unfurnished
IN06813,Chennai,813,3,1,15,Unfurnished
IN06814,Mumbai,300,4,2,15,Semi
IN06815,Delhi,1237,2,2,28.45,Semi
IN06816,Kolkata,1118,1,2,15,Semi
IN06817,Hyderabad,1496,3,2,24.12,Furnished
IN06818,Hyderabad,1638,3,3,30.97,Semi
IN06819,Bangalore,1232,4,2,17.4,Semi
IN06820,Mumbai,300,2,1,15,Unfurnished
IN06821,Chennai,430,3,2,15,Unfurnished
IN06822,Bangalore,1054,4,3,15,Semi
IN06823,Kolkata,417,2,3,15,Furnished
IN06824,Hyderabad,1171,3,1,19.88,Unfurnished
IN06825,Delhi,1772,2,3,22.3,Furnished
IN06826,Mumbai,1356,3,2,31.91,Unfurnished
IN06827,Chennai,1150,4,1,15,Semi
IN06828,Mumbai,1725,1,1,15,Semi
IN06829,Delhi,964,3,1,15,Furnished
IN06830,Bangalore,1132,3,2,15,Unfurnished
IN06831,Hyderabad,1200,1,2,15,Unfurnished
IN06832,Mumbai,879,2,1,15,Furnished
IN06833,Delhi,1295,3,3,17.82,Semi
IN06834,Bangalore,1215,3,2,24.33,Semi
IN06835,Hyderabad,1568,2,2,26.82,Furnished
IN06836,Chennai,1464,4,1,26.08,Semi
IN06837,Chennai,1142,3,2,15.19,Unfurnished
IN06838,Bangalore,1121,4,2,16.65,Furnished
IN06839,Hyderabad,946,2,3,15,Semi
IN06840,Delhi,1336,3,3,15,Furnished
IN06841,Bangalore,931,3,1,15,Semi
IN06842,Chennai,1669,2,2,27.39,Furnished
IN06843,Mumbai,911,3,1,15,Semi
IN06844,Kolkata,1686,2,2,25.77,Unfurnished
IN06845,Bangalore,574,1,2,15,Furnished
IN06846,Mumbai,606,3,2,15,Furnished
IN06847,Hyderabad,910,1,3,15,Unfurnished
IN06848,Mumbai,824,1,2,15,Semi
IN06849,Hyderabad,1405,3,2,15,Semi
IN06850,Kolkata,2124,1,2,15,Unfurnished
IN06851,Bangalore,300,2,3,15,Furnished
IN06852,Chennai,952,3,1,21.47,Semi
IN06853,Delhi,2122,2,1,31.54,Unfurnished
IN06854,Bangalore,656,2,2,15,Unfurnished
IN06855,Delhi,1444,2,2,15,Unfurnished
IN06856,Mumbai,1273,2,2,15,Unfurnished
IN06857,Hyderabad,1221,2,3,15,Semi
IN06858,Kolkata,992,4,3,15,Unfurnished
IN06859,Chennai,1241,2,2,19.56,Furnished
IN06860,Mumbai,1499,3,3,17.59,Furnished
IN06861,Bangalore,848,2,2,15,Unfurnished
IN06862,Kolkata,1381,4,3,21.53,Semi
IN06863,Delhi,1409,3,2,20.29,Furnished
IN06864,Hyderabad,1651,3,3,16.77,Unfurnished
IN06865,Kolkata,1488,2,2,21.72,Unfurnished
IN06866,Bangalore,775,3,2,15,Unfurnished
IN06867,Hyderabad,1761,1,1,27.67,Semi
IN06868,Mumbai,1003,3,1,15,Semi
IN06869,Bangalore,748,2,2,15,Unfurnished
IN06870,Hyderabad,715,1,2,15,Furnished
IN06871,Mumbai,1331,2,3,15.16,Unfurnished
IN06872,Kolkata,837,1,2,15,Unfurnished
IN06873,Chennai,984,1,2,15,Unfurnished
IN06874,Bangalore,957,2,2,15,Furnished
IN06875,Hyderabad,696,2,2,15,Unfurnished
IN06876,Mumbai,529,2,2,15,Unfurnished
IN06877,Delhi,1436,4,1,15,Furnished
IN06878,Chennai,1217,1,3,15,Unfurnished
IN06879,Kolkata,1296,2,1,15,Semi
IN06880,Delhi,1530,3,2,24.91,Unfurnished
IN06881,Mumbai,1548,2,3,24.89,Furnished
IN06882,Bangalore,752,2,3,15,Unfurnished
IN06883,Bangalore,1260,2,2,17.93,Furnished
IN06884,Chennai,1345,4,2,16.55,Semi
IN06885,Delhi,300,2,1,15,Unfurnished
IN06886,Hyderabad,906,4,1,15,Furnished
IN06887,Chennai,1023,3,2,15,Unfurnished
IN06888,Mumbai,844,2,1,15,Semi
IN06889,Hyderabad,1399,4,3,15,Unfurnished
IN06890,Mumbai,300,3,1,15,Semi
IN06891,Chennai,499,2,2,15,Unfurnished
IN06892,Hyderabad,1397,3,3,15,Unfurnished
IN06893,Kolkata,1425,1,2,15,Unfurnished
IN06894,Bangalore,967,3,2,15,Unfurnished
IN06895,Bangalore,344,3,1,15,Unfurnished
IN06896,Chennai,468,1,1,15,Semi
IN06897,Hyderabad,1462,3,2,15.87,Furnished
IN06898,Chennai,413,4,2,15,Semi
IN06899,Bangalore,709,3,3,15,Semi
IN06900,Bangalore,1098,2,2,16.04,Semi
IN06901,Delhi,1207,2,1,15,Furnished
IN06902,Hyderabad,1279,3,2,16.26,Furnished
IN06903,Delhi,1056,2,2,15,Unfurnished
IN06904,Delhi,1901,3,2,20.09,Semi
IN06905,Delhi,566,3,2,15,Furnished
IN06906,Hyderabad,1029,3,2,15,Unfurnished
IN06907,Kolkata,680,4,1,15,Semi
IN06908,Mumbai,1160,3,2,15,Unfurnished
IN06909,Chennai,740,2,2,15,Semi
IN06910,Chennai,1386,1,1,15,Unfurnished
IN06911,Bangalore,1675,3,1,15,Unfurnished
IN06912,Mumbai,1588,2,2,26.15,Unfurnished
IN06913,Hyderabad,1238,2,2,15,Semi
IN06914,Kolkata,1532,1,1,18.99,Unfurnished
IN06915,Mumbai,1065,4,2,17.26,Furnished
IN06916,Delhi,823,2,2,15,Semi
IN06917,Mumbai,1405,2,2,18.29,Unfurnished
IN06918,Bangalore,1334,1,2,15,Unfurnished
IN06919,Mumbai,1015,3,2,15,Unfurnished
IN06920,Delhi,1818,2,3,20.34,Unfurnished
IN06921,Hyderabad,1371,3,3,15,Furnished
IN06922,Mumbai,300,3,2,15,Furnished
IN06923,Bangalore,1136,3,1,15,Unfurnished
IN06924,Hyderabad,1894,1,1,16.86,Unfurnished
IN06925,Delhi,1795,2,2,19.01,Furnished
IN06926,Chennai,1692,3,2,28.97,Furnished
IN06927,Chennai,828,2,2,15,Unfurnished
IN06928,Chennai,871,2,1,15,Semi
IN06929,Kolkata,1631,4,2,26.73,Unfurnished
IN06930,Chennai,628,3,1,15,Semi
IN06931,Kolkata,1351,2,2,15,Furnished
IN06932,Kolkata,1874,3,2,23.86,Semi
IN06933,Hyderabad,793,2,3,15,Semi
IN06934,Chennai,1115,1,2,15,Semi
IN06935,Bangalore,1013,4,2,16.4,Furnished
IN06936,Hyderabad,1021,2,2,15,Furnished
IN06937,Hyderabad,1331,4,3,18.36,Semi
IN06938,Mumbai,712,4,3,15,Semi
IN06939,Bangalore,612,2,3,15,Unfurnished
IN06940,Kolkata,830,4,1,15,Furnished
IN06941,Delhi,1052,3,1,15,Unfurnished
IN06942,Delhi,634,2,1,15,Furnished
IN06943,Hyderabad,995,4,1,15,Furnished
IN06944,Chennai,1021,3,3,15,Furnished
IN06945,Mumbai,718,1,1,15,Unfurnished
IN06946,Kolkata,1481,2,2,18.57,Unfurnished
IN06947,Mumbai,1956,4,3,24.59,Semi
IN06948,Hyderabad,1445,1,2,16.22,Unfurnished
IN06949,Kolkata,1420,2,3,19.95,Unfurnished
IN06950,Delhi,764,2,2,15,Semi
IN06951,Kolkata,356,4,3,15,Unfurnished
IN06952,Delhi,432,3,2,15,Furnished
IN06953,Bangalore,890,3,2,15,Furnished
IN06954,Kolkata,1294,2,2,15,Furnished
IN06955,Mumbai,1371,2,2,19.59,Unfurnished
IN06956,Bangalore,789,2,1,15,Furnished
IN06957,Kolkata,1180,3,2,15,Furnished
IN06958,Hyderabad,502,1,3,15,Unfurnished
IN06959,Mumbai,1012,3,2,15,Semi
IN06960,Mumbai,763,2,2,15,Semi
IN06961,Hyderabad,1499,2,3,32.06,Unfurnished
IN06962,Mumbai,1474,2,1,22.53,Furnished
IN06963,Chennai,895,1,2,15,Semi
IN06964,Kolkata,630,1,2,15,Furnished
IN06965,Chennai,1726,2,3,31.85,Unfurnished
IN06966,Delhi,983,4,1,15,Semi
IN06967,Chennai,1063,1,1,15,Furnished
IN06968,Delhi,1342,2,2,17.36,Unfurnished
IN06969,Chennai,1025,2,1,16.26,Unfurnished
IN06970,Delhi,1061,4,3,15.27,Furnished
IN06971,Kolkata,613,2,2,15,Unfurnished
IN06972,Hyderabad,1102,4,2,15,Furnished
IN06973,Hyderabad,1245,1,3,22.34,Semi
IN06974,Mumbai,1211,1,2,15.66,Furnished
IN06975,Bangalore,964,2,2,15,Semi
IN06976,Mumbai,1740,4,2,15.02,Semi
IN06977,Hyderabad,862,2,2,15,Furnished
IN06978,Mumbai,1304,3,3,22.02,Unfurnished
IN06979,Hyderabad,727,2,2,15,Furnished
IN06980,Delhi,877,3,2,15,Furnished
IN06981,Delhi,598,3,2,15,Unfurnished
IN06982,Delhi,1407,2,1,17.13,Unfurnished
IN06983,Bangalore,1034,2,3,15,Unfurnished
IN06984,Hyderabad,1619,4,2,24.31,Semi
IN06985,Hyderabad,300,3,2,15,Furnished
IN06986,Kolkata,1788,4,2,15,Furnished
IN06987,Hyderabad,672,2,2,15,Semi
IN06988,Kolkata,722,2,3,15,Furnished
IN06989,Hyderabad,900,2,2,15,Unfurnished
IN06990,Kolkata,868,3,1,15,Semi
IN06991,Delhi,1125,4,1,21.52,Furnished
IN06992,Delhi,871,4,2,15,Furnished
IN06993,Delhi,1371,2,2,15,Furnished
IN06994,Mumbai,1486,1,2,16.48,Furnished
IN06995,Bangalore,1250,2,2,21.54,Semi
IN06996,Chennai,469,2,3,15,Semi
IN06997,Chennai,1038,3,3,16.56,Unfurnished
IN06998,Chennai,1356,2,3,30.3,Furnished
IN06999,Kolkata,1729,3,2,15.49,Unfurnished
IN07000,Chennai,393,3,2,15,Unfurnished
IN07001,Bangalore,1637,4,2,15,Furnished
IN07002,Delhi,1501,2,1,15,Semi
IN07003,Chennai,645,3,2,15,Furnished
IN07004,Mumbai,1751,2,1,20.16,Furnished
IN07005,Chennai,2060,3,3,24.9,Semi
IN07006,Delhi,1070,4,2,15,Unfurnished
IN07007,Mumbai,1531,1,2,18.79,Furnished
IN07008,Mumbai,2649,3,3,41.37,Semi
IN07009,Hyderabad,1267,4,3,15,Furnished
IN07010,Mumbai,1516,4,3,15,Semi
IN07011,Hyderabad,1075,3,1,21.92,Semi
IN07012,Bangalore,1442,1,2,16.95,Unfurnished
IN07013,Hyderabad,939,4,2,16.46,Semi
IN07014,Chennai,1582,1,3,22.85,Furnished
IN07015,Kolkata,1572,3,3,20.49,Furnished
IN07016,Hyderabad,1069,3,2,15,Unfurnished
IN07017,Mumbai,300,1,1,15,Furnished
IN07018,Delhi,1413,2,1,22.36,Semi
IN07019,Hyderabad,1193,1,1,15,Semi
IN07020,Delhi,327,2,2,15,Unfurnished
IN07021,Mumbai,300,2,1,15,Furnished
IN07022,Chennai,1180,4,1,15,Furnished
IN07023,Hyderabad,1291,3,2,17.4,Unfurnished
IN07024,Delhi,1110,3,1,19.04,Unfurnished
IN07025,Hyderabad,686,4,2,15,Unfurnished
IN07026,Kolkata,1247,4,1,15,Furnished
IN07027,Mumbai,1331,4,3,22.56,Unfurnished
IN07028,Mumbai,1656,4,2,24.58,Unfurnished
IN07029,Kolkata,1884,2,1,23.15,Unfurnished
IN07030,Bangalore,1267,3,1,15,Unfurnished
IN07031,Kolkata,1052,2,3,20.83,Furnished
IN07032,Bangalore,1379,4,2,15,Semi
IN07033,Hyderabad,1173,4,2,15,Unfurnished
IN07034,Kolkata,946,1,1,15,Semi
IN07035,Mumbai,1002,4,1,15,Semi
IN07036,Kolkata,754,4,3,15,Furnished
IN07037,Bangalore,300,2,2,15,Semi
IN07038,Kolkata,300,4,2,15,Furnished
IN07039,Bangalore,1346,4,1,15,Semi
IN07040,Mumbai,1071,2,3,15,Unfurnished
IN07041,Delhi,348,3,1,15,Furnished
IN07042,Delhi,873,2,2,15,Furnished
IN07043,Bangalore,1451,3,2,23.35,Unfurnished
IN07044,Kolkata,1807,4,3,27.62,Unfurnished
IN07045,Chennai,1129,2,3,21.04,Semi
IN07046,Delhi,1225,4,2,19.59,Semi
IN07047,Chennai,2022,2,2,20.41,Semi
IN07048,Delhi,428,2,3,15,Semi
IN07049,Mumbai,673,4,2,15,Furnished
IN07050,Hyderabad,1311,2,3,15,Semi
IN07051,Bangalore,1688,1,3,15,Semi
IN07052,Kolkata,1362,2,1,15,Furnished
IN07053,Hyderabad,588,2,1,15,Semi
IN07054,Kolkata,300,2,2,15,Unfurnished
IN07055,Delhi,1418,1,1,16.36,Semi
IN07056,Hyderabad,636,2,2,15,Semi
IN07057,Bangalore,685,3,3,15,Furnished
IN07058,Bangalore,802,3,1,15,Unfurnished
IN07059,Kolkata,344,3,2,15,Furnished
IN07060,Hyderabad,649,1,2,15,Unfurnished
IN07061,Mumbai,1424,4,2,15,Semi
IN07062,Hyderabad,1193,3,3,17.31,Unfurnished
IN07063,Bangalore,1088,4,3,15,Unfurnished
IN07064,Kolkata,1536,3,2,24.43,Semi
IN07065,Hyderabad,1600,2,2,15,Unfurnished
IN07066,Mumbai,717,3,1,15,Furnished
IN07067,Chennai,1857,4,3,30.05,Unfurnished
IN07068,Mumbai,1209,1,1,16.14,Unfurnished
IN07069,Mumbai,1011,3,2,15,Unfurnished
IN07070,Kolkata,1368,4,1,15,Unfurnished
IN07071,Chennai,1215,3,3,16.31,Semi
IN07072,Delhi,977,2,2,15,Semi
IN07073,Chennai,1401,2,1,15,Unfurnished
IN07074,Chennai,1317,2,2,15,Furnished
IN07075,Hyderabad,519,3,3,15,Semi
IN07076,Kolkata,886,2,2,15,Unfurnished
IN07077,Kolkata,768,3,1,15,Semi
IN07078,Bangalore,1506,2,3,15,Unfurnished
IN07079,Kolkata,1503,2,3,15,Semi
IN07080,Kolkata,1588,2,3,28.5,Unfurnished
IN07081,Mumbai,1731,2,2,24.83,Furnished
IN07082,Delhi,1211,2,3,20.55,Semi
IN07083,Mumbai,300,1,2,15,Furnished
IN07084,Bangalore,946,4,3,15,Furnished
IN07085,Bangalore,1151,2,2,15,Unfurnished
IN07086,Chennai,786,1,2,15,Unfurnished
IN07087,Delhi,1170,3,2,21.42,Furnished
IN07088,Hyderabad,922,3,2,15,Furnished
IN07089,Mumbai,1389,2,2,29.36,Semi
IN07090,Chennai,1217,3,2,19.7,Semi
IN07091,Bangalore,1217,4,1,15.81,Semi
IN07092,Mumbai,1366,4,2,15.35,Semi
IN07093,Mumbai,1014,3,2,15,Furnished
IN07094,Chennai,1012,3,3,15,Furnished
IN07095,Delhi,852,3,2,15,Semi
IN07096,Delhi,1699,4,2,32.9,Furnished
IN07097,Bangalore,738,3,1,15,Unfurnished
IN07098,Delhi,1395,4,2,21.61,Furnished
IN07099,Hyderabad,1650,3,3,27.63,Semi
IN07100,Hyderabad,1256,2,2,15,Furnished
IN07101,Delhi,569,1,2,15,Furnished
IN07102,Mumbai,817,3,2,15,Unfurnished
IN07103,Hyderabad,1226,4,3,17.89,Semi
IN07104,Chennai,512,3,2,15,Furnished
IN07105,Hyderabad,1677,4,1,24.08,Semi
IN07106,Hyderabad,300,3,2,15,Semi
IN07107,Kolkata,954,1,1,15,Semi
IN07108,Kolkata,821,4,2,15,Furnished
IN07109,Mumbai,1212,1,2,17.3,Semi
IN07110,Kolkata,1333,2,2,15.06,Semi
IN07111,Hyderabad,1226,3,2,16.12,Unfurnished
IN07112,Kolkata,300,2,1,15,Semi
IN07113,Bangalore,948,4,1,15,Unfurnished
IN07114,Mumbai,1859,4,3,16.32,Unfurnished
IN07115,Bangalore,849,2,2,15,Furnished
IN07116,Bangalore,1439,2,2,20.76,Semi
IN07117,Hyderabad,908,3,2,15,Furnished
IN07118,Mumbai,1107,2,1,15,Unfurnished
IN07119,Mumbai,1143,1,1,15,Unfurnished
IN07120,Kolkata,757,3,2,15,Furnished
IN07121,Hyderabad,1499,3,1,19.69,Furnished
IN07122,Chennai,615,4,2,15,Unfurnished
IN07123,Bangalore,497,2,1,15,Unfurnished
IN07124,Kolkata,1103,3,2,17.51,Unfurnished
IN07125,Bangalore,1445,4,1,15,Furnished
IN07126,Hyderabad,2068,3,3,30.44,Furnished
IN07127,Chennai,1016,2,2,15,Semi
IN07128,Hyderabad,810,2,2,15,Unfurnished
IN07129,Chennai,627,3,1,15,Furnished
IN07130,Hyderabad,759,1,1,15,Furnished
IN07131,Hyderabad,1691,4,2,37.07,Furnished
IN07132,Chennai,993,3,2,20.42,Semi
IN07133,Kolkata,946,2,3,15,Semi
IN07134,Hyderabad,935,2,2,17.06,Unfurnished
IN07135,Hyderabad,1501,4,3,19.9,Unfurnished
IN07136,Hyderabad,1580,3,2,19.58,Furnished
IN07137,Bangalore,767,1,1,15,Furnished
IN07138,Delhi,1418,4,1,15,Unfurnished
IN07139,Delhi,2060,2,3,15,Semi
IN07140,Bangalore,714,2,2,15,Semi
IN07141,Bangalore,906,3,3,15,Unfurnished
IN07142,Bangalore,1317,2,2,15,Unfurnished
IN07143,Mumbai,847,2,1,15,Unfurnished
IN07144,Chennai,752,1,2,15,Semi
IN07145,Bangalore,1131,2,2,15,Unfurnished
IN07146,Delhi,1336,1,2,18.93,Semi
IN07147,Delhi,1386,2,2,25.52,Semi
IN07148,Bangalore,973,3,3,15,Semi
IN07149,Chennai,1773,1,2,19.38,Semi
IN07150,Hyderabad,710,2,3,15,Furnished
IN07151,Mumbai,1188,2,1,15,Semi
IN07152,Delhi,1527,2,2,18.31,Semi
IN07153,Bangalore,1003,3,1,16.68,Unfurnished
IN07154,Mumbai,1089,4,2,15.71,Semi
IN07155,Bangalore,860,4,3,15,Semi
IN07156,Chennai,654,2,3,15,Semi
IN07157,Bangalore,934,3,2,15,Semi
IN07158,Mumbai,1071,2,3,15.15,Furnished
IN07159,Mumbai,981,3,1,15,Unfurnished
IN07160,Kolkata,1026,1,3,15.31,Unfurnished
IN07161,Mumbai,1648,2,2,26.72,Unfurnished
IN07162,Chennai,1123,2,1,15,Furnished
IN07163,Delhi,977,1,2,15,Furnished
IN07164,Hyderabad,757,2,2,15,Furnished
IN07165,Kolkata,943,4,1,15,Furnished
IN07166,Mumbai,300,3,1,15,Unfurnished
IN07167,Mumbai,499,3,2,15,Furnished
IN07168,Delhi,835,3,3,15,Semi
IN07169,Mumbai,1679,2,1,19.51,Unfurnished
IN07170,Hyderabad,655,3,3,15,Furnished
IN07171,Delhi,1757,3,3,21.72,Furnished
IN07172,Chennai,1450,3,1,15,Furnished
IN07173,Mumbai,643,2,2,15,Furnished
IN07174,Mumbai,899,3,2,15,Furnished
IN07175,Delhi,1323,2,3,22.92,Unfurnished
IN07176,Chennai,720,2,2,15,Unfurnished
IN07177,Mumbai,1102,3,3,15.92,Unfurnished
IN07178,Kolkata,641,2,1,15,Semi
IN07179,Mumbai,1259,3,2,15,Furnished
IN07180,Delhi,864,2,1,15,Furnished
IN07181,Mumbai,2115,3,1,26.3,Unfurnished
IN07182,Delhi,1832,2,2,23.48,Semi
IN07183,Mumbai,300,2,3,15,Semi
IN07184,Chennai,1011,2,2,15,Unfurnished
IN07185,Kolkata,1182,1,1,15,Unfurnished
IN07186,Chennai,734,2,3,15,Unfurnished
IN07187,Hyderabad,969,4,2,15,Furnished
IN07188,Delhi,1124,3,2,15,Unfurnished
IN07189,Chennai,866,3,2,15,Unfurnished
IN07190,Kolkata,734,3,3,15,Furnished
IN07191,Hyderabad,1732,3,1,15,Semi
IN07192,Hyderabad,300,3,2,15,Semi
IN07193,Mumbai,1149,3,2,18.16,Furnished
IN07194,Hyderabad,612,3,3,15,Semi
IN07195,Kolkata,821,3,1,15,Furnished
IN07196,Chennai,1406,2,1,15,Semi
IN07197,Chennai,1481,4,1,15,Semi
IN07198,Mumbai,987,2,3,15,Unfurnished
IN07199,Bangalore,1039,2,2,15,Furnished
IN07200,Bangalore,603,4,2,15,Unfurnished
IN07201,Delhi,1264,2,3,20.33,Furnished
IN07202,Delhi,1495,1,2,29.69,Furnished
IN07203,Delhi,1183,2,2,19.06,Furnished
IN07204,Hyderabad,1170,1,2,15,Semi
IN07205,Delhi,962,1,2,15,Unfurnished
IN07206,Chennai,1089,1,2,17.15,Semi
IN07207,Bangalore,1749,1,2,26.31,Unfurnished
IN07208,Chennai,1289,3,2,15,Semi
IN07209,Mumbai,300,3,2,15,Unfurnished
IN07210,Kolkata,722,3,2,15,Semi
IN07211,Delhi,415,3,2,15,Semi
IN07212,Kolkata,686,2,2,15,Unfurnished
IN07213,Mumbai,1083,1,2,15,Semi
IN07214,Kolkata,1081,3,3,15,Semi
IN07215,Hyderabad,2516,3,3,29.5,Furnished
IN07216,Chennai,1381,3,3,15,Unfurnished
IN07217,Kolkata,1046,3,3,15,Semi
IN07218,Hyderabad,1341,2,1,15.13,Furnished
IN07219,Hyderabad,1360,2,3,15,Furnished
IN07220,Bangalore,1362,2,1,15.54,Furnished
IN07221,Mumbai,648,1,2,15,Semi
IN07222,Kolkata,1945,3,3,19.05,Semi
IN07223,Delhi,884,3,2,15,Semi
IN07224,Chennai,720,2,2,15,Semi
IN07225,Chennai,1406,4,1,15,Furnished
IN07226,Hyderabad,300,3,3,15,Unfurnished
IN07227,Mumbai,872,3,2,15,Unfurnished
IN07228,Mumbai,872,3,2,15,Unfurnished
IN07229,Hyderabad,1068,2,1,17.81,Semi
IN07230,Delhi,1118,2,1,15,Unfurnished
IN07231,Kolkata,937,4,1,16.43,Semi
IN07232,Chennai,974,3,1,15,Furnished
IN07233,Bangalore,1378,2,2,17.27,Semi
IN07234,Delhi,1896,3,1,15.63,Semi
IN07235,Bangalore,1372,4,2,19.55,Semi
IN07236,Delhi,1419,2,3,15,Semi
IN07237,Chennai,519,2,3,15,Semi
IN07238,Mumbai,1294,1,3,15,Furnished
IN07239,Mumbai,1021,2,3,15,Semi
IN07240,Bangalore,1643,2,3,15,Semi
IN07241,Delhi,1672,2,2,18.28,Unfurnished
IN07242,Chennai,1017,1,2,15,Semi
IN07243,Mumbai,1623,2,2,20.98,Semi
IN07244,Mumbai,847,1,1,15,Semi
IN07245,Bangalore,1018,2,1,15,Furnished
IN07246,Hyderabad,1365,3,2,15,Furnished
IN07247,Delhi,946,3,2,15,Furnished
IN07248,Mumbai,1427,1,2,15,Semi
IN07249,Delhi,1783,2,2,15,Furnished
IN07250,Delhi,300,2,3,15,Semi
IN07251,Chennai,1450,2,2,15,Furnished
IN07252,Kolkata,876,1,3,15,Unfurnished
IN07253,Hyderabad,1642,3,3,20.65,Semi
IN07254,Kolkata,767,4,2,15,Semi
IN07255,Hyderabad,1084,1,2,21.49,Semi
IN07256,Delhi,913,2,2,15,Furnished
IN07257,Delhi,689,4,2,15,Semi
IN07258,Bangalore,1110,2,3,15,Furnished
IN07259,Hyderabad,690,3,3,15,Semi
IN07260,Chennai,1789,4,1,41.5,Furnished
IN07261,Chennai,1848,3,2,15,Semi
IN07262,Kolkata,1181,3,3,15,Furnished
IN07263,Mumbai,1070,1,1,15.71,Semi
IN07264,Hyderabad,794,3,3,15,Semi
IN07265,Mumbai,2217,2,1,23.8,Unfurnished
IN07266,Bangalore,794,3,1,15,Furnished
IN07267,Hyderabad,1053,3,3,21.71,Furnished
IN07268,Mumbai,2176,3,1,21.25,Furnished
IN07269,Bangalore,1194,2,1,16.63,Furnished
IN07270,Delhi,1517,2,2,25.8,Furnished
IN07271,Hyderabad,1723,1,1,27.02,Furnished
IN07272,Mumbai,1313,3,2,15,Semi
IN07273,Kolkata,1590,4,1,15.74,Furnished
IN07274,Bangalore,1009,3,1,15,Semi
IN07275,Hyderabad,1504,1,1,17.12,Semi
IN07276,Bangalore,578,2,2,15,Semi
IN07277,Chennai,1085,3,1,15,Semi
IN07278,Mumbai,505,2,1,15,Unfurnished
IN07279,Bangalore,1767,3,2,35.32,Furnished
IN07280,Hyderabad,482,2,3,15,Furnished
IN07281,Delhi,300,2,3,15,Unfurnished
IN07282,Chennai,907,2,2,15,Furnished
IN07283,Hyderabad,1160,3,1,15,Unfurnished
IN07284,Kolkata,2040,2,3,24.58,Furnished
IN07285,Mumbai,1127,2,2,15,Semi
IN07286,Kolkata,1691,2,2,18.01,Furnished
IN07287,Kolkata,1174,2,2,18.5,Semi
IN07288,Delhi,1483,2,3,17.57,Semi
IN07289,Delhi,979,3,3,17.63,Semi
IN07290,Chennai,1582,3,1,24.66,Furnished
IN07291,Mumbai,950,3,2,15,Semi
IN07292,Hyderabad,1213,3,2,15,Unfurnished
IN07293,Delhi,469,4,2,15,Furnished
IN07294,Hyderabad,1158,3,2,15,Semi
IN07295,Mumbai,923,2,1,15,Semi
IN07296,Bangalore,1135,4,1,15,Semi
IN07297,Bangalore,1648,1,1,18.06,Unfurnished
IN07298,Mumbai,1591,3,2,15,Semi
IN07299,Delhi,798,2,1,15,Unfurnished
IN07300,Delhi,1145,2,1,15,Unfurnished
IN07301,Kolkata,1334,2,2,17.33,Furnished
IN07302,Chennai,1779,3,2,24.01,Semi
IN07303,Kolkata,300,4,2,15,Unfurnished
IN07304,Hyderabad,1305,2,2,15,Furnished
IN07305,Mumbai,707,3,1,15,Semi
IN07306,Kolkata,1161,3,1,21.97,Furnished
IN07307,Chennai,1498,4,2,19.5,Furnished
IN07308,Kolkata,1396,2,2,22.5,Unfurnished
IN07309,Hyderabad,300,3,2,15,Semi
IN07310,Bangalore,1337,4,2,22.88,Furnished
IN07311,Hyderabad,300,2,1,15,Unfurnished
IN07312,Chennai,1275,2,2,16.92,Semi
IN07313,Bangalore,822,2,3,15,Semi
IN07314,Kolkata,1915,1,3,20.33,Unfurnished
IN07315,Hyderabad,697,1,1,15,Unfurnished
IN07316,Chennai,992,2,2,15.99,Semi
IN07317,Chennai,973,4,2,15,Furnished
IN07318,Bangalore,875,1,2,15,Semi
IN07319,Chennai,1411,3,2,19.02,Furnished
IN07320,Kolkata,1267,4,2,15,Furnished
IN07321,Bangalore,944,2,1,15,Unfurnished
IN07322,Kolkata,1997,2,2,15.28,Semi
IN07323,Hyderabad,856,3,3,15,Semi
IN07324,Bangalore,1249,2,3,17.94,Furnished
IN07325,Bangalore,1214,4,3,15,Semi
IN07326,Bangalore,862,1,2,15,Furnished
IN07327,Delhi,1113,1,2,15,Furnished
IN07328,Hyderabad,926,3,1,15,Unfurnished
IN07329,Mumbai,1298,2,3,15,Unfurnished
IN07330,Delhi,806,3,2,15,Unfurnished
IN07331,Delhi,528,3,1,15,Furnished
IN07332,Hyderabad,1330,2,2,17.78,Unfurnished
IN07333,Chennai,590,3,2,15,Unfurnished
IN07334,Kolkata,1414,3,3,15,Furnished
IN07335,Delhi,1230,2,2,15,Furnished
IN07336,Bangalore,1104,2,3,15,Unfurnished
IN07337,Kolkata,1487,2,1,16.16,Semi
IN07338,Mumbai,1363,2,3,18.32,Unfurnished
IN07339,Kolkata,987,4,3,15,Furnished
IN07340,Chennai,751,3,2,15,Semi
IN07341,Kolkata,1009,1,1,15,Furnished
IN07342,Mumbai,821,4,2,15,Furnished
IN07343,Kolkata,1505,2,1,15,Unfurnished
IN07344,Mumbai,793,2,3,15,Unfurnished
IN07345,Kolkata,1189,2,2,15.32,Furnished
IN07346,Delhi,1266,4,2,22.99,Unfurnished
IN07347,Hyderabad,1088,1,2,17.62,Furnished
IN07348,Kolkata,1040,2,2,15,Semi
IN07349,Hyderabad,300,3,2,15,Unfurnished
IN07350,Chennai,1183,3,2,16.11,Furnished
IN07351,Mumbai,981,2,1,15,Furnished
IN07352,Hyderabad,1955,1,2,30.75,Furnished
IN07353,Delhi,474,3,1,15,Furnished
IN07354,Hyderabad,980,2,3,15,Furnished
IN07355,Delhi,831,3,1,15,Semi
IN07356,Bangalore,1533,3,1,23.14,Furnished
IN07357,Hyderabad,1247,3,2,15,Furnished
IN07358,Mumbai,384,3,3,15,Furnished
IN07359,Mumbai,1060,2,2,16.64,Furnished
IN07360,Chennai,1268,3,2,15,Semi
IN07361,Hyderabad,680,4,2,15,Furnished
IN07362,Chennai,417,2,2,15,Unfurnished
IN07363,Mumbai,649,3,2,15,Semi
IN07364,Hyderabad,1097,2,3,18.45,Semi
IN07365,Kolkata,392,3,1,15,Unfurnished
IN07366,Mumbai,840,4,2,15,Semi
IN07367,Mumbai,1392,2,2,15.3,Unfurnished
IN07368,Kolkata,1152,1,1,15,Furnished
IN07369,Bangalore,982,2,2,15,Furnished
IN07370,Bangalore,849,2,1,15,Unfurnished
IN07371,Mumbai,335,2,3,15,Furnished
IN07372,Chennai,1711,1,1,20.5,Furnished
IN07373,Mumbai,532,2,2,15,Unfurnished
IN07374,Hyderabad,1355,2,2,15,Furnished
IN07375,Kolkata,499,3,3,15,Furnished
IN07376,Hyderabad,885,4,2,15,Furnished
IN07377,Bangalore,1647,3,3,20.05,Furnished
IN07378,Chennai,1397,2,3,15,Semi
IN07379,Hyderabad,1512,4,3,15.51,Furnished
IN07380,Mumbai,702,1,2,15,Furnished
IN07381,Chennai,1296,3,2,15,Semi
IN07382,Kolkata,606,4,3,15,Unfurnished
IN07383,Delhi,1294,1,3,15,Unfurnished
IN07384,Mumbai,446,3,1,15,Unfurnished
IN07385,Mumbai,1354,3,1,18.12,Unfurnished
IN07386,Kolkata,385,2,3,15,Furnished
IN07387,Bangalore,865,3,3,15,Semi
IN07388,Chennai,1147,3,1,15,Semi
IN07389,Mumbai,1518,2,3,15,Furnished
IN07390,Delhi,493,3,2,15,Unfurnished
IN07391,Chennai,555,1,2,15,Semi
IN07392,Kolkata,1796,3,2,32.44,Semi
IN07393,Chennai,1395,3,2,15,Semi
IN07394,Kolkata,840,3,2,15,Unfurnished
IN07395,Delhi,1922,4,2,21.26,Unfurnished
IN07396,Hyderabad,654,2,2,15,Unfurnished
IN07397,Delhi,1422,3,2,15,Semi
IN07398,Kolkata,300,4,2,15,Unfurnished
IN07399,Kolkata,1895,2,1,28.46,Furnished
IN07400,Chennai,933,1,1,15,Unfurnished
IN07401,Bangalore,647,3,2,15,Furnished
IN07402,Kolkata,1163,1,2,16.87,Furnished
IN07403,Hyderabad,1521,1,1,22.74,Furnished
IN07404,Mumbai,1170,2,2,16.23,Furnished
IN07405,Delhi,1477,2,2,15,Semi
IN07406,Hyderabad,1491,3,2,19.16,Unfurnished
IN07407,Bangalore,1124,2,3,16.96,Furnished
IN07408,Delhi,975,4,2,15,Unfurnished
IN07409,Bangalore,1593,3,1,19.98,Semi
IN07410,Kolkata,1739,2,3,18.47,Unfurnished
IN07411,Mumbai,1142,2,1,19.29,Furnished
IN07412,Bangalore,1723,3,2,16.46,Furnished
IN07413,Delhi,1653,2,2,31.92,Furnished
IN07414,Mumbai,1097,3,3,16.95,Furnished
IN07415,Mumbai,1073,2,1,15,Furnished
IN07416,Kolkata,408,2,3,15,Furnished
IN07417,Mumbai,1618,1,1,24.02,Unfurnished
IN07418,Delhi,1164,2,1,15,Unfurnished
IN07419,Hyderabad,2054,3,3,15,Unfurnished
IN07420,Hyderabad,678,2,3,15,Unfurnished
IN07421,Chennai,722,2,2,15,Semi
IN07422,Chennai,1024,4,1,15.39,Semi
IN07423,Kolkata,1650,3,3,20.12,Semi
IN07424,Hyderabad,1142,2,2,21.53,Furnished
IN07425,Chennai,1337,1,2,16.2,Semi
IN07426,Hyderabad,658,2,3,15,Semi
IN07427,Hyderabad,1303,4,3,15.36,Semi
IN07428,Bangalore,1108,3,2,15,Unfurnished
IN07429,Kolkata,1115,3,2,15,Unfurnished
IN07430,Chennai,956,4,1,15,Furnished
IN07431,Hyderabad,892,3,2,15,Semi
IN07432,Bangalore,1844,3,1,29.49,Unfurnished
IN07433,Hyderabad,729,3,2,15,Furnished
IN07434,Mumbai,630,3,3,15,Semi
IN07435,Delhi,1249,2,1,15,Furnished
IN07436,Mumbai,1915,1,2,15.76,Unfurnished
IN07437,Bangalore,1211,3,3,19.17,Furnished
IN07438,Chennai,1165,2,3,15,Furnished
IN07439,Bangalore,1196,3,2,15,Semi
IN07440,Bangalore,1263,3,3,15,Unfurnished
IN07441,Bangalore,768,4,2,15,Furnished
IN07442,Delhi,1595,3,1,25.57,Semi
IN07443,Kolkata,2157,4,3,26.4,Unfurnished
IN07444,Bangalore,1329,1,2,19.55,Unfurnished
IN07445,Kolkata,2165,2,1,15,Semi
IN07446,Hyderabad,1789,4,3,18.58,Furnished
IN07447,Hyderabad,2543,3,2,16.97,Unfurnished
IN07448,Chennai,694,3,3,15,Semi
IN07449,Bangalore,1552,2,2,16.66,Semi
IN07450,Mumbai,595,3,3,15,Semi
IN07451,Chennai,1197,2,3,15,Semi
IN07452,Hyderabad,1357,3,3,15,Furnished
IN07453,Kolkata,884,2,1,15,Unfurnished
IN07454,Kolkata,562,4,2,15,Semi
IN07455,Hyderabad,1315,1,2,21.76,Furnished
IN07456,Bangalore,984,3,2,15,Unfurnished
IN07457,Bangalore,660,3,3,15,Furnished
IN07458,Hyderabad,1721,4,1,19.95,Unfurnished
IN07459,Kolkata,645,2,3,15,Semi
IN07460,Delhi,1442,3,1,15,Furnished
IN07461,Bangalore,1170,3,3,23.45,Furnished
IN07462,Kolkata,1643,1,1,29.41,Furnished
IN07463,Delhi,1795,1,2,25.47,Semi
IN07464,Delhi,1503,3,3,15,Unfurnished
IN07465,Mumbai,1763,4,2,24.14,Unfurnished
IN07466,Delhi,1037,3,2,15,Furnished
IN07467,Mumbai,1441,2,2,15,Furnished
IN07468,Hyderabad,1638,3,2,24.81,Semi
IN07469,Mumbai,672,4,1,15,Furnished
IN07470,Bangalore,602,3,2,15,Semi
IN07471,Chennai,1007,1,2,15,Unfurnished
IN07472,Mumbai,1076,1,1,19.08,Furnished
IN07473,Mumbai,947,2,1,15,Furnished
IN07474,Delhi,1293,4,1,19.99,Furnished
IN07475,Hyderabad,824,2,1,15,Unfurnished
IN07476,Hyderabad,1111,4,2,15,Unfurnished
IN07477,Bangalore,1184,1,2,15,Furnished
IN07478,Hyderabad,738,3,2,15,Furnished
IN07479,Mumbai,1297,2,1,15,Unfurnished
IN07480,Delhi,948,3,1,15,Semi
IN07481,Chennai,300,4,2,15,Furnished
IN07482,Kolkata,1406,4,1,18.5,Furnished
IN07483,Mumbai,982,3,2,15,Semi
IN07484,Bangalore,763,3,2,15,Unfurnished
IN07485,Hyderabad,780,3,2,15,Semi
IN07486,Hyderabad,880,1,1,15,Unfurnished
IN07487,Delhi,740,4,2,15,Furnished
IN07488,Kolkata,2022,4,2,27.22,Unfurnished
IN07489,Chennai,925,3,1,15,Furnished
IN07490,Chennai,659,4,1,15,Semi
IN07491,Chennai,969,2,2,15,Furnished
IN07492,Kolkata,836,3,1,15,Furnished
IN07493,Kolkata,960,3,2,15,Semi
IN07494,Delhi,300,2,2,15,Unfurnished
IN07495,Chennai,1458,1,2,21.16,Furnished
IN07496,Hyderabad,300,4,1,15,Semi
IN07497,Bangalore,403,2,1,15,Semi
IN07498,Mumbai,1601,1,1,20.06,Semi
IN07499,Kolkata,619,2,1,15,Unfurnished
IN07500,Bangalore,2485,4,3,25.16,Semi
IN07501,Delhi,1021,3,1,15.76,Semi
IN07502,Chennai,1480,3,2,16.21,Unfurnished
IN07503,Hyderabad,1023,1,1,15,Unfurnished
IN07504,Delhi,769,2,2,15,Unfurnished
IN07505,Delhi,773,1,1,15,Semi
IN07506,Mumbai,732,4,1,15,Semi
IN07507,Chennai,1631,3,2,17.15,Semi
IN07508,Hyderabad,300,4,1,15,Furnished
IN07509,Kolkata,1022,3,2,16.74,Unfurnished
IN07510,Delhi,654,3,1,15,Unfurnished
IN07511,Hyderabad,1287,3,1,15,Furnished
IN07512,Bangalore,856,4,1,15,Furnished
IN07513,Bangalore,1132,4,1,15,Semi
IN07514,Bangalore,469,3,3,15,Semi
IN07515,Bangalore,681,1,2,15,Unfurnished
IN07516,Mumbai,1159,3,2,16.75,Unfurnished
IN07517,Mumbai,392,1,1,15,Furnished
IN07518,Hyderabad,1477,4,2,22.07,Semi
IN07519,Hyderabad,903,1,2,15,Semi
IN07520,Chennai,1247,3,2,15,Furnished
IN07521,Bangalore,1219,2,1,15,Furnished
IN07522,Hyderabad,300,2,3,15,Furnished
IN07523,Delhi,1821,2,2,28.07,Unfurnished
IN07524,Kolkata,1732,3,2,20.42,Semi
IN07525,Bangalore,335,2,2,15,Unfurnished
IN07526,Hyderabad,1094,3,1,15,Furnished
IN07527,Bangalore,1336,4,3,22.63,Semi
IN07528,Mumbai,674,3,2,15,Unfurnished
IN07529,Mumbai,2069,4,3,28.27,Unfurnished
IN07530,Kolkata,1567,3,3,25.11,Semi
IN07531,Hyderabad,378,2,3,15,Semi
IN07532,Hyderabad,1252,1,3,15,Unfurnished
IN07533,Mumbai,664,3,2,15,Semi
IN07534,Mumbai,1130,2,3,19.69,Furnished
IN07535,Chennai,1157,3,1,15,Furnished
IN07536,Mumbai,2229,3,2,37.67,Unfurnished
IN07537,Hyderabad,1246,3,2,16.1,Furnished
IN07538,Mumbai,1394,3,1,19.67,Unfurnished
IN07539,Mumbai,955,1,1,15,Furnished
IN07540,Mumbai,415,2,1,15,Furnished
IN07541,Kolkata,1295,2,1,15.03,Unfurnished
IN07542,Mumbai,1338,2,1,18.03,Unfurnished
IN07543,Kolkata,1294,3,3,20.01,Semi
IN07544,Bangalore,906,3,2,15,Furnished
IN07545,Delhi,1457,3,2,15,Unfurnished
IN07546,Bangalore,1027,2,1,15,Furnished
IN07547,Chennai,1352,3,2,16.3,Unfurnished
IN07548,Chennai,1422,1,2,15,Unfurnished
IN07549,Hyderabad,1106,2,2,15,Semi
IN07550,Mumbai,821,4,2,15.66,Semi
IN07551,Mumbai,892,4,1,15,Furnished
IN07552,Kolkata,1785,2,3,19.1,Unfurnished
IN07553,Delhi,1149,3,1,16.96,Unfurnished
IN07554,Kolkata,656,1,2,15,Unfurnished
IN07555,Delhi,300,2,2,15,Furnished
IN07556,Bangalore,1005,4,2,15,Unfurnished
IN07557,Hyderabad,1143,3,1,16.42,Unfurnished
IN07558,Bangalore,1841,2,1,15,Furnished
IN07559,Kolkata,733,2,3,15,Semi
IN07560,Chennai,885,2,1,15,Furnished
IN07561,Mumbai,1080,4,2,17.64,Furnished
IN07562,Mumbai,1084,1,2,17.53,Semi
IN07563,Mumbai,646,1,3,15,Semi
IN07564,Kolkata,1094,2,2,15,Furnished
IN07565,Bangalore,1735,1,1,18.42,Furnished
IN07566,Mumbai,500,3,2,15,Unfurnished
IN07567,Bangalore,1050,1,3,15,Unfurnished
IN07568,Delhi,301,2,3,15,Semi
IN07569,Hyderabad,930,2,2,15,Furnished
IN07570,Mumbai,1020,4,3,16.86,Semi
IN07571,Delhi,528,2,1,15,Unfurnished
IN07572,Bangalore,524,2,2,15,Unfurnished
IN07573,Mumbai,701,3,3,15,Furnished
IN07574,Kolkata,739,3,3,15,Unfurnished
IN07575,Mumbai,620,3,3,15,Furnished
IN07576,Kolkata,637,1,2,15,Unfurnished
IN07577,Delhi,1023,3,2,15,Furnished
IN07578,Kolkata,1131,2,3,15,Semi
IN07579,Bangalore,1282,3,3,18.64,Unfurnished
IN07580,Delhi,1514,3,2,15,Furnished
IN07581,Hyderabad,1040,3,2,18.86,Semi
IN07582,Bangalore,300,1,3,15,Semi
IN07583,Mumbai,760,3,3,15,Semi
IN07584,Chennai,1407,3,3,21.62,Unfurnished
IN07585,Mumbai,512,3,3,15,Semi
IN07586,Kolkata,957,4,2,15,Unfurnished
IN07587,Delhi,569,2,2,15,Furnished
IN07588,Delhi,872,2,2,15,Furnished
IN07589,Bangalore,686,4,2,15,Semi
IN07590,Kolkata,649,1,3,15,Furnished
IN07591,Kolkata,943,2,1,15,Semi
IN07592,Delhi,962,2,1,15,Furnished
IN07593,Chennai,552,3,3,15,Semi
IN07594,Mumbai,1419,4,2,16.83,Semi
IN07595,Chennai,621,3,3,15,Semi
IN07596,Kolkata,590,2,2,15,Semi
IN07597,Delhi,1672,2,2,24.25,Furnished
IN07598,Delhi,524,3,2,15,Unfurnished
IN07599,Mumbai,653,3,2,15,Unfurnished
IN07600,Delhi,764,4,2,15,Semi
IN07601,Hyderabad,659,2,3,15,Furnished
IN07602,Bangalore,1102,2,2,15,Semi
IN07603,Delhi,436,1,2,15,Furnished
IN07604,Kolkata,1721,1,2,15,Furnished
IN07605,Bangalore,1568,4,2,19.77,Furnished
IN07606,Mumbai,1312,2,3,15,Unfurnished
IN07607,Mumbai,1376,1,3,16.88,Unfurnished
IN07608,Chennai,961,1,1,15,Unfurnished
IN07609,Chennai,521,3,2,15,Furnished
IN07610,Delhi,639,1,3,15,Unfurnished
IN07611,Hyderabad,1421,2,1,18.31,Furnished
IN07612,Delhi,1445,2,1,15,Furnished
IN07613,Hyderabad,654,3,2,15,Unfurnished
IN07614,Mumbai,946,1,1,15,Semi
IN07615,Delhi,622,4,1,15,Unfurnished
IN07616,Kolkata,1587,2,3,15,Semi
IN07617,Mumbai,300,2,3,15,Unfurnished
IN07618,Delhi,875,1,2,15,Unfurnished
IN07619,Chennai,1054,3,3,15,Unfurnished
IN07620,Chennai,1010,1,3,17.0,Unfurnished
IN07621,Chennai,1859,3,2,17.96,Semi
IN07622,Hyderabad,871,4,1,18.39,Furnished
IN07623,Bangalore,1080,3,2,15,Unfurnished
IN07624,Bangalore,1202,2,1,18.0,Unfurnished
IN07625,Hyderabad,1179,2,2,15,Furnished
IN07626,Mumbai,300,3,1,15,Unfurnished
IN07627,Kolkata,1515,1,1,15,Furnished
IN07628,Delhi,917,3,1,15,Semi
IN07629,Mumbai,1028,3,3,15,Furnished
IN07630,Mumbai,654,4,2,15,Furnished
IN07631,Chennai,1107,2,2,15,Unfurnished
IN07632,Hyderabad,2298,2,2,44.63,Furnished
IN07633,Hyderabad,1364,2,2,15,Furnished
IN07634,Hyderabad,1085,2,1,15,Unfurnished
IN07635,Kolkata,1088,3,3,18.73,Furnished
IN07636,Chennai,1241,4,2,19.8,Unfurnished
IN07637,Mumbai,1086,1,2,20.2,Semi
IN07638,Bangalore,1243,1,3,15,Furnished
IN07639,Hyderabad,1184,4,2,15,Semi
IN07640,Chennai,1534,3,2,17.2,Semi
IN07641,Mumbai,1189,2,1,20.95,Semi
IN07642,Hyderabad,617,2,3,15,Furnished
IN07643,Hyderabad,994,4,2,16.99,Semi
IN07644,Hyderabad,1639,2,2,22.66,Furnished
IN07645,Mumbai,793,4,2,15,Unfurnished
IN07646,Bangalore,839,2,1,15,Semi
IN07647,Mumbai,1512,4,2,15,Unfurnished
IN07648,Hyderabad,1593,3,1,21.27,Furnished
IN07649,Hyderabad,887,2,2,15,Unfurnished
IN07650,Bangalore,793,4,2,15,Unfurnished
IN07651,Bangalore,1799,4,2,18.14,Semi
IN07652,Hyderabad,1323,3,1,21.51,Unfurnished
IN07653,Bangalore,1898,2,2,23.77,Semi
IN07654,Chennai,386,2,3,15,Furnished
IN07655,Mumbai,617,4,1,15,Semi
IN07656,Bangalore,982,2,2,15,Semi
IN07657,Kolkata,1128,2,3,15,Unfurnished
IN07658,Hyderabad,678,3,2,15,Furnished
IN07659,Kolkata,403,2,3,15,Semi
IN07660,Hyderabad,1026,2,3,15,Semi
IN07661,Kolkata,1733,3,2,20.93,Unfurnished
IN07662,Hyderabad,300,3,1,15,Unfurnished
IN07663,Kolkata,1818,2,2,15.02,Unfurnished
IN07664,Delhi,865,2,3,15,Semi
IN07665,Delhi,1210,4,2,18.12,Unfurnished
IN07666,Kolkata,1296,1,2,15,Furnished
IN07667,Bangalore,1664,4,2,16.34,Semi
IN07668,Kolkata,1162,2,3,15,Semi
IN07669,Mumbai,774,3,2,15,Furnished
IN07670,Bangalore,884,2,3,15,Furnished
IN07671,Bangalore,1270,4,1,20.6,Furnished
IN07672,Hyderabad,928,2,1,15,Unfurnished
IN07673,Chennai,1250,2,3,18.58,Semi
IN07674,Chennai,729,2,2,15,Furnished
IN07675,Hyderabad,1109,1,1,15,Unfurnished
IN07676,Mumbai,892,3,1,15,Furnished
IN07677,Kolkata,606,3,3,15,Furnished
IN07678,Mumbai,300,2,2,15,Furnished
IN07679,Kolkata,964,4,2,15,Unfurnished
IN07680,Delhi,1387,3,2,18.54,Semi
IN07681,Hyderabad,1210,1,2,19.07,Furnished
IN07682,Chennai,1363,3,3,15,Semi
IN07683,Kolkata,734,1,2,15,Unfurnished
IN07684,Chennai,1125,2,3,20.63,Semi
IN07685,Kolkata,1255,4,2,15,Unfurnished
IN07686,Mumbai,378,2,2,15,Semi
IN07687,Mumbai,731,2,1,15,Unfurnished
IN07688,Bangalore,456,3,1,15,Unfurnished
IN07689,Kolkata,736,3,2,15,Semi
IN07690,Chennai,626,3,2,15,Semi
IN07691,Kolkata,1243,4,3,19.98,Semi
IN07692,Chennai,1153,4,2,15,Semi
IN07693,Mumbai,1013,2,2,15,Furnished
IN07694,Bangalore,1504,4,2,26.66,Unfurnished
IN07695,Hyderabad,1182,1,1,15,Unfurnished
IN07696,Hyderabad,1360,3,2,15,Semi
IN07697,Kolkata,987,4,2,15,Unfurnished
IN07698,Delhi,1021,1,2,15.11,Semi
IN07699,Chennai,853,2,2,15,Semi
IN07700,Bangalore,1923,3,2,24.62,Unfurnished
IN07701,Bangalore,1991,2,2,26.19,Unfurnished
IN07702,Mumbai,1094,4,1,15.15,Semi
IN07703,Mumbai,1369,4,1,17.5,Furnished
IN07704,Chennai,1175,4,3,15.23,Furnished
IN07705,Bangalore,1915,2,2,35.07,Unfurnished
IN07706,Bangalore,1264,2,2,15,Furnished
IN07707,Mumbai,703,1,2,15,Semi
IN07708,Delhi,798,1,3,15,Semi
IN07709,Mumbai,1790,2,3,19.25,Furnished
IN07710,Chennai,1593,3,2,19.21,Unfurnished
IN07711,Bangalore,970,2,3,15,Semi
IN07712,Chennai,1156,3,2,15,Furnished
IN07713,Hyderabad,1000,2,2,15,Semi
IN07714,Chennai,1222,2,1,15,Furnished
IN07715,Bangalore,300,2,1,15,Semi
IN07716,Bangalore,760,3,1,15,Unfurnished
IN07717,Chennai,1573,4,2,26.58,Semi
IN07718,Kolkata,1326,2,3,25.47,Semi
IN07719,Chennai,594,4,2,15,Semi
IN07720,Hyderabad,1939,3,3,32.8,Furnished
IN07721,Bangalore,1168,2,3,17.35,Semi
IN07722,Hyderabad,994,2,2,15,Unfurnished
IN07723,Hyderabad,1199,2,2,15,Unfurnished
IN07724,Kolkata,2620,4,3,30.63,Semi
IN07725,Hyderabad,1043,4,3,15,Unfurnished
IN07726,Hyderabad,863,4,1,15,Semi
IN07727,Chennai,655,3,1,15,Semi
IN07728,Delhi,439,2,2,15,Unfurnished
IN07729,Delhi,786,1,1,15,Furnished
IN07730,Mumbai,1401,3,3,15,Furnished
IN07731,Chennai,970,2,2,15,Furnished
IN07732,Hyderabad,685,2,2,15,Unfurnished
IN07733,Bangalore,1411,2,3,15,Furnished
IN07734,Kolkata,856,1,2,18.49,Semi
IN07735,Hyderabad,1027,2,3,15,Unfurnished
IN07736,Mumbai,1534,2,2,15,Unfurnished
IN07737,Bangalore,1126,2,1,15.68,Semi
IN07738,Hyderabad,624,4,2,15,Semi
IN07739,Hyderabad,957,2,2,15.69,Furnished
IN07740,Kolkata,337,4,1,15,Unfurnished
IN07741,Chennai,674,3,1,15,Semi
IN07742,Delhi,882,2,2,15,Semi
IN07743,Delhi,555,2,1,15,Semi
IN07744,Delhi,1258,3,2,15,Unfurnished
IN07745,Bangalore,1893,3,3,27.77,Semi
IN07746,Chennai,1239,2,1,15,Furnished
IN07747,Delhi,1526,3,2,19.97,Furnished
IN07748,Delhi,1052,1,2,18.99,Semi
IN07749,Chennai,1394,1,2,15,Unfurnished
IN07750,Bangalore,613,3,3,15,Furnished
IN07751,Kolkata,1121,2,2,15,Furnished
IN07752,Chennai,1216,2,3,15,Unfurnished
IN07753,Chennai,1267,1,1,20.44,Furnished
IN07754,Delhi,2041,1,2,24.29,Semi
IN07755,Hyderabad,1566,2,2,23.69,Unfurnished
IN07756,Bangalore,687,2,1,15,Furnished
IN07757,Kolkata,2000,3,2,35.15,Semi
IN07758,Bangalore,300,3,2,15,Furnished
IN07759,Chennai,1271,2,3,17.39,Furnished
IN07760,Delhi,1433,3,1,22.46,Unfurnished
IN07761,Hyderabad,1054,3,3,15,Unfurnished
IN07762,Kolkata,1733,3,2,15,Unfurnished
IN07763,Kolkata,778,3,2,15,Unfurnished
IN07764,Mumbai,945,3,1,15,Furnished
IN07765,Kolkata,1230,2,2,15,Furnished
IN07766,Hyderabad,1166,2,2,19.53,Unfurnished
IN07767,Chennai,1696,1,3,24.04,Semi
IN07768,Delhi,1122,2,3,15,Unfurnished
IN07769,Hyderabad,1058,3,3,15,Unfurnished
IN07770,Chennai,1062,3,3,15.99,Unfurnished
IN07771,Chennai,1192,3,2,15,Furnished
IN07772,Mumbai,1235,4,2,21.11,Unfurnished
IN07773,Bangalore,1324,3,3,18.44,Semi
IN07774,Chennai,1320,3,2,20.03,Semi
IN07775,Delhi,1198,4,3,15.15,Semi
IN07776,Mumbai,1739,2,3,15.99,Semi
IN07777,Delhi,875,1,3,15,Unfurnished
IN07778,Kolkata,494,4,2,15,Semi
IN07779,Mumbai,300,2,1,15,Unfurnished
IN07780,Chennai,559,1,2,15,Furnished
IN07781,Hyderabad,1667,4,2,16.06,Semi
IN07782,Kolkata,872,2,2,15,Unfurnished
IN07783,Bangalore,401,4,1,15,Furnished
IN07784,Hyderabad,1028,3,3,15,Furnished
IN07785,Delhi,300,1,3,15,Furnished
IN07786,Chennai,584,2,1,15,Unfurnished
IN07787,Chennai,1339,1,1,28.58,Unfurnished
IN07788,Hyderabad,1907,3,2,18.33,Furnished
IN07789,Mumbai,2166,2,1,25.83,Semi
IN07790,Mumbai,929,3,1,15.33,Unfurnished
IN07791,Bangalore,735,2,3,15,Unfurnished
IN07792,Chennai,1092,3,2,15.79,Semi
IN07793,Kolkata,1139,3,3,16.16,Furnished
IN07794,Hyderabad,999,2,3,15,Unfurnished
IN07795,Mumbai,1705,4,2,18.6,Unfurnished
IN07796,Kolkata,300,2,2,15,Semi
IN07797,Kolkata,1780,2,2,15,Furnished
IN07798,Bangalore,1501,4,2,17.93,Unfurnished
IN07799,Mumbai,894,2,2,15,Semi
IN07800,Hyderabad,1676,4,2,25.62,Furnished
IN07801,Mumbai,811,2,2,15,Furnished
IN07802,Hyderabad,1544,2,2,15,Unfurnished
IN07803,Chennai,750,2,3,15.32,Furnished
IN07804,Delhi,1416,2,2,16.87,Furnished
IN07805,Bangalore,1416,2,2,15,Unfurnished
IN07806,Mumbai,683,4,2,15,Furnished
IN07807,Kolkata,2203,2,1,15,Semi
IN07808,Chennai,1154,2,2,19.83,Semi
IN07809,Hyderabad,1157,3,2,15,Unfurnished
IN07810,Mumbai,1144,2,1,21.46,Unfurnished
IN07811,Bangalore,1202,4,3,15,Furnished
IN07812,Bangalore,1395,2,2,15,Semi
IN07813,Mumbai,622,4,2,15,Furnished
IN07814,Mumbai,1456,2,2,21.69,Semi
IN07815,Chennai,739,1,2,15,Semi
IN07816,Hyderabad,300,3,2,15,Semi
IN07817,Chennai,2250,2,1,15.21,Unfurnished
IN07818,Chennai,530,4,1,15,Semi
IN07819,Chennai,1251,3,2,15,Unfurnished
IN07820,Kolkata,1873,4,3,22.35,Semi
IN07821,Delhi,1062,2,2,15,Semi
IN07822,Chennai,1294,1,2,15,Furnished
IN07823,Chennai,766,2,1,15,Unfurnished
IN07824,Mumbai,1192,2,2,17.07,Furnished
IN07825,Chennai,949,2,3,15,Furnished
IN07826,Delhi,938,2,3,16.9,Unfurnished
IN07827,Delhi,1469,3,2,21.96,Unfurnished
IN07828,Hyderabad,1493,3,2,20.26,Furnished
IN07829,Delhi,628,3,2,15,Unfurnished
IN07830,Hyderabad,1396,1,2,27.51,Furnished
IN07831,Delhi,1175,4,3,15.25,Furnished
IN07832,Mumbai,300,1,3,15,Unfurnished
IN07833,Kolkata,972,3,1,19.51,Furnished
IN07834,Delhi,1006,2,3,15,Furnished
IN07835,Kolkata,1396,2,3,21.05,Furnished
IN07836,Chennai,1742,4,3,28.59,Unfurnished
IN07837,Mumbai,585,1,3,15,Semi
IN07838,Mumbai,1127,4,2,15,Semi
IN07839,Hyderabad,1303,2,2,15,Unfurnished
IN07840,Kolkata,1338,2,3,19.4,Semi
IN07841,Chennai,1111,1,2,15.11,Unfurnished
IN07842,Kolkata,300,1,2,15,Semi
IN07843,Hyderabad,2032,2,1,34.23,Semi
IN07844,Chennai,1269,3,1,22.93,Furnished
IN07845,Kolkata,1505,1,1,15,Furnished
IN07846,Delhi,1082,3,1,23.11,Unfurnished
IN07847,Chennai,1237,3,3,15.88,Semi
IN07848,Chennai,1692,2,2,30.53,Unfurnished
IN07849,Hyderabad,888,2,3,15,Unfurnished
IN07850,Hyderabad,313,3,1,15,Furnished
IN07851,Delhi,1635,2,3,15,Furnished
IN07852,Bangalore,735,2,2,15,Furnished
IN07853,Mumbai,1529,2,3,15,Semi
IN07854,Chennai,1960,4,1,15.57,Unfurnished
IN07855,Chennai,395,2,1,15,Semi
IN07856,Delhi,349,2,3,15,Unfurnished
IN07857,Chennai,358,4,1,15,Unfurnished
IN07858,Kolkata,1765,2,3,21.38,Furnished
IN07859,Hyderabad,1274,1,2,15,Unfurnished
IN07860,Chennai,2046,2,3,15,Unfurnished
IN07861,Kolkata,718,2,1,15,Unfurnished
IN07862,Delhi,1549,3,1,17.9,Semi
IN07863,Mumbai,931,2,2,15,Furnished
IN07864,Hyderabad,1409,2,2,16.1,Unfurnished
IN07865,Mumbai,836,2,1,15,Semi
IN07866,Kolkata,1973,3,3,22.67,Unfurnished
IN07867,Hyderabad,1431,3,3,15,Semi
IN07868,Kolkata,1451,1,3,24.24,Unfurnished
IN07869,Kolkata,1611,3,2,29.07,Semi
IN07870,Mumbai,300,3,1,15,Unfurnished
IN07871,Hyderabad,455,2,1,15,Furnished
IN07872,Chennai,957,3,2,15,Furnished
IN07873,Kolkata,1164,4,2,21.02,Semi
IN07874,Kolkata,994,3,3,15,Furnished
IN07875,Hyderabad,1133,4,3,15,Furnished
IN07876,Chennai,1261,3,2,15,Unfurnished
IN07877,Hyderabad,899,2,2,19.62,Semi
IN07878,Kolkata,300,3,3,15,Furnished
IN07879,Bangalore,838,3,2,15,Furnished
IN07880,Mumbai,1038,3,2,15,Unfurnished
IN07881,Mumbai,851,4,3,15,Furnished
IN07882,Mumbai,530,3,2,15,Semi
IN07883,Delhi,1000,3,1,15,Unfurnished
IN07884,Mumbai,1243,3,2,17.15,Semi
IN07885,Delhi,766,1,3,15,Furnished
IN07886,Delhi,1212,2,1,15,Semi
IN07887,Chennai,1452,2,2,25.64,Unfurnished
IN07888,Kolkata,1026,2,3,15,Furnished
IN07889,Hyderabad,1312,4,3,15,Semi
IN07890,Chennai,1138,3,2,15,Furnished
IN07891,Bangalore,901,2,2,15,Unfurnished
IN07892,Bangalore,739,3,2,15,Furnished
IN07893,Hyderabad,697,3,2,15,Semi
IN07894,Mumbai,774,2,2,15,Furnished
IN07895,Mumbai,1777,2,1,41.23,Semi
IN07896,Chennai,768,3,2,15,Semi
IN07897,Hyderabad,751,3,1,15,Semi
IN07898,Kolkata,862,2,2,15,Semi
IN07899,Hyderabad,931,2,3,19.11,Semi
IN07900,Hyderabad,300,3,2,15,Unfurnished
IN07901,Bangalore,804,3,2,15,Unfurnished
IN07902,Delhi,618,3,2,15,Unfurnished
IN07903,Bangalore,300,1,2,15,Unfurnished
IN07904,Hyderabad,1176,3,3,16.69,Unfurnished
IN07905,Chennai,1747,2,2,23.43,Semi
IN07906,Hyderabad,805,2,1,15,Unfurnished
IN07907,Bangalore,300,2,1,15,Furnished
IN07908,Kolkata,1166,3,1,18.54,Unfurnished
IN07909,Delhi,856,3,2,15,Semi
IN07910,Kolkata,300,2,2,15,Unfurnished
IN07911,Kolkata,1886,2,2,25.33,Semi
IN07912,Chennai,660,2,1,15,Furnished
IN07913,Hyderabad,953,2,1,15,Semi
IN07914,Hyderabad,2133,3,1,28.54,Semi
IN07915,Chennai,820,1,2,15,Semi
IN07916,Bangalore,438,2,2,15,Furnished
IN07917,Mumbai,1186,3,3,16.6,Semi
IN07918,Mumbai,881,2,3,15,Unfurnished
IN07919,Delhi,562,4,3,15,Unfurnished
IN07920,Chennai,770,3,3,15,Unfurnished
IN07921,Hyderabad,1352,3,2,23.78,Unfurnished
IN07922,Kolkata,1095,2,2,23.65,Furnished
IN07923,Mumbai,1961,2,1,20.77,Semi
IN07924,Hyderabad,964,3,1,15,Unfurnished
IN07925,Chennai,1877,3,2,22.5,Unfurnished
IN07926,Mumbai,687,3,2,15,Furnished
IN07927,Bangalore,300,1,2,15,Furnished
IN07928,Mumbai,1135,1,2,15,Unfurnished
IN07929,Hyderabad,847,1,2,15,Semi
IN07930,Hyderabad,880,2,1,15,Unfurnished
IN07931,Chennai,752,2,1,15,Unfurnished
IN07932,Mumbai,582,2,2,15,Semi
IN07933,Kolkata,1396,1,2,22.15,Furnished
IN07934,Delhi,503,4,3,15,Furnished
IN07935,Hyderabad,989,4,1,15,Unfurnished
IN07936,Hyderabad,652,2,1,15,Semi
IN07937,Mumbai,823,3,3,15,Semi
IN07938,Hyderabad,974,2,2,15,Semi
IN07939,Chennai,1247,3,3,15,Unfurnished
IN07940,Hyderabad,809,1,2,15,Furnished
IN07941,Delhi,1397,1,2,20.72,Furnished
IN07942,Chennai,1371,2,1,17.8,Furnished
IN07943,Mumbai,877,2,1,15,Semi
IN07944,Delhi,1532,2,1,15,Unfurnished
IN07945,Delhi,814,2,2,15,Semi
IN07946,Bangalore,1259,4,2,19.32,Furnished
IN07947,Bangalore,948,2,2,15,Unfurnished
IN07948,Bangalore,652,2,2,15,Unfurnished
IN07949,Kolkata,1132,2,2,17.58,Unfurnished
IN07950,Bangalore,760,1,2,15,Unfurnished
IN07951,Hyderabad,784,3,3,15,Semi
IN07952,Kolkata,1858,3,3,15,Furnished
IN07953,Mumbai,578,2,2,15,Furnished
IN07954,Bangalore,1054,3,2,15,Furnished
IN07955,Kolkata,507,3,1,15,Unfurnished
IN07956,Mumbai,1393,2,3,22.98,Unfurnished
IN07957,Kolkata,607,2,1,15,Unfurnished
IN07958,Chennai,1228,2,2,17.66,Semi
IN07959,Kolkata,300,1,1,15,Unfurnished
IN07960,Bangalore,1443,4,1,15,Unfurnished
IN07961,Kolkata,1444,2,1,24.94,Semi
IN07962,Mumbai,859,1,3,15,Semi
IN07963,Chennai,300,2,2,15,Unfurnished
IN07964,Hyderabad,1254,3,3,15.35,Semi
IN07965,Mumbai,1815,4,2,31.13,Semi
IN07966,Delhi,1131,2,2,15,Furnished
IN07967,Hyderabad,908,2,1,15,Semi
IN07968,Mumbai,2498,2,2,15,Unfurnished
IN07969,Mumbai,1372,4,2,15,Semi
IN07970,Mumbai,1571,3,3,19.78,Furnished
IN07971,Bangalore,560,1,2,15,Unfurnished
IN07972,Bangalore,675,3,2,15,Unfurnished
IN07973,Kolkata,1337,2,3,16.81,Unfurnished
IN07974,Delhi,932,1,3,15,Furnished
IN07975,Kolkata,2034,2,1,25.47,Unfurnished
IN07976,Hyderabad,1131,1,1,15,Unfurnished
IN07977,Delhi,1058,4,1,15,Unfurnished
IN07978,Chennai,473,2,2,15,Semi
IN07979,Chennai,1096,3,1,15,Furnished
IN07980,Delhi,1616,3,2,23.4,Semi
IN07981,Bangalore,300,4,3,15,Unfurnished
IN07982,Mumbai,300,2,3,15,Furnished
IN07983,Kolkata,1033,4,2,15,Semi
IN07984,Delhi,1731,1,3,17.45,Furnished
IN07985,Chennai,1864,4,2,15,Furnished
IN07986,Hyderabad,718,3,1,15,Semi
IN07987,Bangalore,1718,4,3,15,Furnished
IN07988,Kolkata,1194,3,3,15.23,Semi
IN07989,Bangalore,487,2,2,15,Semi
IN07990,Mumbai,1374,3,2,21.4,Unfurnished
IN07991,Hyderabad,893,2,3,15,Furnished
IN07992,Kolkata,899,1,2,15,Semi
IN07993,Mumbai,310,4,2,15,Unfurnished
IN07994,Chennai,1789,4,3,28.07,Unfurnished
IN07995,Delhi,755,2,3,15,Semi
IN07996,Delhi,758,2,1,15,Semi
IN07997,Hyderabad,1837,1,3,18.43,Semi
IN07998,Chennai,372,3,3,15,Furnished
IN07999,Mumbai,1418,1,2,22.89,Semi
IN08000,Hyderabad,544,3,3,15,Unfurnished
IN08001,Kolkata,300,3,3,15,Unfurnished
IN08002,Chennai,1216,2,2,19.79,Furnished
IN08003,Delhi,1613,3,3,24.96,Unfurnished
IN08004,Chennai,1060,3,2,15,Unfurnished
IN08005,Bangalore,1699,1,3,21.6,Semi
IN08006,Delhi,310,4,2,15,Unfurnished
IN08007,Chennai,998,2,3,15,Semi
IN08008,Delhi,2408,3,2,23.77,Unfurnished
IN08009,Bangalore,567,1,2,15,Semi
IN08010,Hyderabad,729,1,2,15,Unfurnished
IN08011,Delhi,432,3,1,15,Furnished
IN08012,Hyderabad,798,3,2,15,Unfurnished
IN08013,Kolkata,1081,1,3,15.51,Semi
IN08014,Delhi,1594,2,2,23.62,Semi
IN08015,Hyderabad,1243,2,1,15,Unfurnished
IN08016,Hyderabad,1771,3,2,15,Unfurnished
IN08017,Mumbai,786,3,3,15,Semi
IN08018,Hyderabad,829,2,2,15,Furnished
IN08019,Kolkata,559,4,1,15,Semi
IN08020,Mumbai,800,1,3,15,Furnished
IN08021,Chennai,1263,3,1,22.8,Furnished
IN08022,Bangalore,570,4,2,15,Semi
IN08023,Delhi,746,3,2,15,Unfurnished
IN08024,Chennai,660,3,2,15,Semi
IN08025,Mumbai,1441,3,3,18.82,Semi
IN08026,Kolkata,1757,3,1,21.31,Furnished
IN08027,Delhi,1620,1,3,25.61,Furnished
IN08028,Kolkata,1418,3,2,15,Semi
IN08029,Bangalore,1463,2,2,15,Semi
IN08030,Mumbai,1497,1,2,15,Semi
IN08031,Chennai,452,3,2,15,Furnished
IN08032,Delhi,941,4,2,15,Semi
IN08033,Hyderabad,1498,4,2,21.71,Semi
IN08034,Delhi,375,3,2,15,Unfurnished
IN08035,Mumbai,978,1,2,15,Furnished
IN08036,Chennai,1382,2,3,20.34,Semi
IN08037,Bangalore,1352,1,3,15,Unfurnished
IN08038,Hyderabad,1207,2,3,21.01,Furnished
IN08039,Hyderabad,352,2,2,15,Furnished
IN08040,Chennai,939,2,3,15,Furnished
IN08041,Bangalore,300,4,1,15,Unfurnished
IN08042,Mumbai,433,3,3,15,Semi
IN08043,Hyderabad,1639,2,2,32.73,Semi
IN08044,Chennai,1084,1,2,15,Unfurnished
IN08045,Delhi,1288,3,1,19.29,Furnished
IN08046,Bangalore,1122,3,2,15.3,Semi
IN08047,Chennai,1039,2,2,15,Unfurnished
IN08048,Chennai,760,4,2,15,Furnished
IN08049,Delhi,662,3,2,15,Furnished
IN08050,Bangalore,783,2,2,15,Unfurnished
IN08051,Chennai,972,3,2,15,Semi
IN08052,Delhi,1713,3,2,18.59,Unfurnished
IN08053,Delhi,868,3,1,15.23,Unfurnished
IN08054,Bangalore,1602,3,2,22.72,Semi
IN08055,Chennai,1022,3,1,15,Unfurnished
IN08056,Bangalore,1511,1,2,16.5,Unfurnished
IN08057,Delhi,1015,3,1,15,Semi
IN08058,Hyderabad,756,4,3,15,Unfurnished
IN08059,Delhi,1191,3,1,15,Unfurnished
IN08060,Chennai,1167,3,2,15,Semi
IN08061,Delhi,1208,1,2,15,Furnished
IN08062,Bangalore,1057,2,3,15,Furnished
IN08063,Delhi,661,3,1,15,Unfurnished
IN08064,Kolkata,648,3,1,15,Semi
IN08065,Mumbai,1282,1,1,16.31,Unfurnished
IN08066,Chennai,1069,3,2,16.92,Furnished
IN08067,Delhi,1550,2,1,22.93,Unfurnished
IN08068,Delhi,1309,2,3,15,Semi
IN08069,Bangalore,302,1,2,15,Furnished
IN08070,Delhi,718,4,2,15,Unfurnished
IN08071,Delhi,882,3,3,15,Semi
IN08072,Hyderabad,1535,2,1,15,Unfurnished
IN08073,Kolkata,1480,2,1,15,Semi
IN08074,Chennai,1258,3,1,17.39,Semi
IN08075,Mumbai,1745,4,3,28.29,Semi
IN08076,Hyderabad,2125,4,2,30.28,Unfurnished
IN08077,Delhi,1068,3,1,15,Furnished
IN08078,Hyderabad,300,3,2,15,Semi
IN08079,Kolkata,1058,3,2,15,Unfurnished
IN08080,Mumbai,1660,3,2,15,Unfurnished
IN08081,Kolkata,1784,4,2,26.35,Semi
IN08082,Kolkata,2283,2,3,18.32,Unfurnished
IN08083,Bangalore,467,1,2,15,Furnished
IN08084,Mumbai,1144,2,1,15.15,Furnished
IN08085,Hyderabad,1657,2,2,25.69,Semi
IN08086,Chennai,781,2,3,15,Unfurnished
IN08087,Mumbai,1004,3,3,19.89,Furnished
IN08088,Hyderabad,1722,4,2,15,Furnished
IN08089,Kolkata,1273,4,3,15.07,Unfurnished
IN08090,Hyderabad,1119,2,2,15,Semi
IN08091,Bangalore,2322,3,2,20.32,Furnished
IN08092,Mumbai,1222,2,2,15,Unfurnished
IN08093,Mumbai,2025,2,2,26.57,Semi
IN08094,Kolkata,1364,3,2,15,Unfurnished
IN08095,Hyderabad,913,3,3,15.54,Furnished
IN08096,Bangalore,1577,3,1,20.56,Unfurnished
IN08097,Kolkata,1222,3,2,15.82,Semi
IN08098,Hyderabad,522,1,2,15,Unfurnished
IN08099,Bangalore,2071,1,1,30.32,Semi
IN08100,Bangalore,1356,4,2,15,Unfurnished
IN08101,Delhi,938,3,1,15,Unfurnished
IN08102,Chennai,1786,3,2,15,Unfurnished
IN08103,Hyderabad,714,3,3,15,Semi
IN08104,Bangalore,438,1,1,15,Semi
IN08105,Kolkata,867,3,2,15,Furnished
IN08106,Kolkata,1645,3,1,30.65,Unfurnished
IN08107,Bangalore,1276,3,1,21.22,Semi
IN08108,Hyderabad,922,2,2,15,Semi
IN08109,Kolkata,1141,4,3,20.72,Furnished
IN08110,Delhi,781,3,3,15,Unfurnished
IN08111,Delhi,1522,4,3,19.06,Furnished
IN08112,Chennai,412,3,3,15,Semi
IN08113,Chennai,394,1,1,15,Semi
IN08114,Mumbai,893,3,1,15,Unfurnished
IN08115,Mumbai,875,3,3,15,Unfurnished
IN08116,Kolkata,1403,1,1,28.86,Semi
IN08117,Mumbai,1450,4,3,16.04,Furnished
IN08118,Hyderabad,1470,4,3,16.65,Unfurnished
IN08119,Hyderabad,1744,2,2,20.52,Unfurnished
IN08120,Delhi,337,4,2,15,Semi
IN08121,Kolkata,1340,2,2,15.49,Furnished
IN08122,Kolkata,474,2,2,15,Semi
IN08123,Chennai,715,3,1,15,Unfurnished
IN08124,Delhi,1235,1,2,15,Unfurnished
IN08125,Hyderabad,1628,2,3,19.98,Unfurnished
IN08126,Delhi,1734,2,2,26.14,Semi
IN08127,Kolkata,1594,2,2,16.22,Semi
IN08128,Bangalore,1415,3,2,16.08,Furnished
IN08129,Delhi,551,4,2,15,Unfurnished
IN08130,Mumbai,324,4,1,15,Unfurnished
IN08131,Hyderabad,1284,4,2,22.9,Furnished
IN08132,Mumbai,1262,2,2,15,Unfurnished
IN08133,Bangalore,736,2,1,15,Furnished
IN08134,Bangalore,1247,4,2,15,Furnished
IN08135,Bangalore,1555,4,2,19.54,Furnished
IN08136,Mumbai,502,2,3,15,Semi
IN08137,Chennai,956,2,1,15,Unfurnished
IN08138,Chennai,999,2,2,15,Semi
IN08139,Mumbai,783,1,2,15,Semi
IN08140,Mumbai,1306,1,2,15,Semi
IN08141,Kolkata,429,2,1,15,Unfurnished
IN08142,Bangalore,1833,3,2,15,Semi
IN08143,Delhi,1248,2,2,15,Unfurnished
IN08144,Bangalore,1293,3,1,24.88,Furnished
IN08145,Hyderabad,1323,4,2,28.11,Furnished
IN08146,Kolkata,912,3,2,15,Unfurnished
IN08147,Chennai,1257,4,1,15.17,Unfurnished
IN08148,Kolkata,1667,3,2,15,Unfurnished
IN08149,Mumbai,1888,1,2,20.59,Unfurnished
IN08150,Kolkata,787,3,1,15,Semi
IN08151,Kolkata,583,3,2,15,Furnished
IN08152,Hyderabad,1921,3,3,23.53,Furnished
IN08153,Hyderabad,1208,3,3,15,Semi
IN08154,Bangalore,1136,1,2,15,Furnished
IN08155,Delhi,1588,4,2,24.37,Furnished
IN08156,Kolkata,1625,3,2,26.74,Furnished
IN08157,Mumbai,1427,4,3,15,Unfurnished
IN08158,Chennai,1340,3,2,21.0,Unfurnished
IN08159,Bangalore,1440,3,3,15,Semi
IN08160,Hyderabad,1878,4,1,23.7,Unfurnished
IN08161,Mumbai,300,3,2,15,Furnished
IN08162,Chennai,2007,1,3,21.05,Furnished
IN08163,Mumbai,1011,3,2,15,Unfurnished
IN08164,Mumbai,1206,2,3,15.68,Furnished
IN08165,Kolkata,1619,2,2,28.67,Furnished
IN08166,Mumbai,625,4,3,15,Unfurnished
IN08167,Bangalore,2242,1,2,25.42,Furnished
IN08168,Delhi,974,3,3,15,Semi
IN08169,Chennai,1024,3,2,15,Furnished
IN08170,Hyderabad,740,2,1,15,Semi
IN08171,Delhi,1166,4,3,16.28,Semi
IN08172,Delhi,1356,3,3,15,Furnished
IN08173,Chennai,1065,3,2,15,Unfurnished
IN08174,Hyderabad,300,2,2,15,Furnished
IN08175,Hyderabad,892,3,2,15,Semi
IN08176,Chennai,802,2,2,15,Semi
IN08177,Mumbai,300,2,1,15,Semi
IN08178,Bangalore,647,1,1,15,Furnished
IN08179,Kolkata,1355,4,3,19.71,Unfurnished
IN08180,Kolkata,1593,4,3,25.77,Furnished
IN08181,Mumbai,1563,2,1,20.26,Unfurnished
IN08182,Chennai,1116,3,2,16.83,Semi
IN08183,Hyderabad,1305,1,1,15,Semi
IN08184,Chennai,1601,2,2,17.37,Unfurnished
IN08185,Kolkata,892,3,2,15,Furnished
IN08186,Delhi,950,3,1,15,Unfurnished
IN08187,Bangalore,1172,3,2,15,Furnished
IN08188,Kolkata,1948,3,1,15,Unfurnished
IN08189,Kolkata,1294,4,2,21.25,Unfurnished
IN08190,Delhi,1264,4,2,15,Semi
IN08191,Kolkata,719,1,2,15,Semi
IN08192,Chennai,963,2,3,15.39,Furnished
IN08193,Chennai,775,1,2,15,Semi
IN08194,Kolkata,906,2,2,15,Semi
IN08195,Delhi,777,3,2,15,Furnished
IN08196,Mumbai,1153,3,1,15,Semi
IN08197,Kolkata,1158,2,3,15,Furnished
IN08198,Delhi,1103,2,3,15.72,Unfurnished
IN08199,Mumbai,1307,3,2,15,Furnished
IN08200,Chennai,1109,3,3,15,Semi
IN08201,Mumbai,662,3,2,15,Semi
IN08202,Delhi,521,3,3,15,Furnished
IN08203,Bangalore,300,3,2,15,Semi
IN08204,Mumbai,1972,3,2,43.55,Unfurnished
IN08205,Chennai,1155,2,3,15.04,Semi
IN08206,Hyderabad,899,2,3,15,Unfurnished
IN08207,Delhi,816,2,3,15,Semi
IN08208,Bangalore,983,4,2,15,Unfurnished
IN08209,Hyderabad,1258,2,3,17.16,Semi
IN08210,Bangalore,1566,2,2,20.66,Furnished
IN08211,Kolkata,704,2,1,15,Furnished
IN08212,Hyderabad,1257,3,3,18.95,Furnished
IN08213,Bangalore,1643,2,3,15,Unfurnished
IN08214,Mumbai,901,2,2,15,Semi
IN08215,Bangalore,755,3,2,15,Furnished
IN08216,Chennai,1538,3,2,25.33,Furnished
IN08217,Hyderabad,833,4,3,15,Furnished
IN08218,Kolkata,1263,1,2,15,Furnished
IN08219,Delhi,877,3,2,15,Furnished
IN08220,Mumbai,1226,3,3,19.07,Furnished
IN08221,Chennai,1541,4,3,30.27,Semi
IN08222,Kolkata,1072,3,3,15,Semi
IN08223,Hyderabad,1302,2,1,15,Semi
IN08224,Kolkata,300,1,3,15,Semi
IN08225,Chennai,1118,2,1,16.92,Furnished
IN08226,Delhi,1871,3,3,17.99,Furnished
IN08227,Chennai,991,4,2,15,Semi
IN08228,Kolkata,720,3,1,15,Furnished
IN08229,Kolkata,300,3,2,15,Furnished
IN08230,Bangalore,705,2,2,15,Unfurnished
IN08231,Chennai,967,2,3,17.77,Furnished
IN08232,Kolkata,1056,3,2,17.88,Furnished
IN08233,Bangalore,500,3,2,15,Furnished
IN08234,Kolkata,874,2,1,15.23,Semi
IN08235,Kolkata,1110,2,1,15,Unfurnished
IN08236,Mumbai,1263,3,3,15,Unfurnished
IN08237,Delhi,1765,3,2,24.07,Semi
IN08238,Mumbai,1292,3,3,19.04,Semi
IN08239,Bangalore,1325,2,2,15,Furnished
IN08240,Delhi,847,3,1,15,Furnished
IN08241,Delhi,1007,3,2,15,Unfurnished
IN08242,Bangalore,777,3,3,15,Semi
IN08243,Bangalore,1517,2,1,17.3,Unfurnished
IN08244,Delhi,1529,2,3,15.93,Unfurnished
IN08245,Kolkata,724,3,2,15,Unfurnished
IN08246,Hyderabad,1567,1,2,16.11,Unfurnished
IN08247,Bangalore,1852,2,2,15,Semi
IN08248,Kolkata,1104,4,2,23.25,Unfurnished
IN08249,Bangalore,1215,3,2,15,Unfurnished
IN08250,Delhi,398,2,2,15,Unfurnished
IN08251,Kolkata,1314,1,2,20.45,Unfurnished
IN08252,Hyderabad,906,4,1,15,Semi
IN08253,Mumbai,1837,3,2,23.75,Unfurnished
IN08254,Chennai,300,3,2,15,Unfurnished
IN08255,Mumbai,625,2,1,15,Semi
IN08256,Kolkata,1446,2,2,15,Semi
IN08257,Delhi,592,3,3,15,Furnished
IN08258,Kolkata,869,2,3,15,Semi
IN08259,Bangalore,1273,3,2,16.18,Semi
IN08260,Bangalore,606,3,1,15,Semi
IN08261,Chennai,577,1,3,15,Semi
IN08262,Chennai,930,4,1,15,Unfurnished
IN08263,Mumbai,2072,4,1,16.12,Semi
IN08264,Bangalore,603,1,2,15,Semi
IN08265,Kolkata,300,4,3,15,Unfurnished
IN08266,Mumbai,936,2,2,15,Unfurnished
IN08267,Delhi,1038,1,2,22.94,Unfurnished
IN08268,Chennai,876,3,3,15,Semi
IN08269,Delhi,1408,2,3,24.27,Furnished
IN08270,Bangalore,1907,3,2,15.47,Furnished
IN08271,Delhi,1666,1,2,20.26,Furnished
IN08272,Chennai,1236,4,2,15,Furnished
IN08273,Mumbai,788,2,1,15,Semi
IN08274,Hyderabad,1960,3,3,15,Furnished
IN08275,Delhi,1269,4,3,15,Furnished
IN08276,Bangalore,1016,2,2,15,Semi
IN08277,Hyderabad,1897,3,2,32.39,Unfurnished
IN08278,Delhi,998,1,2,15,Unfurnished
IN08279,Chennai,739,2,1,15,Furnished
IN08280,Hyderabad,724,4,2,15,Furnished
IN08281,Chennai,1260,4,2,15,Semi
IN08282,Mumbai,942,2,3,15,Semi
IN08283,Hyderabad,897,2,3,15,Unfurnished
IN08284,Delhi,1471,1,2,22.57,Unfurnished
IN08285,Mumbai,1617,4,3,25.18,Semi
IN08286,Mumbai,1271,2,2,21.04,Unfurnished
IN08287,Bangalore,1959,2,2,25.96,Semi
IN08288,Mumbai,2096,3,1,24.98,Unfurnished
IN08289,Chennai,1199,4,2,18.45,Furnished
IN08290,Hyderabad,1506,3,3,20.53,Unfurnished
IN08291,Bangalore,675,3,2,15,Furnished
IN08292,Mumbai,1567,3,1,23.68,Furnished
IN08293,Kolkata,1070,3,2,15,Semi
IN08294,Bangalore,1266,4,3,20.38,Furnished
IN08295,Kolkata,726,1,1,15,Furnished
IN08296,Hyderabad,988,2,2,15,Furnished
IN08297,Mumbai,1522,3,3,20.79,Furnished
IN08298,Delhi,1892,4,2,22.1,Semi
IN08299,Bangalore,538,1,3,15,Furnished
IN08300,Bangalore,1179,4,2,15,Unfurnished
IN08301,Bangalore,1351,3,2,15,Unfurnished
IN08302,Chennai,1391,4,2,16.83,Semi
IN08303,Hyderabad,1019,4,2,16.28,Semi
IN08304,Bangalore,1262,4,1,15,Furnished
IN08305,Hyderabad,1835,2,3,18.28,Unfurnished
IN08306,Delhi,1022,3,1,15,Semi
IN08307,Bangalore,1395,2,3,31.08,Unfurnished
IN08308,Chennai,1923,1,3,18.89,Furnished
IN08309,Delhi,1653,1,2,21.12,Semi
IN08310,Chennai,1091,2,1,21.24,Furnished
IN08311,Chennai,910,4,2,15.87,Furnished
IN08312,Hyderabad,1288,1,2,20.77,Unfurnished
IN08313,Delhi,616,2,2,15,Unfurnished
IN08314,Kolkata,1274,3,3,15,Furnished
IN08315,Delhi,755,2,2,15,Unfurnished
IN08316,Delhi,671,2,2,15,Furnished
IN08317,Hyderabad,2032,2,2,22.34,Unfurnished
IN08318,Delhi,808,1,3,15,Furnished
IN08319,Bangalore,677,1,1,15,Unfurnished
IN08320,Mumbai,1048,3,1,15,Semi
IN08321,Bangalore,1081,3,2,15,Semi
IN08322,Mumbai,1117,3,2,15,Semi
IN08323,Mumbai,1193,4,3,15,Furnished
IN08324,Kolkata,1120,2,2,15,Furnished
IN08325,Mumbai,1849,2,2,22.67,Unfurnished
IN08326,Delhi,1551,4,3,18.36,Unfurnished
IN08327,Kolkata,1203,3,2,15.45,Furnished
IN08328,Kolkata,815,3,2,15,Unfurnished
IN08329,Delhi,976,3,2,15,Semi
IN08330,Hyderabad,983,3,1,16.64,Furnished
IN08331,Bangalore,1559,4,1,15,Furnished
IN08332,Chennai,1062,2,1,15,Semi
IN08333,Kolkata,1443,4,2,15,Unfurnished
IN08334,Mumbai,953,2,2,15,Semi
IN08335,Hyderabad,1134,2,1,16.45,Unfurnished
IN08336,Mumbai,1498,3,3,17.88,Furnished
IN08337,Kolkata,909,3,2,15,Semi
IN08338,Mumbai,831,3,1,15,Unfurnished
IN08339,Bangalore,2431,3,1,27.22,Unfurnished
IN08340,Bangalore,594,2,3,15,Semi
IN08341,Bangalore,1910,1,1,18.55,Semi
IN08342,Hyderabad,1509,4,3,15,Unfurnished
IN08343,Delhi,1341,1,1,20.61,Semi
IN08344,Hyderabad,1471,3,1,19.18,Semi
IN08345,Mumbai,927,4,1,15,Semi
IN08346,Delhi,324,3,1,15,Unfurnished
IN08347,Bangalore,1265,2,2,15,Semi
IN08348,Bangalore,1047,3,2,15,Semi
IN08349,Chennai,1952,4,2,33.34,Semi
IN08350,Mumbai,936,2,2,15,Semi
IN08351,Kolkata,1359,2,2,20.73,Semi
IN08352,Mumbai,1823,2,2,34.77,Unfurnished
IN08353,Delhi,1447,2,2,15,Semi
IN08354,Bangalore,1087,4,1,18.73,Furnished
IN08355,Bangalore,1265,4,2,15,Unfurnished
IN08356,Kolkata,1060,4,2,16.89,Unfurnished
IN08357,Chennai,613,4,1,15,Unfurnished
IN08358,Chennai,975,4,3,17.51,Furnished
IN08359,Hyderabad,701,3,1,15,Unfurnished
IN08360,Hyderabad,1364,1,2,15,Unfurnished
IN08361,Chennai,1328,2,3,15,Semi
IN08362,Bangalore,572,1,1,15,Unfurnished
IN08363,Bangalore,1118,4,3,18.17,Semi
IN08364,Mumbai,1246,1,1,15,Furnished
IN08365,Mumbai,2052,1,1,18.85,Unfurnished
IN08366,Chennai,1801,1,2,15,Semi
IN08367,Mumbai,431,2,1,15,Furnished
IN08368,Delhi,1758,2,2,22.83,Unfurnished
IN08369,Chennai,1702,2,2,21.32,Unfurnished
IN08370,Delhi,1225,3,3,15,Semi
IN08371,Delhi,782,2,2,15,Furnished
IN08372,Bangalore,1873,2,2,33.04,Unfurnished
IN08373,Kolkata,458,2,2,15,Unfurnished
IN08374,Delhi,1908,2,2,17.54,Furnished
IN08375,Mumbai,1029,2,1,18.44,Unfurnished
IN08376,Kolkata,974,3,2,15,Unfurnished
IN08377,Kolkata,1024,3,2,17.11,Semi
IN08378,Chennai,871,2,2,15,Unfurnished
IN08379,Bangalore,539,4,2,15,Unfurnished
IN08380,Delhi,688,4,2,15,Unfurnished
IN08381,Bangalore,1271,4,2,24.64,Furnished
IN08382,Chennai,696,3,1,15,Unfurnished
IN08383,Bangalore,1152,1,2,15,Semi
IN08384,Bangalore,1369,3,2,17.34,Semi
IN08385,Chennai,427,4,2,15,Unfurnished
IN08386,Mumbai,1468,1,2,17.0,Unfurnished
IN08387,Kolkata,691,3,1,15,Unfurnished
IN08388,Mumbai,974,3,2,15,Semi
IN08389,Mumbai,1057,3,2,18.43,Unfurnished
IN08390,Hyderabad,1000,3,3,15,Semi
IN08391,Bangalore,934,3,3,16.24,Furnished
IN08392,Mumbai,1433,3,2,15,Semi
IN08393,Chennai,1143,2,2,20.42,Unfurnished
IN08394,Hyderabad,693,2,3,15,Semi
IN08395,Delhi,1245,4,2,15,Unfurnished
IN08396,Kolkata,1373,2,3,30.74,Semi
IN08397,Bangalore,1104,4,2,15,Semi
IN08398,Bangalore,300,4,3,15,Semi
IN08399,Kolkata,985,1,3,15,Semi
IN08400,Mumbai,1085,3,2,15,Semi
IN08401,Hyderabad,1764,3,2,15,Furnished
IN08402,Kolkata,873,1,2,15,Furnished
IN08403,Bangalore,925,3,1,16.9,Furnished
IN08404,Mumbai,1101,4,3,15,Unfurnished
IN08405,Kolkata,547,2,3,15,Unfurnished
IN08406,Delhi,664,4,1,15,Semi
IN08407,Bangalore,807,3,1,15,Furnished
IN08408,Chennai,385,3,2,15,Unfurnished
IN08409,Mumbai,1226,1,2,15,Furnished
IN08410,Kolkata,1110,2,2,15,Semi
IN08411,Hyderabad,1104,2,1,15,Furnished
IN08412,Delhi,1390,3,2,22.01,Unfurnished
IN08413,Kolkata,1321,2,1,15,Semi
IN08414,Kolkata,855,3,1,15,Semi
IN08415,Hyderabad,1167,3,1,15,Furnished
IN08416,Chennai,1618,3,1,18.31,Semi
IN08417,Delhi,1259,2,3,15,Furnished
IN08418,Kolkata,1302,3,2,15,Furnished
IN08419,Hyderabad,843,4,2,15,Furnished
IN08420,Kolkata,610,4,2,15,Furnished
IN08421,Hyderabad,1252,2,3,19.59,Unfurnished
IN08422,Chennai,1698,2,1,18.09,Furnished
IN08423,Hyderabad,1816,2,3,15,Unfurnished
IN08424,Kolkata,743,4,2,15,Semi
IN08425,Bangalore,1307,2,3,15,Furnished
IN08426,Kolkata,1082,3,2,15.66,Unfurnished
IN08427,Hyderabad,1162,4,1,20.51,Furnished
IN08428,Kolkata,1214,2,1,21.71,Unfurnished
IN08429,Hyderabad,1102,1,2,15,Semi
IN08430,Delhi,1301,2,3,15,Unfurnished
IN08431,Delhi,1580,2,1,15,Semi
IN08432,Hyderabad,300,3,2,15,Furnished
IN08433,Kolkata,1379,2,1,15,Furnished
IN08434,Hyderabad,1262,3,1,23.41,Unfurnished
IN08435,Mumbai,859,1,3,15,Semi
IN08436,Bangalore,796,3,1,15,Semi
IN08437,Chennai,397,3,1,15,Unfurnished
IN08438,Hyderabad,365,3,1,15,Furnished
IN08439,Chennai,1672,3,2,15,Furnished
IN08440,Kolkata,1497,1,2,16.04,Furnished
IN08441,Hyderabad,1752,3,2,29.25,Furnished
IN08442,Chennai,1472,3,2,15,Semi
IN08443,Hyderabad,1116,3,3,15,Unfurnished
IN08444,Bangalore,1524,3,2,23.66,Furnished
IN08445,Kolkata,1059,1,2,15,Furnished
IN08446,Kolkata,526,2,3,15,Furnished
IN08447,Kolkata,1651,1,2,26.17,Unfurnished
IN08448,Kolkata,706,2,2,15,Semi
IN08449,Delhi,572,3,1,15,Semi
IN08450,Kolkata,1367,3,3,16.09,Semi
IN08451,Chennai,938,3,2,15,Furnished
IN08452,Mumbai,1627,2,3,17.69,Unfurnished
IN08453,Kolkata,713,3,2,15,Unfurnished
IN08454,Bangalore,1927,4,1,21.51,Furnished
IN08455,Hyderabad,1749,3,2,17.86,Unfurnished
IN08456,Chennai,1114,2,2,15.05,Unfurnished
IN08457,Hyderabad,1500,4,3,15,Semi
IN08458,Kolkata,1117,3,2,18.14,Furnished
IN08459,Delhi,1804,4,2,38.85,Furnished
IN08460,Chennai,1494,4,1,23.07,Unfurnished
IN08461,Hyderabad,425,3,2,15,Furnished
IN08462,Kolkata,300,2,1,15,Semi
IN08463,Mumbai,361,3,2,15,Furnished
IN08464,Mumbai,2066,2,2,18.87,Furnished
IN08465,Bangalore,1505,4,1,15,Furnished
IN08466,Mumbai,496,3,3,15,Semi
IN08467,Delhi,766,4,2,15,Semi
IN08468,Chennai,733,3,2,15,Unfurnished
IN08469,Delhi,319,3,2,15,Semi
IN08470,Bangalore,944,2,2,17.2,Semi
IN08471,Kolkata,2078,4,2,29.74,Semi
IN08472,Hyderabad,1760,2,2,29.81,Furnished
IN08473,Hyderabad,1281,2,2,15,Semi
IN08474,Bangalore,1108,3,2,15,Semi
IN08475,Bangalore,1753,1,3,21.59,Unfurnished
IN08476,Delhi,767,2,3,15,Unfurnished
IN08477,Kolkata,1186,3,2,15,Unfurnished
IN08478,Kolkata,772,2,2,15,Furnished
IN08479,Chennai,1333,2,1,23.75,Unfurnished
IN08480,Hyderabad,1075,4,2,15.94,Semi
IN08481,Delhi,1151,3,2,17.67,Semi
IN08482,Kolkata,380,3,2,15,Furnished
IN08483,Hyderabad,1168,1,3,15,Semi
IN08484,Bangalore,1229,2,3,15,Furnished
IN08485,Chennai,1250,4,1,15.17,Furnished
IN08486,Mumbai,1551,4,3,19.48,Unfurnished
IN08487,Chennai,933,3,2,15,Semi
IN08488,Mumbai,300,4,3,15,Unfurnished
IN08489,Chennai,511,2,2,15,Unfurnished
IN08490,Hyderabad,1750,3,3,28.76,Furnished
IN08491,Delhi,914,3,2,15,Furnished
IN08492,Chennai,956,2,1,15,Semi
IN08493,Hyderabad,1020,2,2,15,Furnished
IN08494,Bangalore,300,1,1,15,Furnished
IN08495,Chennai,1301,2,2,15,Unfurnished
IN08496,Hyderabad,1000,3,1,16.05,Semi
IN08497,Kolkata,1385,1,2,23.65,Unfurnished
IN08498,Hyderabad,1192,2,2,19.15,Furnished
IN08499,Kolkata,985,3,1,15,Furnished
IN08500,Hyderabad,1192,3,1,17.71,Furnished
IN08501,Mumbai,1472,4,3,24.26,Unfurnished
IN08502,Kolkata,1008,3,2,15,Unfurnished
IN08503,Bangalore,1357,2,3,21.19,Unfurnished
IN08504,Kolkata,300,3,3,15,Semi
IN08505,Chennai,452,3,1,15,Furnished
IN08506,Mumbai,772,4,3,15,Furnished
IN08507,Hyderabad,1293,4,3,15,Furnished
IN08508,Delhi,1028,3,2,15.3,Semi
IN08509,Kolkata,863,2,2,15,Furnished
IN08510,Mumbai,1264,2,1,16.75,Semi
IN08511,Kolkata,869,4,3,15,Semi
IN08512,Hyderabad,1652,2,2,25.77,Semi
IN08513,Mumbai,1323,3,1,24.71,Semi
IN08514,Delhi,946,3,3,17.08,Semi
IN08515,Bangalore,1776,2,3,29.39,Furnished
IN08516,Mumbai,1300,1,2,17.0,Unfurnished
IN08517,Delhi,1375,4,3,15,Semi
IN08518,Kolkata,583,3,2,15,Unfurnished
IN08519,Bangalore,466,2,2,15,Semi
IN08520,Bangalore,1576,2,1,22.65,Unfurnished
IN08521,Delhi,1449,4,3,16.69,Furnished
IN08522,Delhi,1883,3,3,27.59,Furnished
IN08523,Kolkata,388,1,2,15,Furnished
IN08524,Bangalore,652,2,2,15,Furnished
IN08525,Kolkata,441,3,2,15,Unfurnished
IN08526,Mumbai,1005,3,2,15,Furnished
IN08527,Mumbai,1270,3,3,15.44,Semi
IN08528,Mumbai,1549,3,3,15,Semi
IN08529,Hyderabad,663,1,1,15,Semi
IN08530,Kolkata,910,2,3,15,Furnished
IN08531,Delhi,418,3,3,15,Unfurnished
IN08532,Mumbai,1067,1,1,15.34,Semi
IN08533,Mumbai,1494,3,3,20.85,Furnished
IN08534,Bangalore,513,3,3,15,Semi
IN08535,Chennai,1700,3,1,16.63,Semi
IN08536,Delhi,784,2,3,15,Unfurnished
IN08537,Hyderabad,1110,3,3,15,Furnished
IN08538,Mumbai,1652,2,2,21.59,Semi
IN08539,Kolkata,1274,1,2,15.45,Semi
IN08540,Kolkata,459,3,2,15,Furnished
IN08541,Chennai,979,2,2,15,Unfurnished
IN08542,Delhi,829,3,2,15,Furnished
IN08543,Delhi,1919,1,1,29.09,Unfurnished
IN08544,Mumbai,1220,1,3,15,Unfurnished
IN08545,Bangalore,1650,1,3,17.07,Unfurnished
IN08546,Bangalore,1889,2,2,31.0,Unfurnished
IN08547,Chennai,1788,4,2,15,Semi
IN08548,Chennai,1119,4,2,15.8,Furnished
IN08549,Bangalore,1019,2,3,15,Semi
IN08550,Hyderabad,300,2,3,15,Unfurnished
IN08551,Bangalore,1329,1,2,19.26,Furnished
IN08552,Hyderabad,982,3,2,15,Unfurnished
IN08553,Mumbai,1537,4,2,15,Furnished
IN08554,Delhi,2400,3,2,41.06,Unfurnished
IN08555,Kolkata,460,4,1,15,Semi
IN08556,Mumbai,1643,4,2,24.41,Unfurnished
IN08557,Delhi,1535,4,2,23.09,Semi
IN08558,Bangalore,534,2,1,15,Unfurnished
IN08559,Delhi,2205,2,2,23.16,Furnished
IN08560,Chennai,1249,1,2,15,Furnished
IN08561,Delhi,669,1,3,15,Furnished
IN08562,Kolkata,1271,1,2,15,Semi
IN08563,Chennai,356,1,2,15,Unfurnished
IN08564,Hyderabad,1258,4,1,15,Furnished
IN08565,Hyderabad,1593,2,1,17.58,Semi
IN08566,Mumbai,1462,1,1,18.18,Furnished
IN08567,Kolkata,1034,3,2,15,Semi
IN08568,Chennai,1401,2,3,15,Furnished
IN08569,Delhi,1943,2,3,24.65,Semi
IN08570,Delhi,1445,3,3,19.98,Semi
IN08571,Chennai,857,2,2,15.3,Unfurnished
IN08572,Mumbai,1000,3,2,15,Furnished
IN08573,Delhi,555,3,2,15,Semi
IN08574,Bangalore,1090,2,2,15,Unfurnished
IN08575,Hyderabad,1063,4,2,15,Unfurnished
IN08576,Chennai,1414,2,2,16.58,Semi
IN08577,Bangalore,1543,3,2,15,Semi
IN08578,Delhi,747,2,1,15,Unfurnished
IN08579,Mumbai,823,3,1,15,Unfurnished
IN08580,Delhi,1117,4,2,15,Furnished
IN08581,Mumbai,516,2,2,15,Furnished
IN08582,Delhi,1342,2,1,27.62,Unfurnished
IN08583,Bangalore,1216,3,1,15,Semi
IN08584,Kolkata,1229,4,2,15.82,Semi
IN08585,Chennai,319,4,2,15,Unfurnished
IN08586,Kolkata,312,3,1,15,Semi
IN08587,Kolkata,1694,3,3,15,Furnished
IN08588,Kolkata,780,2,3,15,Semi
IN08589,Mumbai,539,3,1,15,Furnished
IN08590,Kolkata,1857,2,3,15,Unfurnished
IN08591,Chennai,1804,2,2,16.22,Furnished
IN08592,Chennai,1223,3,1,15,Furnished
IN08593,Kolkata,1237,1,1,15,Semi
IN08594,Chennai,300,4,2,15,Unfurnished
IN08595,Kolkata,1216,2,1,20.5,Semi
IN08596,Mumbai,1078,1,2,15,Semi
IN08597,Hyderabad,1211,2,1,15,Unfurnished
IN08598,Mumbai,322,3,2,15,Furnished
IN08599,Chennai,1274,3,2,17.02,Unfurnished
IN08600,Bangalore,1289,4,3,15,Semi
IN08601,Hyderabad,2266,4,1,20.71,Furnished
IN08602,Hyderabad,1184,2,1,15,Semi
IN08603,Chennai,958,2,1,15,Unfurnished
IN08604,Mumbai,1452,4,1,24.96,Unfurnished
IN08605,Kolkata,492,3,1,15,Unfurnished
IN08606,Delhi,1238,3,2,15,Furnished
IN08607,Hyderabad,1480,2,2,18.72,Semi
IN08608,Hyderabad,944,3,1,15,Furnished
IN08609,Chennai,1289,3,3,16.25,Semi
IN08610,Bangalore,469,4,2,15,Furnished
IN08611,Chennai,300,3,2,15,Semi
IN08612,Chennai,1259,3,2,15,Unfurnished
IN08613,Hyderabad,1289,4,2,15.45,Semi
IN08614,Bangalore,400,2,1,15,Unfurnished
IN08615,Kolkata,1322,3,3,15,Furnished
IN08616,Mumbai,1058,3,2,18.7,Semi
IN08617,Delhi,1369,2,2,18.2,Furnished
IN08618,Bangalore,1092,4,2,15,Semi
IN08619,Mumbai,828,2,2,15,Furnished
IN08620,Bangalore,1264,2,2,15.04,Furnished
IN08621,Hyderabad,1425,2,3,15.38,Unfurnished
IN08622,Mumbai,1329,3,2,16.54,Unfurnished
IN08623,Delhi,1648,2,3,28.06,Semi
IN08624,Chennai,1721,4,1,27.86,Semi
IN08625,Kolkata,666,1,3,15,Furnished
IN08626,Kolkata,1418,3,1,15,Unfurnished
IN08627,Kolkata,591,2,1,15,Furnished
IN08628,Kolkata,737,1,2,15,Unfurnished
IN08629,Chennai,2268,2,2,46.89,Semi
IN08630,Delhi,1527,4,3,17.59,Semi
IN08631,Kolkata,1445,3,2,29.42,Semi
IN08632,Chennai,1199,2,2,15,Semi
IN08633,Hyderabad,527,1,1,15,Unfurnished
IN08634,Kolkata,975,1,2,15,Furnished
IN08635,Hyderabad,1595,3,3,15.43,Furnished
IN08636,Kolkata,300,3,2,15,Semi
IN08637,Bangalore,896,1,2,15,Unfurnished
IN08638,Bangalore,959,2,1,15,Unfurnished
IN08639,Bangalore,778,2,1,15,Semi
IN08640,Kolkata,693,3,2,15,Furnished
IN08641,Mumbai,1408,2,1,23.15,Furnished
IN08642,Mumbai,1589,3,2,24.34,Unfurnished
IN08643,Mumbai,738,4,3,15,Furnished
IN08644,Chennai,1800,3,3,30.43,Furnished
IN08645,Mumbai,536,2,1,15,Semi
IN08646,Hyderabad,1161,2,2,18.71,Unfurnished
IN08647,Chennai,1019,2,2,15,Unfurnished
IN08648,Kolkata,1191,3,3,17.75,Semi
IN08649,Mumbai,1769,3,2,16.56,Unfurnished
IN08650,Delhi,300,3,2,15,Unfurnished
IN08651,Chennai,1266,2,2,15,Furnished
IN08652,Mumbai,791,3,3,15,Furnished
IN08653,Bangalore,931,3,2,15,Unfurnished
IN08654,Chennai,1695,3,3,20.81,Furnished
IN08655,Delhi,2197,3,3,29.29,Semi
IN08656,Bangalore,1125,4,3,15,Semi
IN08657,Delhi,1212,2,2,15,Furnished
IN08658,Hyderabad,351,2,1,15,Furnished
IN08659,Hyderabad,1168,2,2,17.58,Unfurnished
IN08660,Delhi,1183,1,2,23.26,Unfurnished
IN08661,Delhi,1027,4,1,15,Semi
IN08662,Kolkata,993,3,3,15.82,Furnished
IN08663,Chennai,1649,3,1,19.11,Unfurnished
IN08664,Kolkata,1242,3,2,15,Furnished
IN08665,Delhi,700,3,1,15,Furnished
IN08666,Kolkata,1372,3,2,26.7,Unfurnished
IN08667,Hyderabad,865,1,2,15,Furnished
IN08668,Chennai,1267,2,3,15,Unfurnished
IN08669,Delhi,813,2,3,15,Unfurnished
IN08670,Bangalore,1284,2,2,15,Semi
IN08671,Mumbai,1345,2,2,15,Semi
IN08672,Hyderabad,300,2,2,15,Unfurnished
IN08673,Kolkata,1344,4,2,15,Furnished
IN08674,Bangalore,886,3,2,15,Unfurnished
IN08675,Mumbai,1426,3,1,15,Unfurnished
IN08676,Bangalore,1503,3,3,15,Semi
IN08677,Hyderabad,851,1,2,15,Furnished
IN08678,Mumbai,1244,3,2,15,Semi
IN08679,Chennai,1431,1,2,15.52,Unfurnished
IN08680,Delhi,907,3,1,15,Semi
IN08681,Hyderabad,1288,3,3,15,Furnished
IN08682,Chennai,1234,2,1,18.12,Semi
IN08683,Bangalore,351,2,2,15,Furnished
IN08684,Mumbai,1442,3,2,15.57,Furnished
IN08685,Delhi,648,2,3,15,Semi
IN08686,Kolkata,1276,3,3,17.74,Furnished
IN08687,Kolkata,1192,3,1,20.24,Furnished
IN08688,Chennai,450,3,3,15,Furnished
IN08689,Chennai,1060,2,2,15,Semi
IN08690,Delhi,931,2,2,15,Unfurnished
IN08691,Bangalore,1498,1,3,17.02,Furnished
IN08692,Chennai,980,1,2,15,Furnished
IN08693,Kolkata,300,2,2,15,Furnished
IN08694,Hyderabad,1428,2,3,22.96,Furnished
IN08695,Chennai,1494,2,2,19.23,Unfurnished
IN08696,Kolkata,823,2,3,15,Furnished
IN08697,Delhi,1020,4,2,15,Furnished
IN08698,Delhi,611,3,2,15,Unfurnished
IN08699,Mumbai,1423,3,2,21.75,Furnished
IN08700,Mumbai,546,3,3,15,Unfurnished
IN08701,Mumbai,1150,2,2,15,Furnished
IN08702,Mumbai,944,2,2,15,Unfurnished
IN08703,Hyderabad,1335,3,2,15,Furnished
IN08704,Bangalore,765,4,3,15,Furnished
IN08705,Delhi,2105,2,3,31.97,Semi
IN08706,Kolkata,1382,2,1,15,Furnished
IN08707,Hyderabad,1142,4,3,21.12,Semi
IN08708,Mumbai,1425,4,3,15,Semi
IN08709,Chennai,870,1,2,15,Furnished
IN08710,Kolkata,1216,3,3,19.78,Furnished
IN08711,Delhi,1136,2,3,15,Unfurnished
IN08712,Chennai,928,1,3,15,Semi
IN08713,Mumbai,631,2,3,15,Furnished
IN08714,Delhi,652,3,3,15,Semi
IN08715,Delhi,906,1,2,15,Unfurnished
IN08716,Delhi,1126,1,3,15,Semi
IN08717,Chennai,1274,1,2,23.17,Semi
IN08718,Hyderabad,1161,3,1,17.06,Unfurnished
IN08719,Kolkata,1268,3,2,18.61,Unfurnished
IN08720,Kolkata,846,1,2,15,Furnished
IN08721,Chennai,690,2,2,15,Semi
IN08722,Hyderabad,1143,2,1,16.63,Unfurnished
IN08723,Hyderabad,1412,3,1,18.31,Semi
IN08724,Mumbai,594,1,1,15,Furnished
IN08725,Mumbai,1545,2,2,16.77,Semi
IN08726,Kolkata,1062,4,2,15,Semi
IN08727,Hyderabad,1285,4,2,15.88,Unfurnished
IN08728,Delhi,796,4,2,15,Furnished
IN08729,Chennai,1003,3,2,15,Furnished
IN08730,Bangalore,784,2,2,15,Unfurnished
IN08731,Kolkata,963,3,3,15,Semi
IN08732,Mumbai,746,4,3,15.51,Semi
IN08733,Delhi,300,4,3,15,Semi
IN08734,Chennai,1218,1,2,20.46,Semi
IN08735,Bangalore,989,1,2,15,Furnished
IN08736,Mumbai,1210,4,3,15,Unfurnished
IN08737,Chennai,1171,2,2,17.86,Semi
IN08738,Hyderabad,1448,4,2,15,Unfurnished
IN08739,Chennai,794,3,3,15,Unfurnished
IN08740,Kolkata,692,2,1,15,Unfurnished
IN08741,Mumbai,1865,4,3,17.79,Furnished
IN08742,Delhi,701,3,1,15,Unfurnished
IN08743,Mumbai,666,3,1,15,Furnished
IN08744,Bangalore,1399,4,3,15,Semi
IN08745,Chennai,300,1,3,15,Furnished
IN08746,Mumbai,722,4,3,15,Semi
IN08747,Mumbai,1288,1,1,21.21,Semi
IN08748,Bangalore,399,3,1,15,Semi
IN08749,Mumbai,1277,2,2,16.44,Unfurnished
IN08750,Mumbai,1367,3,2,15,Semi
IN08751,Bangalore,1530,2,3,15,Furnished
IN08752,Hyderabad,300,1,3,15,Unfurnished
IN08753,Mumbai,1369,2,2,15,Furnished
IN08754,Kolkata,1219,3,2,17.94,Furnished
IN08755,Bangalore,714,3,2,15,Unfurnished
IN08756,Delhi,1291,2,1,15,Semi
IN08757,Delhi,1786,2,2,24.59,Unfurnished
IN08758,Mumbai,1351,4,2,20.31,Unfurnished
IN08759,Bangalore,1057,3,2,15,Semi
IN08760,Chennai,481,3,3,15,Unfurnished
IN08761,Kolkata,925,2,3,15,Semi
IN08762,Hyderabad,488,2,2,15,Semi
IN08763,Kolkata,2077,4,2,32.22,Furnished
IN08764,Kolkata,1227,2,1,15,Furnished
IN08765,Mumbai,971,3,2,15,Unfurnished
IN08766,Hyderabad,607,3,2,15,Semi
IN08767,Chennai,988,3,2,15,Unfurnished
IN08768,Kolkata,300,4,3,15,Semi
IN08769,Delhi,1129,2,1,15,Semi
IN08770,Chennai,1230,3,3,15,Furnished
IN08771,Chennai,1403,3,3,23.81,Unfurnished
IN08772,Delhi,973,1,1,19.14,Unfurnished
IN08773,Kolkata,300,1,2,15,Furnished
IN08774,Chennai,885,3,2,15,Unfurnished
IN08775,Kolkata,2021,4,1,22.36,Semi
IN08776,Hyderabad,606,3,3,15,Unfurnished
IN08777,Bangalore,1955,1,1,23.28,Semi
IN08778,Hyderabad,1077,3,3,24.22,Semi
IN08779,Delhi,851,3,3,15,Furnished
IN08780,Bangalore,1530,3,1,15,Semi
IN08781,Bangalore,1353,3,3,18.81,Unfurnished
IN08782,Bangalore,673,2,2,15,Semi
IN08783,Delhi,1612,4,2,17.16,Semi
IN08784,Delhi,1562,2,3,22.13,Unfurnished
IN08785,Mumbai,1591,3,2,15,Unfurnished
IN08786,Chennai,1207,3,2,15,Semi
IN08787,Delhi,796,2,1,15,Semi
IN08788,Hyderabad,1444,2,1,19.24,Furnished
IN08789,Mumbai,383,3,3,15,Furnished
IN08790,Kolkata,1336,3,2,21.54,Semi
IN08791,Kolkata,906,2,2,15,Semi
IN08792,Mumbai,1009,2,2,15,Furnished
IN08793,Chennai,1280,2,2,20.03,Furnished
IN08794,Delhi,2129,3,2,26.24,Semi
IN08795,Chennai,762,3,2,15,Semi
IN08796,Hyderabad,875,3,1,15,Semi
IN08797,Kolkata,634,3,3,15,Furnished
IN08798,Hyderabad,584,2,2,15,Semi
IN08799,Bangalore,1603,2,2,29.6,Furnished
IN08800,Kolkata,1545,4,3,15,Semi
IN08801,Hyderabad,300,2,3,15,Semi
IN08802,Hyderabad,934,2,2,15,Unfurnished
IN08803,Kolkata,1049,2,2,15,Semi
IN08804,Mumbai,1113,1,3,18.68,Semi
IN08805,Mumbai,1321,2,1,15,Furnished
IN08806,Hyderabad,1858,3,1,26.87,Furnished
IN08807,Hyderabad,1638,2,1,20.5,Semi
IN08808,Mumbai,1315,2,2,17.14,Furnished
IN08809,Kolkata,1263,3,1,15,Semi
IN08810,Bangalore,1409,3,1,20.18,Furnished
IN08811,Bangalore,1881,2,1,26.06,Semi
IN08812,Delhi,570,2,2,15,Semi
IN08813,Kolkata,951,2,2,15,Unfurnished
IN08814,Mumbai,1569,2,3,30.14,Semi
IN08815,Delhi,501,3,2,15,Furnished
IN08816,Chennai,2216,3,3,16.92,Semi
IN08817,Kolkata,1001,1,2,15,Furnished
IN08818,Hyderabad,475,1,2,15,Furnished
IN08819,Mumbai,429,4,1,15,Semi
IN08820,Mumbai,701,1,3,15,Unfurnished
IN08821,Hyderabad,1193,3,2,17.12,Unfurnished
IN08822,Hyderabad,993,1,2,15,Furnished
IN08823,Chennai,1527,2,1,15.09,Semi
IN08824,Kolkata,1409,2,2,27.26,Furnished
IN08825,Mumbai,300,4,1,15,Unfurnished
IN08826,Hyderabad,836,2,3,15,Semi
IN08827,Bangalore,1367,4,2,17.16,Unfurnished
IN08828,Bangalore,715,2,2,15,Semi
IN08829,Kolkata,846,1,1,15,Unfurnished
IN08830,Chennai,1471,3,1,22.2,Unfurnished
IN08831,Kolkata,2246,3,1,44.68,Semi
IN08832,Chennai,710,2,2,15,Semi
IN08833,Hyderabad,1239,2,2,17.66,Semi
IN08834,Hyderabad,1218,2,2,22.45,Unfurnished
IN08835,Delhi,537,3,1,15,Unfurnished
IN08836,Chennai,1237,2,2,22.11,Semi
IN08837,Chennai,933,3,2,15,Furnished
IN08838,Chennai,1515,3,3,15,Unfurnished
IN08839,Hyderabad,1061,3,2,24.12,Furnished
IN08840,Bangalore,970,3,3,15,Unfurnished
IN08841,Mumbai,812,2,3,15,Unfurnished
IN08842,Hyderabad,1556,4,1,15,Furnished
IN08843,Hyderabad,300,3,1,15,Furnished
IN08844,Kolkata,904,2,2,15,Unfurnished
IN08845,Hyderabad,1375,1,2,16.66,Semi
IN08846,Mumbai,1426,2,3,15.28,Semi
IN08847,Delhi,714,3,2,15,Semi
IN08848,Kolkata,1021,1,3,15,Furnished
IN08849,Chennai,996,2,3,15.86,Furnished
IN08850,Chennai,775,2,1,15,Unfurnished
IN08851,Bangalore,1217,2,3,17.4,Unfurnished
IN08852,Bangalore,2442,2,3,25.81,Unfurnished
IN08853,Delhi,558,1,2,15,Semi
IN08854,Delhi,479,1,2,15,Semi
IN08855,Kolkata,1511,2,3,15,Furnished
IN08856,Delhi,620,2,1,15,Unfurnished
IN08857,Mumbai,1562,4,1,22.89,Semi
IN08858,Mumbai,1807,4,1,23.17,Semi
IN08859,Hyderabad,728,3,2,15,Furnished
IN08860,Mumbai,369,4,2,15,Semi
IN08861,Delhi,344,2,3,15,Furnished
IN08862,Bangalore,1034,3,2,15,Furnished
IN08863,Hyderabad,473,2,2,15,Semi
IN08864,Mumbai,1023,2,1,15.49,Furnished
IN08865,Chennai,1338,2,2,15,Semi
IN08866,Hyderabad,1013,2,2,15,Furnished
IN08867,Chennai,718,4,3,15,Semi
IN08868,Bangalore,1062,3,2,20.17,Unfurnished
IN08869,Delhi,980,2,2,15,Furnished
IN08870,Bangalore,1326,2,3,15,Furnished
IN08871,Bangalore,1188,2,1,15,Unfurnished
IN08872,Chennai,1154,4,2,15,Furnished
IN08873,Kolkata,1652,3,3,23.79,Semi
IN08874,Mumbai,750,3,2,15,Semi
IN08875,Delhi,864,3,1,15,Semi
IN08876,Mumbai,1663,4,1,15,Unfurnished
IN08877,Chennai,1630,2,1,19.05,Semi
IN08878,Chennai,300,4,3,15,Unfurnished
IN08879,Chennai,1221,4,2,17.33,Furnished
IN08880,Hyderabad,893,1,2,15,Unfurnished
IN08881,Hyderabad,1049,4,3,15,Semi
IN08882,Kolkata,2041,4,1,19.84,Semi
IN08883,Mumbai,1573,2,2,15,Semi
IN08884,Delhi,364,3,2,15,Unfurnished
IN08885,Bangalore,514,2,3,15,Furnished
IN08886,Hyderabad,1158,2,1,15,Unfurnished
IN08887,Bangalore,300,4,2,15,Furnished
IN08888,Bangalore,921,1,2,15,Semi
IN08889,Bangalore,1428,4,3,15,Furnished
IN08890,Mumbai,1225,2,2,15,Unfurnished
IN08891,Hyderabad,1987,1,2,15,Unfurnished
IN08892,Kolkata,1085,2,3,15,Semi
IN08893,Bangalore,748,4,2,15,Semi
IN08894,Delhi,711,1,3,15,Furnished
IN08895,Mumbai,1598,4,1,17.1,Semi
IN08896,Kolkata,1445,1,3,15,Furnished
IN08897,Hyderabad,934,3,2,15,Semi
IN08898,Kolkata,1578,1,1,15,Furnished
IN08899,Hyderabad,1872,4,2,15,Semi
IN08900,Chennai,1077,2,3,15,Unfurnished
IN08901,Mumbai,739,1,2,15,Unfurnished
IN08902,Kolkata,1613,1,1,17.55,Furnished
IN08903,Kolkata,985,3,1,15,Furnished
IN08904,Delhi,1213,4,3,15,Semi
IN08905,Bangalore,1130,4,1,21.77,Unfurnished
IN08906,Mumbai,1218,2,2,17.66,Semi
IN08907,Hyderabad,1132,2,1,17.41,Semi
IN08908,Delhi,801,3,2,15,Unfurnished
IN08909,Bangalore,919,3,1,15,Unfurnished
IN08910,Delhi,583,3,1,15,Unfurnished
IN08911,Bangalore,1039,3,1,18.9,Furnished
IN08912,Bangalore,1451,2,2,18.36,Unfurnished
IN08913,Delhi,1530,2,3,17.32,Semi
IN08914,Mumbai,1243,2,1,15,Semi
IN08915,Delhi,1332,2,2,15,Unfurnished
IN08916,Kolkata,1399,3,2,15,Semi
IN08917,Bangalore,818,1,1,15,Furnished
IN08918,Mumbai,1314,3,2,15,Furnished
IN08919,Hyderabad,1120,4,3,15,Semi
IN08920,Mumbai,853,4,3,15,Unfurnished
IN08921,Chennai,650,3,2,15,Semi
IN08922,Bangalore,1234,4,2,15,Unfurnished
IN08923,Chennai,935,1,2,15,Furnished
IN08924,Delhi,1197,2,2,16.73,Semi
IN08925,Kolkata,920,4,2,15,Semi
IN08926,Bangalore,2231,3,1,16.45,Unfurnished
IN08927,Chennai,1386,2,2,15,Semi
IN08928,Bangalore,1257,4,1,17.61,Furnished
IN08929,Mumbai,1176,1,3,15,Furnished
IN08930,Chennai,928,3,1,15,Furnished
IN08931,Bangalore,711,3,2,15,Furnished
IN08932,Delhi,788,1,3,15,Unfurnished
IN08933,Hyderabad,700,2,3,15,Semi
IN08934,Kolkata,987,3,3,15,Unfurnished
IN08935,Chennai,1169,2,1,15,Furnished
IN08936,Mumbai,1051,4,3,15,Semi
IN08937,Chennai,300,2,3,15,Semi
IN08938,Mumbai,1284,1,1,15,Furnished
IN08939,Chennai,1014,1,2,15,Unfurnished
IN08940,Mumbai,671,4,3,15,Unfurnished
IN08941,Mumbai,762,2,2,15,Furnished
IN08942,Hyderabad,980,2,2,19.09,Unfurnished
IN08943,Bangalore,2184,3,2,31.46,Furnished
IN08944,Bangalore,1181,3,1,15,Furnished
IN08945,Delhi,534,2,3,15,Unfurnished
IN08946,Chennai,1213,2,2,15,Semi
IN08947,Kolkata,754,3,3,15,Semi
IN08948,Hyderabad,1363,3,2,22.71,Furnished
IN08949,Mumbai,894,4,2,15,Semi
IN08950,Mumbai,1440,2,3,15,Semi
IN08951,Hyderabad,1074,3,3,15,Semi
IN08952,Hyderabad,1785,4,3,15.93,Semi
IN08953,Chennai,2005,2,2,24.99,Furnished
IN08954,Bangalore,320,3,2,15,Unfurnished
IN08955,Mumbai,1568,3,1,19.65,Semi
IN08956,Bangalore,1099,2,1,15,Furnished
IN08957,Hyderabad,1183,2,3,21.44,Furnished
IN08958,Delhi,821,2,1,15,Unfurnished
IN08959,Kolkata,1067,3,2,15,Furnished
IN08960,Hyderabad,689,4,2,15,Semi
IN08961,Chennai,1135,1,2,15,Semi
IN08962,Delhi,871,3,1,15,Furnished
IN08963,Mumbai,448,3,2,15,Furnished
IN08964,Delhi,1149,4,3,22.75,Furnished
IN08965,Chennai,1348,3,1,27.94,Furnished
IN08966,Chennai,1107,2,1,18.07,Unfurnished
IN08967,Mumbai,1453,4,2,15,Furnished
IN08968,Chennai,428,1,2,15,Unfurnished
IN08969,Hyderabad,406,3,1,15,Semi
IN08970,Mumbai,1155,2,3,15,Unfurnished
IN08971,Kolkata,995,4,2,15,Furnished
IN08972,Bangalore,1032,3,2,15,Semi
IN08973,Bangalore,691,3,2,15,Unfurnished
IN08974,Delhi,1197,3,3,15,Unfurnished
IN08975,Kolkata,1305,1,3,17.14,Furnished
IN08976,Kolkata,844,4,1,15,Furnished
IN08977,Bangalore,2138,4,3,33.92,Unfurnished
IN08978,Delhi,1000,1,2,15.44,Unfurnished
IN08979,Mumbai,982,3,3,15,Semi
IN08980,Chennai,686,3,2,15,Semi
IN08981,Kolkata,1347,1,3,16.42,Semi
IN08982,Hyderabad,1012,1,2,15,Furnished
IN08983,Delhi,769,4,3,15,Unfurnished
IN08984,Chennai,999,2,1,15,Unfurnished
IN08985,Chennai,1382,1,3,15,Unfurnished
IN08986,Hyderabad,1332,2,3,21.99,Semi
IN08987,Kolkata,1488,2,1,16.52,Unfurnished
IN08988,Delhi,1598,2,3,15,Semi
IN08989,Bangalore,1829,1,3,15,Unfurnished
IN08990,Bangalore,561,1,1,15,Semi
IN08991,Kolkata,2274,3,1,42.34,Semi
IN08992,Bangalore,1466,1,1,28.67,Semi
IN08993,Hyderabad,1093,1,3,15,Unfurnished
IN08994,Chennai,1683,4,3,15,Furnished
IN08995,Delhi,1250,3,2,15,Semi
IN08996,Hyderabad,1395,3,2,21.27,Furnished
IN08997,Chennai,1188,3,3,15.5,Unfurnished
IN08998,Kolkata,1072,3,1,15,Unfurnished
IN08999,Chennai,979,2,3,15,Semi
IN09000,Kolkata,1051,3,2,15,Unfurnished
IN09001,Delhi,1502,2,3,15.1,Furnished
IN09002,Kolkata,1111,3,3,20.69,Semi
IN09003,Delhi,510,2,2,15,Unfurnished
IN09004,Hyderabad,300,2,2,15,Furnished
IN09005,Chennai,823,2,3,15,Semi
IN09006,Kolkata,327,3,2,15,Unfurnished
IN09007,Mumbai,1261,3,2,18.88,Semi
IN09008,Chennai,501,1,2,15,Unfurnished
IN09009,Kolkata,1543,2,2,23.64,Unfurnished
IN09010,Delhi,1329,2,2,26.68,Unfurnished
IN09011,Delhi,1470,3,2,16.22,Unfurnished
IN09012,Kolkata,1209,2,2,15,Furnished
IN09013,Chennai,1394,4,1,27.5,Unfurnished
IN09014,Bangalore,1441,3,3,24.96,Unfurnished
IN09015,Mumbai,960,1,1,15.52,Unfurnished
IN09016,Chennai,818,3,2,15,Semi
IN09017,Bangalore,1534,4,2,21.54,Unfurnished
IN09018,Delhi,1311,3,2,16.56,Semi
IN09019,Bangalore,629,2,2,15,Semi
IN09020,Hyderabad,1392,3,1,15.04,Semi
IN09021,Kolkata,1495,2,3,17.52,Furnished
IN09022,Delhi,2025,3,1,21.69,Semi
IN09023,Delhi,1147,1,3,23.92,Unfurnished
IN09024,Chennai,1223,4,2,15,Furnished
IN09025,Bangalore,300,3,2,15,Furnished
IN09026,Bangalore,732,3,2,15,Semi
IN09027,Kolkata,363,3,2,15,Unfurnished
IN09028,Delhi,1420,2,2,19.03,Unfurnished
IN09029,Delhi,1059,4,2,18.16,Semi
IN09030,Chennai,838,2,3,15.11,Unfurnished
IN09031,Kolkata,880,4,2,15,Semi
IN09032,Kolkata,554,2,1,15,Unfurnished
IN09033,Bangalore,510,4,2,15,Semi
IN09034,Hyderabad,1487,2,2,18.67,Furnished
IN09035,Delhi,935,3,2,16.51,Furnished
IN09036,Delhi,836,3,3,15,Furnished
IN09037,Bangalore,1277,4,1,15,Unfurnished
IN09038,Delhi,1388,4,2,15,Unfurnished
IN09039,Delhi,1675,2,1,20.96,Furnished
IN09040,Hyderabad,1777,1,1,15,Semi
IN09041,Kolkata,1970,3,2,17.26,Furnished
IN09042,Chennai,1063,3,3,15,Semi
IN09043,Bangalore,1083,3,3,15.88,Unfurnished
IN09044,Mumbai,1219,2,1,15,Unfurnished
IN09045,Kolkata,2169,2,2,18.54,Semi
IN09046,Delhi,1365,4,2,18.21,Semi
IN09047,Hyderabad,1457,2,1,17.87,Unfurnished
IN09048,Hyderabad,1178,3,2,15,Semi
IN09049,Delhi,1302,1,1,18.54,Unfurnished
IN09050,Kolkata,1067,2,3,15,Semi
IN09051,Hyderabad,1273,2,1,15,Furnished
IN09052,Kolkata,1431,3,2,19.06,Unfurnished
IN09053,Delhi,1120,1,2,15,Semi
IN09054,Kolkata,1183,3,3,15.28,Furnished
IN09055,Hyderabad,1128,2,2,15,Semi
IN09056,Kolkata,959,1,2,15,Semi
IN09057,Chennai,1327,4,3,18.33,Furnished
IN09058,Kolkata,388,4,3,15,Unfurnished
IN09059,Hyderabad,339,3,3,15,Semi
IN09060,Delhi,1088,3,1,15,Unfurnished
IN09061,Kolkata,960,4,3,15,Semi
IN09062,Bangalore,1558,4,3,15,Unfurnished
IN09063,Kolkata,1790,3,2,28.33,Semi
IN09064,Kolkata,896,2,3,15,Furnished
IN09065,Kolkata,1652,3,1,15,Furnished
IN09066,Delhi,1109,3,2,16.85,Furnished
IN09067,Delhi,1192,3,1,15,Unfurnished
IN09068,Hyderabad,1854,1,3,32.41,Unfurnished
IN09069,Chennai,1271,2,1,17.53,Unfurnished
IN09070,Hyderabad,546,3,1,15,Furnished
IN09071,Hyderabad,944,1,2,15,Semi
IN09072,Hyderabad,1148,1,1,21.51,Semi
IN09073,Chennai,1032,3,2,15,Furnished
IN09074,Kolkata,1565,4,3,15,Furnished
IN09075,Kolkata,797,3,1,15,Furnished
IN09076,Mumbai,1048,3,2,15,Semi
IN09077,Chennai,1158,3,3,15,Furnished
IN09078,Delhi,1181,2,1,15,Furnished
IN09079,Delhi,521,2,1,15,Semi
IN09080,Kolkata,1437,2,1,18.97,Unfurnished
IN09081,Bangalore,1166,3,2,15,Semi
IN09082,Chennai,925,2,2,15,Furnished
IN09083,Delhi,1023,1,3,15,Semi
IN09084,Kolkata,1500,3,2,19.01,Unfurnished
IN09085,Kolkata,887,2,1,15,Unfurnished
IN09086,Delhi,2094,4,2,35.83,Unfurnished
IN09087,Mumbai,892,3,2,15,Semi
IN09088,Chennai,326,1,2,15,Semi
IN09089,Bangalore,626,4,2,15,Unfurnished
IN09090,Chennai,1460,4,2,17.69,Semi
IN09091,Chennai,853,2,2,15,Unfurnished
IN09092,Hyderabad,330,4,2,15,Furnished
IN09093,Delhi,1393,1,3,23.79,Semi
IN09094,Chennai,844,2,2,15,Semi
IN09095,Mumbai,1297,2,3,21.13,Unfurnished
IN09096,Hyderabad,653,4,1,15,Unfurnished
IN09097,Kolkata,1369,3,1,15,Furnished
IN09098,Hyderabad,791,3,3,15,Furnished
IN09099,Bangalore,1642,2,3,30.76,Semi
IN09100,Hyderabad,1272,1,2,19.74,Unfurnished
IN09101,Kolkata,1607,4,2,21.11,Furnished
IN09102,Mumbai,1560,1,3,16.18,Furnished
IN09103,Kolkata,1717,1,3,16.51,Furnished
IN09104,Mumbai,721,3,1,15,Furnished
IN09105,Bangalore,1388,2,2,15,Unfurnished
IN09106,Chennai,1227,3,3,19.56,Furnished
IN09107,Mumbai,841,3,2,15,Unfurnished
IN09108,Delhi,1843,3,1,29.94,Unfurnished
IN09109,Kolkata,690,3,2,15,Unfurnished
IN09110,Hyderabad,300,3,3,15,Semi
IN09111,Hyderabad,1499,2,3,19.77,Unfurnished
IN09112,Delhi,1226,2,2,15,Furnished
IN09113,Hyderabad,1136,3,2,15,Semi
IN09114,Chennai,1630,2,2,24.76,Unfurnished
IN09115,Kolkata,947,3,3,15,Furnished
IN09116,Delhi,952,2,2,15,Semi
IN09117,Mumbai,670,3,2,15,Furnished
IN09118,Bangalore,786,3,1,15,Unfurnished
IN09119,Chennai,950,1,2,15,Unfurnished
IN09120,Hyderabad,1262,3,2,15,Unfurnished
IN09121,Delhi,554,2,3,15,Semi
IN09122,Mumbai,870,3,2,15,Furnished
IN09123,Hyderabad,787,1,2,15,Furnished
IN09124,Kolkata,751,4,2,15,Unfurnished
IN09125,Delhi,300,4,1,15,Unfurnished
IN09126,Delhi,2228,2,3,38.36,Semi
IN09127,Chennai,1545,1,2,20.17,Unfurnished
IN09128,Delhi,1621,4,3,27.04,Furnished
IN09129,Chennai,1246,2,2,15,Semi
IN09130,Hyderabad,917,4,2,15,Unfurnished
IN09131,Chennai,1177,2,2,15,Unfurnished
IN09132,Chennai,556,2,2,15,Furnished
IN09133,Hyderabad,974,3,1,15,Furnished
IN09134,Bangalore,778,4,3,15,Furnished
IN09135,Hyderabad,765,4,2,15,Unfurnished
IN09136,Chennai,1385,2,2,15,Unfurnished
IN09137,Bangalore,1245,2,3,15,Unfurnished
IN09138,Bangalore,821,4,2,15,Unfurnished
IN09139,Chennai,786,2,3,15,Furnished
IN09140,Chennai,1142,2,2,15,Semi
IN09141,Hyderabad,1385,2,2,23.45,Unfurnished
IN09142,Mumbai,787,3,2,15,Furnished
IN09143,Delhi,1308,3,1,15,Unfurnished
IN09144,Hyderabad,1026,2,2,15,Unfurnished
IN09145,Mumbai,691,3,2,15,Unfurnished
IN09146,Delhi,784,3,2,15,Furnished
IN09147,Kolkata,1059,4,2,15.1,Semi
IN09148,Hyderabad,1057,2,1,15,Furnished
IN09149,Bangalore,1463,4,2,18.86,Semi
IN09150,Kolkata,611,1,2,15,Furnished
IN09151,Delhi,1039,1,2,15,Furnished
IN09152,Delhi,445,3,2,15,Furnished
IN09153,Delhi,1632,3,3,23.37,Unfurnished
IN09154,Hyderabad,814,4,2,15,Semi
IN09155,Bangalore,1125,3,2,15,Semi
IN09156,Mumbai,1683,2,3,15,Furnished
IN09157,Mumbai,510,3,3,15,Furnished
IN09158,Mumbai,1290,1,2,15,Furnished
IN09159,Mumbai,1743,2,1,15,Unfurnished
IN09160,Kolkata,854,4,1,15,Semi
IN09161,Kolkata,677,2,2,15,Unfurnished
IN09162,Hyderabad,1295,3,2,15,Unfurnished
IN09163,Hyderabad,1602,2,2,17.43,Semi
IN09164,Hyderabad,1224,3,3,16.56,Unfurnished
IN09165,Kolkata,300,3,2,15,Unfurnished
IN09166,Delhi,1581,2,3,19.09,Semi
IN09167,Kolkata,1405,1,2,15.23,Furnished
IN09168,Chennai,2035,2,2,31.85,Semi
IN09169,Mumbai,393,4,2,15,Furnished
IN09170,Delhi,1145,1,2,15,Unfurnished
IN09171,Bangalore,1155,1,1,15,Unfurnished
IN09172,Bangalore,1614,4,3,15,Furnished
IN09173,Chennai,1334,1,2,15.71,Furnished
IN09174,Delhi,1468,4,3,17.87,Unfurnished
IN09175,Chennai,905,4,2,15,Furnished
IN09176,Bangalore,1353,1,2,16.21,Unfurnished
IN09177,Kolkata,904,4,3,15,Semi
IN09178,Bangalore,1317,4,3,15,Semi
IN09179,Bangalore,882,2,3,15,Unfurnished
IN09180,Kolkata,1680,4,2,15,Unfurnished
IN09181,Chennai,1187,3,1,15,Furnished
IN09182,Bangalore,804,2,3,15,Unfurnished
IN09183,Bangalore,554,2,2,15,Furnished
IN09184,Delhi,609,3,2,15,Unfurnished
IN09185,Delhi,1955,4,2,29.45,Unfurnished
IN09186,Delhi,852,1,2,15,Semi
IN09187,Chennai,1622,2,1,20.09,Furnished
IN09188,Kolkata,870,2,1,15,Semi
IN09189,Mumbai,1529,2,2,18.93,Semi
IN09190,Hyderabad,486,3,2,15,Semi
IN09191,Hyderabad,960,2,1,15,Semi
IN09192,Mumbai,1430,4,3,15,Furnished
IN09193,Chennai,1249,3,1,16.51,Unfurnished
IN09194,Mumbai,520,4,3,15,Semi
IN09195,Kolkata,1255,4,2,15,Unfurnished
IN09196,Kolkata,1391,1,2,15,Unfurnished
IN09197,Delhi,1036,1,3,15,Furnished
IN09198,Kolkata,1530,1,2,19.9,Furnished
IN09199,Delhi,1113,2,2,15,Semi
IN09200,Hyderabad,657,2,2,15,Semi
IN09201,Hyderabad,819,2,2,15,Unfurnished
IN09202,Delhi,1130,3,2,20.47,Semi
IN09203,Mumbai,790,3,1,15,Unfurnished
IN09204,Bangalore,1539,4,2,19.85,Unfurnished
IN09205,Mumbai,1200,3,2,15,Furnished
IN09206,Bangalore,300,2,3,15,Semi
IN09207,Mumbai,1257,3,2,15,Unfurnished
IN09208,Mumbai,732,2,3,15,Semi
IN09209,Kolkata,1551,2,2,16.8,Unfurnished
IN09210,Bangalore,1830,4,2,23.69,Semi
IN09211,Delhi,1214,3,3,19.21,Furnished
IN09212,Chennai,837,3,3,15,Furnished
IN09213,Chennai,1157,2,3,15,Semi
IN09214,Delhi,1269,3,1,17.4,Furnished
IN09215,Kolkata,1934,4,3,43.69,Semi
IN09216,Delhi,1413,1,2,15,Furnished
IN09217,Chennai,918,4,1,15,Semi
IN09218,Mumbai,1257,2,1,15,Unfurnished
IN09219,Chennai,1697,2,3,19.65,Semi
IN09220,Kolkata,1622,4,2,16.99,Semi
IN09221,Kolkata,1754,4,1,18.98,Semi
IN09222,Hyderabad,1488,2,2,18.33,Furnished
IN09223,Bangalore,1721,1,3,15,Furnished
IN09224,Delhi,1003,2,1,15,Semi
IN09225,Chennai,979,2,2,15,Semi
IN09226,Hyderabad,300,2,3,15,Unfurnished
IN09227,Hyderabad,1024,3,1,15,Unfurnished
IN09228,Delhi,1217,2,3,17.51,Semi
IN09229,Chennai,567,1,2,15,Furnished
IN09230,Mumbai,839,1,3,15,Furnished
IN09231,Hyderabad,828,3,2,15,Semi
IN09232,Bangalore,1363,4,1,16.09,Unfurnished
IN09233,Mumbai,908,3,2,15,Semi
IN09234,Chennai,1487,1,2,26.84,Unfurnished
IN09235,Kolkata,962,1,2,15,Semi
IN09236,Hyderabad,1623,1,3,19.33,Unfurnished
IN09237,Delhi,880,1,2,15,Unfurnished
IN09238,Mumbai,1118,3,2,15,Semi
IN09239,Bangalore,1060,2,2,20.97,Semi
IN09240,Bangalore,1652,3,3,16.87,Semi
IN09241,Chennai,570,1,2,15,Unfurnished
IN09242,Mumbai,600,1,2,15,Furnished
IN09243,Kolkata,941,2,2,15.09,Unfurnished
IN09244,Kolkata,1469,2,3,16.16,Unfurnished
IN09245,Kolkata,997,4,1,15.87,Furnished
IN09246,Delhi,689,2,2,15,Unfurnished
IN09247,Delhi,1716,1,2,15,Semi
IN09248,Mumbai,1349,1,3,15,Furnished
IN09249,Bangalore,1386,3,2,20.62,Furnished
IN09250,Chennai,1202,2,1,17.0,Semi
IN09251,Delhi,1285,4,1,15,Unfurnished
IN09252,Bangalore,1365,2,1,16.3,Semi
IN09253,Kolkata,300,2,3,15,Furnished
IN09254,Delhi,729,2,3,16.64,Unfurnished
IN09255,Kolkata,995,4,3,15,Unfurnished
IN09256,Bangalore,1534,4,2,16.87,Unfurnished
IN09257,Hyderabad,1299,2,2,15,Semi
IN09258,Bangalore,573,2,1,15,Unfurnished
IN09259,Kolkata,1015,3,1,15,Unfurnished
IN09260,Bangalore,956,2,3,15,Furnished
IN09261,Mumbai,1661,2,2,20.89,Furnished
IN09262,Bangalore,765,2,2,15,Unfurnished
IN09263,Delhi,1209,3,2,15,Semi
IN09264,Hyderabad,1090,2,3,15,Unfurnished
IN09265,Bangalore,742,1,3,15,Furnished
IN09266,Hyderabad,884,2,1,15,Unfurnished
IN09267,Delhi,1161,3,1,15,Unfurnished
IN09268,Bangalore,996,1,2,15,Furnished
IN09269,Delhi,1528,2,2,15,Furnished
IN09270,Delhi,1057,2,3,15,Furnished
IN09271,Chennai,325,1,1,15,Furnished
IN09272,Chennai,976,3,2,15,Semi
IN09273,Hyderabad,1546,1,1,38.54,Unfurnished
IN09274,Kolkata,1284,4,2,15,Furnished
IN09275,Chennai,957,1,2,19.69,Semi
IN09276,Delhi,744,4,2,15,Furnished
IN09277,Hyderabad,1501,3,2,21.39,Semi
IN09278,Mumbai,1640,2,1,15,Unfurnished
IN09279,Delhi,531,3,2,15,Unfurnished
IN09280,Mumbai,1220,3,3,15,Semi
IN09281,Mumbai,1351,2,1,19.99,Unfurnished
IN09282,Bangalore,943,2,2,15,Furnished
IN09283,Delhi,330,1,2,15,Semi
IN09284,Bangalore,944,4,2,15,Furnished
IN09285,Chennai,1880,4,2,37.69,Unfurnished
IN09286,Kolkata,1124,1,1,20.24,Furnished
IN09287,Kolkata,1032,2,3,15,Unfurnished
IN09288,Delhi,747,2,2,15,Semi
IN09289,Kolkata,1253,3,1,17.56,Furnished
IN09290,Bangalore,518,4,2,15,Furnished
IN09291,Bangalore,1525,2,2,21.43,Furnished
IN09292,Delhi,538,3,3,15,Furnished
IN09293,Bangalore,1379,1,1,15,Semi
IN09294,Bangalore,808,3,2,15,Furnished
IN09295,Chennai,518,4,2,15,Furnished
IN09296,Mumbai,885,1,2,15,Semi
IN09297,Bangalore,593,2,2,15,Unfurnished
IN09298,Chennai,1347,2,3,15,Unfurnished
IN09299,Hyderabad,1198,2,1,18.99,Unfurnished
IN09300,Chennai,1158,1,3,15,Semi
IN09301,Delhi,1209,2,3,15,Semi
IN09302,Delhi,1349,3,2,15.28,Furnished
IN09303,Bangalore,309,3,3,15,Semi
IN09304,Bangalore,1390,2,3,15,Unfurnished
IN09305,Kolkata,419,2,3,15,Furnished
IN09306,Hyderabad,1238,2,3,28.92,Furnished
IN09307,Chennai,722,1,2,15,Unfurnished
IN09308,Mumbai,1558,2,2,20.44,Semi
IN09309,Chennai,984,1,3,17.69,Semi
IN09310,Mumbai,1240,2,1,20.68,Semi
IN09311,Kolkata,300,2,2,15,Unfurnished
IN09312,Bangalore,364,3,2,15,Semi
IN09313,Delhi,1321,1,1,22.96,Semi
IN09314,Delhi,877,4,3,15,Semi
IN09315,Chennai,665,2,2,15,Unfurnished
IN09316,Delhi,1382,3,2,23.51,Furnished
IN09317,Kolkata,536,1,3,15,Furnished
IN09318,Delhi,1522,1,1,19.09,Semi
IN09319,Mumbai,1643,3,1,21.24,Unfurnished
IN09320,Mumbai,708,1,2,15,Unfurnished
IN09321,Bangalore,1504,3,3,18.22,Semi
IN09322,Hyderabad,619,2,1,15,Furnished
IN09323,Bangalore,1416,2,2,18.13,Semi
IN09324,Hyderabad,396,2,2,15,Furnished
IN09325,Hyderabad,1147,2,3,17.6,Semi
IN09326,Mumbai,1465,3,2,15,Unfurnished
IN09327,Hyderabad,1320,2,3,21.12,Furnished
IN09328,Mumbai,1364,3,3,15,Semi
IN09329,Delhi,1225,3,1,15,Furnished
IN09330,Hyderabad,1199,4,2,22.62,Semi
IN09331,Kolkata,1132,3,3,15.99,Furnished
IN09332,Chennai,1290,3,1,17.09,Unfurnished
IN09333,Bangalore,1512,4,1,16.81,Furnished
IN09334,Kolkata,1433,3,3,16.11,Furnished
IN09335,Kolkata,1014,2,3,15,Semi
IN09336,Delhi,1693,3,2,17.16,Furnished
IN09337,Bangalore,1280,1,2,15,Furnished
IN09338,Bangalore,922,3,3,15,Furnished
IN09339,Chennai,1366,3,2,18.89,Semi
IN09340,Delhi,1735,1,2,28.68,Furnished
IN09341,Mumbai,1506,2,2,26.05,Unfurnished
IN09342,Delhi,614,2,2,15,Unfurnished
IN09343,Chennai,799,4,3,15,Semi
IN09344,Bangalore,945,3,1,15,Semi
IN09345,Bangalore,797,1,2,15,Unfurnished
IN09346,Bangalore,300,3,1,15,Furnished
IN09347,Kolkata,668,2,2,15,Unfurnished
IN09348,Chennai,1157,4,3,15,Semi
IN09349,Delhi,917,2,2,15,Furnished
IN09350,Hyderabad,1658,2,2,15,Unfurnished
IN09351,Mumbai,1942,3,2,19.67,Furnished
IN09352,Chennai,1019,4,3,15,Unfurnished
IN09353,Delhi,992,3,3,15,Unfurnished
IN09354,Delhi,987,2,2,15,Semi
IN09355,Hyderabad,1141,3,3,15,Furnished
IN09356,Bangalore,1219,2,1,15,Furnished
IN09357,Delhi,837,1,2,15,Semi
IN09358,Chennai,1234,3,1,16.88,Furnished
IN09359,Chennai,1775,3,2,25.24,Unfurnished
IN09360,Mumbai,805,2,1,15,Furnished
IN09361,Bangalore,692,2,2,15,Unfurnished
IN09362,Mumbai,733,2,2,15,Furnished
IN09363,Hyderabad,1500,3,1,15,Semi
IN09364,Hyderabad,541,3,3,15,Furnished
IN09365,Delhi,1502,3,2,15,Furnished
IN09366,Kolkata,1163,2,3,15,Furnished
IN09367,Mumbai,1365,3,1,15.41,Semi
IN09368,Mumbai,1116,2,3,15,Furnished
IN09369,Bangalore,1045,3,3,15,Semi
IN09370,Bangalore,1441,4,1,15,Furnished
IN09371,Bangalore,1320,1,1,16.99,Semi
IN09372,Hyderabad,1302,3,2,15,Furnished
IN09373,Chennai,1014,2,1,15,Furnished
IN09374,Bangalore,799,1,2,15,Semi
IN09375,Mumbai,1387,3,2,18.03,Semi
IN09376,Hyderabad,1483,3,2,15,Semi
IN09377,Chennai,1420,2,1,15,Unfurnished
IN09378,Delhi,857,2,1,15,Semi
IN09379,Kolkata,956,3,2,15,Unfurnished
IN09380,Chennai,937,3,1,15,Unfurnished
IN09381,Delhi,1270,2,2,24.72,Unfurnished
IN09382,Delhi,1015,4,1,15,Semi
IN09383,Bangalore,1234,3,3,15,Semi
IN09384,Kolkata,620,2,3,15,Unfurnished
IN09385,Delhi,837,3,2,15,Unfurnished
IN09386,Hyderabad,936,3,3,15,Unfurnished
IN09387,Delhi,923,1,3,15,Unfurnished
IN09388,Bangalore,745,3,1,15,Unfurnished
IN09389,Mumbai,739,3,1,15,Semi
IN09390,Bangalore,1159,4,1,19.28,Furnished
IN09391,Kolkata,1506,4,2,21.59,Semi
IN09392,Kolkata,1493,4,1,22.15,Semi
IN09393,Bangalore,1396,3,2,15.13,Unfurnished
IN09394,Mumbai,1321,3,3,17.99,Furnished
IN09395,Delhi,520,1,3,15,Furnished
IN09396,Hyderabad,1001,1,2,16.39,Furnished
IN09397,Kolkata,322,3,2,15,Unfurnished
IN09398,Chennai,1205,3,2,17.01,Furnished
IN09399,Bangalore,615,3,2,15,Unfurnished
IN09400,Delhi,1165,3,2,16.66,Semi
IN09401,Mumbai,512,2,2,15,Furnished
IN09402,Hyderabad,787,1,3,15,Unfurnished
IN09403,Kolkata,1666,4,3,23.54,Unfurnished
IN09404,Chennai,1557,2,2,15,Unfurnished
IN09405,Bangalore,1224,1,3,15,Unfurnished
IN09406,Chennai,997,4,1,15.49,Furnished
IN09407,Chennai,300,2,2,15,Unfurnished
IN09408,Bangalore,484,2,2,15,Semi
IN09409,Chennai,1526,2,3,23.51,Semi
IN09410,Chennai,626,4,2,15,Unfurnished
IN09411,Chennai,762,2,2,15,Furnished
IN09412,Mumbai,914,3,2,15,Furnished
IN09413,Kolkata,637,3,1,15,Semi
IN09414,Delhi,538,2,3,15,Furnished
IN09415,Mumbai,1370,4,1,17.54,Unfurnished
IN09416,Mumbai,1866,4,3,15.85,Unfurnished
IN09417,Bangalore,1487,2,2,21.53,Furnished
IN09418,Bangalore,944,1,2,15,Furnished
IN09419,Mumbai,1062,4,2,15.55,Furnished
IN09420,Mumbai,1139,3,3,15,Furnished
IN09421,Bangalore,841,2,2,15,Unfurnished
IN09422,Delhi,1076,2,2,15,Unfurnished
IN09423,Kolkata,662,1,1,15,Unfurnished
IN09424,Delhi,1021,2,3,15,Semi
IN09425,Chennai,300,2,2,15,Furnished
IN09426,Delhi,732,2,3,15,Unfurnished
IN09427,Mumbai,1397,3,1,27.16,Unfurnished
IN09428,Chennai,1401,4,2,15.96,Semi
IN09429,Delhi,797,2,2,15,Furnished
IN09430,Hyderabad,1085,3,2,24.6,Furnished
IN09431,Hyderabad,1645,3,1,24.07,Unfurnished
IN09432,Kolkata,1052,1,2,15,Furnished
IN09433,Hyderabad,1132,2,2,15,Furnished
IN09434,Bangalore,1331,4,2,15,Furnished
IN09435,Chennai,1497,2,2,16.24,Furnished
IN09436,Hyderabad,559,2,3,15,Semi
IN09437,Delhi,1329,4,3,17.53,Semi
IN09438,Mumbai,630,4,2,15,Semi
IN09439,Delhi,1629,3,2,15,Unfurnished
IN09440,Kolkata,1173,2,2,15,Unfurnished
IN09441,Kolkata,996,4,1,15,Semi
IN09442,Chennai,804,2,2,15,Unfurnished
IN09443,Delhi,1281,4,1,15,Semi
IN09444,Mumbai,806,2,1,15,Semi
IN09445,Mumbai,1571,3,2,18.85,Furnished
IN09446,Chennai,1042,1,1,16.43,Semi
IN09447,Bangalore,982,3,1,15,Furnished
IN09448,Bangalore,1469,4,3,16.9,Semi
IN09449,Kolkata,632,4,2,15,Semi
IN09450,Mumbai,1472,2,2,15.27,Semi
IN09451,Delhi,1376,3,2,16.32,Furnished
IN09452,Hyderabad,1257,4,2,15,Semi
IN09453,Hyderabad,1182,4,1,15,Semi
IN09454,Bangalore,1353,2,2,15,Furnished
IN09455,Mumbai,1449,4,2,15,Unfurnished
IN09456,Kolkata,1322,1,3,25.84,Furnished
IN09457,Mumbai,300,3,2,15,Unfurnished
IN09458,Chennai,1054,4,1,18.03,Furnished
IN09459,Chennai,1928,2,1,15,Semi
IN09460,Kolkata,1081,3,2,15.41,Semi
IN09461,Hyderabad,1764,1,2,15,Furnished
IN09462,Kolkata,684,2,2,15,Semi
IN09463,Mumbai,1554,3,1,16.24,Furnished
IN09464,Kolkata,1017,1,2,15,Furnished
IN09465,Bangalore,1004,2,3,15,Unfurnished
IN09466,Chennai,653,4,2,15,Unfurnished
IN09467,Chennai,660,3,3,15,Semi
IN09468,Chennai,744,3,1,15,Unfurnished
IN09469,Bangalore,1000,2,1,15.32,Furnished
IN09470,Bangalore,1281,1,3,15,Semi
IN09471,Delhi,1454,3,1,15,Unfurnished
IN09472,Bangalore,793,3,3,15,Unfurnished
IN09473,Kolkata,1560,3,1,15,Furnished
IN09474,Delhi,825,1,2,15,Unfurnished
IN09475,Hyderabad,977,3,2,15,Furnished
IN09476,Delhi,1088,1,1,15,Unfurnished
IN09477,Hyderabad,898,3,2,15,Unfurnished
IN09478,Hyderabad,625,1,1,15,Semi
IN09479,Chennai,1299,2,2,19.75,Semi
IN09480,Bangalore,1144,4,2,15.46,Semi
IN09481,Mumbai,659,3,1,15,Semi
IN09482,Chennai,1598,3,2,15,Semi
IN09483,Delhi,627,3,2,15,Semi
IN09484,Kolkata,1511,2,1,22.24,Semi
IN09485,Delhi,1043,2,2,17.16,Furnished
IN09486,Chennai,2068,2,2,25.13,Furnished
IN09487,Mumbai,1496,1,1,15,Semi
IN09488,Delhi,657,2,2,15,Furnished
IN09489,Chennai,1238,2,2,15,Semi
IN09490,Delhi,1112,4,2,15,Semi
IN09491,Delhi,478,3,3,15,Semi
IN09492,Kolkata,1250,4,2,15,Unfurnished
IN09493,Kolkata,1387,1,2,15,Furnished
IN09494,Chennai,1435,3,3,15.45,Unfurnished
IN09495,Hyderabad,1657,1,2,15,Semi
IN09496,Mumbai,772,4,3,15,Semi
IN09497,Kolkata,1038,4,1,18.48,Unfurnished
IN09498,Mumbai,451,2,2,15,Unfurnished
IN09499,Chennai,888,3,2,15,Semi
IN09500,Mumbai,831,4,2,15,Furnished
IN09501,Chennai,979,2,2,15,Unfurnished
IN09502,Mumbai,1816,2,2,20.21,Semi
IN09503,Chennai,979,3,1,15,Furnished
IN09504,Mumbai,1923,2,2,25.13,Unfurnished
IN09505,Chennai,1226,3,3,18.54,Unfurnished
IN09506,Bangalore,721,3,2,15,Semi
IN09507,Chennai,1415,1,3,18.21,Unfurnished
IN09508,Mumbai,1205,3,3,15,Furnished
IN09509,Bangalore,748,1,1,15,Semi
IN09510,Bangalore,1900,4,1,15,Semi
IN09511,Mumbai,1222,1,2,15.02,Furnished
IN09512,Delhi,1432,1,1,15,Unfurnished
IN09513,Kolkata,316,2,1,15,Furnished
IN09514,Chennai,300,1,2,15,Furnished
IN09515,Delhi,1904,2,2,18.08,Unfurnished
IN09516,Delhi,704,2,1,15,Semi
IN09517,Mumbai,532,1,2,15,Semi
IN09518,Hyderabad,794,2,2,15,Semi
IN09519,Kolkata,1082,2,2,15,Semi
IN09520,Bangalore,1050,1,2,16.17,Furnished
IN09521,Mumbai,835,2,2,15,Unfurnished
IN09522,Hyderabad,769,3,2,15,Semi
IN09523,Kolkata,1328,1,3,21.74,Semi
IN09524,Delhi,1258,3,1,16.96,Unfurnished
IN09525,Delhi,585,3,3,15,Unfurnished
IN09526,Mumbai,1449,1,1,26.06,Furnished
IN09527,Delhi,1083,4,2,15,Furnished
IN09528,Hyderabad,373,2,3,15,Unfurnished
IN09529,Mumbai,1269,1,2,15,Furnished
IN09530,Bangalore,1624,1,2,27.18,Furnished
IN09531,Kolkata,891,4,3,15,Unfurnished
IN09532,Delhi,1208,2,1,15,Unfurnished
IN09533,Kolkata,1554,4,3,15,Semi
IN09534,Chennai,1163,4,2,15.63,Furnished
IN09535,Bangalore,587,1,1,15,Unfurnished
IN09536,Hyderabad,714,2,1,15,Unfurnished
IN09537,Delhi,924,3,2,15,Semi
IN09538,Kolkata,300,1,2,15,Semi
IN09539,Delhi,300,3,2,15,Semi
IN09540,Kolkata,1210,2,3,16.97,Unfurnished
IN09541,Bangalore,953,3,1,15,Furnished
IN09542,Hyderabad,1357,3,1,15,Furnished
IN09543,Chennai,661,3,2,15,Semi
IN09544,Chennai,2431,1,3,30.98,Unfurnished
IN09545,Kolkata,357,1,1,15,Furnished
IN09546,Chennai,456,1,2,15,Furnished
IN09547,Chennai,1177,3,1,20.5,Unfurnished
IN09548,Kolkata,1565,3,1,25.0,Furnished
IN09549,Delhi,923,3,2,16.59,Furnished
IN09550,Hyderabad,1263,3,3,15,Unfurnished
IN09551,Mumbai,1888,2,2,21.81,Furnished
IN09552,Mumbai,1494,3,2,20.38,Furnished
IN09553,Chennai,1718,3,2,25.8,Semi
IN09554,Chennai,628,3,3,15,Furnished
IN09555,Delhi,2270,2,3,17.46,Furnished
IN09556,Hyderabad,499,3,2,15,Furnished
IN09557,Hyderabad,1662,2,1,15,Unfurnished
IN09558,Hyderabad,1528,3,2,22.32,Furnished
IN09559,Kolkata,300,1,1,15,Unfurnished
IN09560,Delhi,536,3,2,15,Unfurnished
IN09561,Chennai,1861,4,2,20.01,Furnished
IN09562,Delhi,1259,2,3,15.39,Semi
IN09563,Chennai,300,3,3,15,Unfurnished
IN09564,Chennai,1028,3,2,15,Furnished
IN09565,Hyderabad,1023,3,1,15,Unfurnished
IN09566,Delhi,876,3,2,15,Unfurnished
IN09567,Bangalore,1760,1,3,24.58,Semi
IN09568,Kolkata,825,4,2,15,Unfurnished
IN09569,Hyderabad,962,3,1,15,Unfurnished
IN09570,Kolkata,874,1,2,18.77,Semi
IN09571,Hyderabad,1608,2,1,24.08,Unfurnished
IN09572,Mumbai,1218,1,1,21.48,Semi
IN09573,Kolkata,748,2,2,15,Furnished
IN09574,Bangalore,1779,3,2,21.35,Unfurnished
IN09575,Kolkata,803,1,3,15,Semi
IN09576,Chennai,936,2,2,15,Semi
IN09577,Kolkata,670,1,3,15,Semi
IN09578,Mumbai,1488,2,2,19.95,Furnished
IN09579,Kolkata,1251,3,2,18.31,Semi
IN09580,Delhi,1309,4,1,21.65,Unfurnished
IN09581,Hyderabad,973,4,1,17.03,Semi
IN09582,Chennai,417,2,2,15,Unfurnished
IN09583,Chennai,908,1,2,15,Unfurnished
IN09584,Delhi,2465,4,3,42.24,Unfurnished
IN09585,Hyderabad,972,3,1,15,Furnished
IN09586,Bangalore,1406,1,2,21.05,Furnished
IN09587,Hyderabad,1478,3,1,24.71,Unfurnished
IN09588,Hyderabad,1369,2,2,15,Unfurnished
IN09589,Mumbai,582,2,1,15,Semi
IN09590,Chennai,1196,3,3,15,Unfurnished
IN09591,Bangalore,1071,3,3,15,Unfurnished
IN09592,Chennai,1289,2,3,15,Semi
IN09593,Delhi,1550,4,3,23.94,Semi
IN09594,Hyderabad,671,2,1,15,Unfurnished
IN09595,Kolkata,806,3,2,15,Furnished
IN09596,Kolkata,994,3,2,18.15,Semi
IN09597,Delhi,1380,2,3,19.19,Semi
IN09598,Hyderabad,538,3,3,15,Semi
IN09599,Chennai,1227,1,3,15,Unfurnished
IN09600,Delhi,1412,1,3,20.72,Unfurnished
IN09601,Kolkata,796,3,1,15,Semi
IN09602,Kolkata,1179,2,2,16.77,Unfurnished
IN09603,Kolkata,1465,3,1,16.33,Unfurnished
IN09604,Chennai,636,4,2,15,Semi
IN09605,Delhi,979,4,3,15,Furnished
IN09606,Bangalore,910,2,2,15,Semi
IN09607,Hyderabad,1606,3,2,23.41,Unfurnished
IN09608,Mumbai,727,3,1,15,Furnished
IN09609,Delhi,1206,4,3,15,Unfurnished
IN09610,Mumbai,1497,2,3,15,Unfurnished
IN09611,Chennai,702,3,1,15,Furnished
IN09612,Chennai,1033,2,1,15,Furnished
IN09613,Kolkata,910,4,1,16.17,Semi
IN09614,Kolkata,1553,3,3,29.54,Unfurnished
IN09615,Chennai,1747,2,3,17.5,Furnished
IN09616,Chennai,854,3,2,15,Furnished
IN09617,Chennai,923,4,3,15,Unfurnished
IN09618,Kolkata,1221,2,2,15.04,Furnished
IN09619,Kolkata,891,2,2,15,Furnished
IN09620,Delhi,854,2,2,15,Furnished
IN09621,Hyderabad,632,3,2,15,Furnished
IN09622,Kolkata,879,2,3,15,Semi
IN09623,Kolkata,473,2,2,15,Semi
IN09624,Hyderabad,1385,1,1,15,Semi
IN09625,Delhi,1473,4,2,27.09,Furnished
IN09626,Hyderabad,1353,4,2,19.03,Furnished
IN09627,Delhi,1552,2,1,15,Semi
IN09628,Mumbai,959,3,2,15,Unfurnished
IN09629,Bangalore,1034,2,3,15,Semi
IN09630,Delhi,590,3,2,15,Unfurnished
IN09631,Mumbai,769,1,2,15,Semi
IN09632,Hyderabad,1348,2,3,15,Unfurnished
IN09633,Hyderabad,1458,2,2,33.25,Unfurnished
IN09634,Kolkata,1180,3,1,15,Furnished
IN09635,Mumbai,873,1,2,15,Semi
IN09636,Kolkata,1988,4,2,30.23,Unfurnished
IN09637,Chennai,1105,3,2,15,Furnished
IN09638,Chennai,1212,3,1,17.24,Furnished
IN09639,Delhi,1486,3,1,25.63,Unfurnished
IN09640,Bangalore,615,2,2,15,Unfurnished
IN09641,Kolkata,333,1,2,15,Semi
IN09642,Delhi,681,3,1,15,Semi
IN09643,Delhi,1117,3,1,16.28,Semi
IN09644,Chennai,1034,2,1,15,Furnished
IN09645,Mumbai,1625,2,3,15,Semi
IN09646,Mumbai,300,1,2,15,Semi
IN09647,Kolkata,985,3,1,15,Unfurnished
IN09648,Hyderabad,1362,2,2,16.65,Furnished
IN09649,Kolkata,1164,1,3,15,Semi
IN09650,Kolkata,1649,1,2,31.29,Semi
IN09651,Kolkata,1608,3,1,20.39,Furnished
IN09652,Mumbai,1698,1,1,22.68,Furnished
IN09653,Delhi,1446,3,2,15,Semi
IN09654,Kolkata,744,2,1,15,Furnished
IN09655,Delhi,744,1,1,15,Furnished
IN09656,Bangalore,1002,2,2,15,Furnished
IN09657,Chennai,1657,3,2,18.82,Unfurnished
IN09658,Kolkata,536,4,2,15,Furnished
IN09659,Delhi,634,3,2,15,Semi
IN09660,Bangalore,640,3,2,15,Unfurnished
IN09661,Delhi,604,3,2,15,Furnished
IN09662,Bangalore,550,1,1,15,Furnished
IN09663,Bangalore,1040,3,2,15,Semi
IN09664,Kolkata,1952,3,2,25.59,Semi
IN09665,Chennai,1005,3,2,15,Unfurnished
IN09666,Chennai,2049,3,2,15,Unfurnished
IN09667,Bangalore,1289,1,3,23.47,Unfurnished
IN09668,Hyderabad,1169,2,1,20.85,Semi
IN09669,Bangalore,1335,2,1,20.57,Furnished
IN09670,Mumbai,977,2,2,15,Unfurnished
IN09671,Mumbai,922,2,3,17.97,Semi
IN09672,Mumbai,1192,2,3,15.09,Semi
IN09673,Chennai,828,2,2,15,Furnished
IN09674,Mumbai,1346,3,3,15.02,Unfurnished
IN09675,Hyderabad,1893,3,1,28.1,Unfurnished
IN09676,Mumbai,1015,2,3,15.71,Semi
IN09677,Hyderabad,641,2,3,15,Semi
IN09678,Bangalore,1261,3,3,15.07,Semi
IN09679,Bangalore,1582,2,2,23.74,Unfurnished
IN09680,Chennai,300,3,2,15,Furnished
IN09681,Mumbai,1752,3,1,26.32,Furnished
IN09682,Mumbai,615,3,3,15,Unfurnished
IN09683,Kolkata,342,4,2,15,Unfurnished
IN09684,Mumbai,1335,1,2,15,Furnished
IN09685,Bangalore,970,3,3,15,Furnished
IN09686,Chennai,861,3,2,17.45,Unfurnished
IN09687,Chennai,534,3,2,15,Semi
IN09688,Hyderabad,1548,1,2,18.93,Furnished
IN09689,Delhi,1203,2,2,15,Furnished
IN09690,Mumbai,648,2,2,15,Unfurnished
IN09691,Kolkata,1754,3,2,19.52,Unfurnished
IN09692,Kolkata,563,1,1,15,Unfurnished
IN09693,Delhi,463,3,2,15,Furnished
IN09694,Kolkata,400,4,3,15,Unfurnished
IN09695,Delhi,534,2,2,15,Semi
IN09696,Chennai,1830,4,2,15,Furnished
IN09697,Kolkata,1304,2,3,19.13,Furnished
IN09698,Chennai,1214,3,3,15.26,Semi
IN09699,Delhi,300,3,2,15,Semi
IN09700,Mumbai,1602,4,2,19.36,Unfurnished
IN09701,Bangalore,1642,1,3,15,Furnished
IN09702,Chennai,1281,2,3,15,Furnished
IN09703,Kolkata,308,1,1,15,Unfurnished
IN09704,Mumbai,698,4,3,15,Furnished
IN09705,Mumbai,1086,3,2,15,Furnished
IN09706,Chennai,1044,1,2,15.95,Unfurnished
IN09707,Hyderabad,300,3,2,15,Unfurnished
IN09708,Mumbai,532,2,1,15,Semi
IN09709,Delhi,1433,4,2,15,Unfurnished
IN09710,Delhi,1391,3,2,15,Unfurnished
IN09711,Hyderabad,1170,2,2,15,Furnished
IN09712,Delhi,1390,2,3,17.03,Unfurnished
IN09713,Kolkata,1016,3,2,15,Unfurnished
IN09714,Mumbai,1035,2,3,15,Semi
IN09715,Chennai,744,1,1,15,Unfurnished
IN09716,Delhi,876,3,2,15,Unfurnished
IN09717,Hyderabad,1197,2,1,17.21,Unfurnished
IN09718,Bangalore,906,3,3,15,Furnished
IN09719,Chennai,2057,2,3,31.77,Furnished
IN09720,Mumbai,1651,3,3,22.47,Furnished
IN09721,Hyderabad,1290,2,2,16.38,Furnished
IN09722,Mumbai,841,2,3,16.63,Unfurnished
IN09723,Hyderabad,1555,1,1,32.55,Semi
IN09724,Mumbai,1482,4,3,19.78,Unfurnished
IN09725,Kolkata,1186,2,3,15,Furnished
IN09726,Mumbai,1735,2,2,26.13,Furnished
IN09727,Chennai,1430,4,2,19.04,Unfurnished
IN09728,Hyderabad,1266,4,2,18.01,Semi
IN09729,Mumbai,871,3,2,15,Semi
IN09730,Bangalore,1053,3,1,20.59,Furnished
IN09731,Chennai,574,4,3,15,Unfurnished
IN09732,Bangalore,525,1,2,15,Unfurnished
IN09733,Hyderabad,749,3,1,15,Unfurnished
IN09734,Hyderabad,1412,2,2,17.19,Furnished
IN09735,Kolkata,1638,2,2,19.06,Furnished
IN09736,Chennai,955,3,2,15,Furnished
IN09737,Mumbai,797,2,3,15,Unfurnished
IN09738,Kolkata,1740,1,3,35.29,Furnished
IN09739,Hyderabad,300,3,1,15,Furnished
IN09740,Mumbai,790,3,2,15,Semi
IN09741,Kolkata,621,2,3,15,Furnished
IN09742,Chennai,878,1,3,15,Semi
IN09743,Bangalore,1851,1,1,26.78,Semi
IN09744,Kolkata,979,1,2,15,Semi
IN09745,Kolkata,1016,3,3,15,Furnished
IN09746,Chennai,1061,3,2,15,Unfurnished
IN09747,Kolkata,1511,2,2,31.33,Unfurnished
IN09748,Delhi,791,3,1,15,Semi
IN09749,Mumbai,1197,3,3,18.47,Furnished
IN09750,Bangalore,586,4,1,15,Semi
IN09751,Mumbai,2041,2,3,16.2,Semi
IN09752,Hyderabad,1144,3,2,15,Unfurnished
IN09753,Bangalore,1382,4,3,22.66,Unfurnished
IN09754,Delhi,1264,2,2,15,Unfurnished
IN09755,Chennai,907,3,2,15,Semi
IN09756,Hyderabad,1546,3,1,15,Unfurnished
IN09757,Chennai,1436,3,2,15,Furnished
IN09758,Bangalore,1072,4,2,15,Furnished
IN09759,Bangalore,300,2,3,15,Semi
IN09760,Delhi,1551,1,3,15,Unfurnished
IN09761,Mumbai,1703,4,2,32.61,Unfurnished
IN09762,Hyderabad,1305,4,2,15,Semi
IN09763,Bangalore,1044,3,2,15,Unfurnished
IN09764,Hyderabad,1247,1,3,15.63,Furnished
IN09765,Bangalore,1059,3,1,15,Furnished
IN09766,Chennai,1166,4,2,18.37,Unfurnished
IN09767,Delhi,1684,3,3,21.9,Unfurnished
IN09768,Delhi,979,3,3,15,Unfurnished
IN09769,Chennai,1967,3,2,29.05,Furnished
IN09770,Mumbai,1341,2,1,15,Furnished
IN09771,Delhi,430,2,2,15,Furnished
IN09772,Chennai,1342,2,2,20.46,Semi
IN09773,Kolkata,477,2,2,15,Unfurnished
IN09774,Delhi,656,2,2,15,Semi
IN09775,Kolkata,1166,3,2,20.8,Semi
IN09776,Delhi,1655,4,3,19.48,Unfurnished
IN09777,Delhi,1220,4,3,15,Semi
IN09778,Chennai,551,3,2,15,Unfurnished
IN09779,Kolkata,1208,3,2,22.0,Furnished
IN09780,Kolkata,1016,2,3,19.94,Furnished
IN09781,Kolkata,1420,2,3,16.63,Unfurnished
IN09782,Delhi,621,1,2,15,Semi
IN09783,Kolkata,999,1,3,15,Unfurnished
IN09784,Bangalore,1359,2,3,15,Semi
IN09785,Delhi,2106,3,3,34.53,Semi
IN09786,Kolkata,967,3,2,15,Semi
IN09787,Mumbai,756,3,3,15,Unfurnished
IN09788,Bangalore,1083,2,2,15,Semi
IN09789,Mumbai,1728,3,3,27.33,Unfurnished
IN09790,Hyderabad,1021,3,3,18.86,Semi
IN09791,Mumbai,817,2,2,15,Unfurnished
IN09792,Mumbai,314,3,2,15,Furnished
IN09793,Chennai,785,3,2,15,Unfurnished
IN09794,Delhi,1487,3,1,15,Semi
IN09795,Hyderabad,973,3,2,15.41,Furnished
IN09796,Hyderabad,409,4,3,15,Unfurnished
IN09797,Hyderabad,2583,3,3,24.91,Semi
IN09798,Bangalore,1411,3,1,15,Unfurnished
IN09799,Bangalore,816,3,2,15,Semi
IN09800,Mumbai,789,3,1,15,Semi
IN09801,Delhi,552,1,2,15,Unfurnished
IN09802,Delhi,1769,3,2,16.61,Furnished
IN09803,Kolkata,861,2,1,15,Furnished
IN09804,Chennai,452,2,3,15,Unfurnished
IN09805,Hyderabad,1892,1,2,22.33,Unfurnished
IN09806,Chennai,760,3,2,15,Unfurnished
IN09807,Kolkata,780,4,2,15,Semi
IN09808,Mumbai,1361,2,3,15,Unfurnished
IN09809,Bangalore,435,2,1,15,Unfurnished
IN09810,Hyderabad,1327,3,3,15,Unfurnished
IN09811,Bangalore,1375,1,3,15,Semi
IN09812,Kolkata,429,1,2,15,Unfurnished
IN09813,Chennai,1565,1,1,15,Furnished
IN09814,Bangalore,1111,2,1,27.34,Semi
IN09815,Bangalore,300,2,2,15,Furnished
IN09816,Kolkata,2119,3,3,23.22,Semi
IN09817,Bangalore,717,2,1,15,Semi
IN09818,Kolkata,1063,3,1,15,Semi
IN09819,Mumbai,478,2,1,15,Semi
IN09820,Kolkata,863,2,1,15,Semi
IN09821,Mumbai,1327,2,1,21.36,Furnished
IN09822,Chennai,1001,3,3,15,Furnished
IN09823,Mumbai,1135,4,2,15,Furnished
IN09824,Hyderabad,300,3,2,15,Unfurnished
IN09825,Mumbai,1572,2,2,15,Semi
IN09826,Chennai,1344,1,1,19.82,Furnished
IN09827,Delhi,1878,2,2,29.34,Semi
IN09828,Chennai,300,2,2,15,Unfurnished
IN09829,Chennai,954,4,3,15,Unfurnished
IN09830,Hyderabad,594,2,2,15,Furnished
IN09831,Hyderabad,1512,1,2,26.36,Unfurnished
IN09832,Kolkata,763,3,2,15,Semi
IN09833,Chennai,1189,2,3,15,Unfurnished
IN09834,Bangalore,1191,2,1,15,Furnished
IN09835,Kolkata,1260,3,2,15,Unfurnished
IN09836,Delhi,1419,3,2,15.43,Furnished
IN09837,Kolkata,945,1,2,15,Semi
IN09838,Delhi,824,3,2,15,Furnished
IN09839,Chennai,1597,3,1,15.64,Furnished
IN09840,Kolkata,1940,1,2,40.05,Semi
IN09841,Delhi,969,4,2,15,Semi
IN09842,Chennai,1105,2,2,15,Unfurnished
IN09843,Delhi,1107,2,2,19.63,Furnished
IN09844,Chennai,876,4,1,15.34,Semi
IN09845,Hyderabad,877,2,2,15,Semi
IN09846,Kolkata,963,2,2,15.57,Furnished
IN09847,Delhi,1200,3,1,15,Furnished
IN09848,Delhi,993,2,1,15,Unfurnished
IN09849,Mumbai,1902,2,1,16.8,Furnished
IN09850,Mumbai,1599,2,2,15,Semi
IN09851,Kolkata,1149,2,2,15,Semi
IN09852,Chennai,1549,3,1,17.3,Unfurnished
IN09853,Hyderabad,500,3,2,15,Semi
IN09854,Bangalore,1072,2,2,15,Semi
IN09855,Chennai,1559,2,3,17.13,Furnished
IN09856,Chennai,1867,3,3,27.76,Unfurnished
IN09857,Mumbai,945,3,2,15,Semi
IN09858,Chennai,1313,2,1,23.11,Furnished
IN09859,Chennai,362,2,3,15,Furnished
IN09860,Kolkata,1059,2,2,15,Unfurnished
IN09861,Mumbai,1118,3,1,15,Furnished
IN09862,Hyderabad,1614,1,3,15.32,Furnished
IN09863,Kolkata,960,3,1,15,Semi
IN09864,Bangalore,1117,4,2,18.78,Unfurnished
IN09865,Hyderabad,1165,2,1,16.45,Furnished
IN09866,Chennai,906,3,3,15.39,Unfurnished
IN09867,Kolkata,1259,3,3,15,Furnished
IN09868,Bangalore,1820,4,2,18.5,Semi
IN09869,Hyderabad,680,1,1,15,Unfurnished
IN09870,Kolkata,1206,4,3,15,Furnished
IN09871,Kolkata,1047,3,2,15,Semi
IN09872,Hyderabad,752,3,1,15,Semi
IN09873,Chennai,973,1,1,15,Semi
IN09874,Kolkata,894,4,2,15,Furnished
IN09875,Chennai,965,1,3,15.07,Semi
IN09876,Delhi,1116,2,1,16.81,Unfurnished
IN09877,Mumbai,1172,3,2,15.83,Furnished
IN09878,Delhi,685,3,1,15,Semi
IN09879,Hyderabad,300,4,2,15,Unfurnished
IN09880,Hyderabad,751,3,1,15,Unfurnished
IN09881,Delhi,1153,2,1,15,Furnished
IN09882,Delhi,1319,1,3,24.77,Semi
IN09883,Mumbai,465,4,3,15,Unfurnished
IN09884,Chennai,1407,2,2,23.97,Furnished
IN09885,Chennai,566,2,3,15,Unfurnished
IN09886,Delhi,640,4,1,15,Unfurnished
IN09887,Bangalore,1459,2,3,17.96,Furnished
IN09888,Chennai,620,4,1,15,Furnished
IN09889,Mumbai,399,2,1,15,Semi
IN09890,Delhi,1100,4,2,15,Unfurnished
IN09891,Chennai,1120,3,2,15,Unfurnished
IN09892,Mumbai,923,3,1,15,Unfurnished
IN09893,Hyderabad,385,2,1,15,Furnished
IN09894,Kolkata,1014,3,2,15,Furnished
IN09895,Chennai,1824,1,2,16.86,Semi
IN09896,Delhi,983,2,1,15,Semi
IN09897,Hyderabad,1209,2,3,15.03,Furnished
IN09898,Hyderabad,1678,4,2,15.26,Unfurnished
IN09899,Bangalore,952,4,2,15,Unfurnished
IN09900,Kolkata,1601,2,2,28.22,Unfurnished
IN09901,Mumbai,1654,4,2,17.38,Semi
IN09902,Bangalore,1254,2,3,21.25,Semi
IN09903,Chennai,1273,4,1,21.22,Unfurnished
IN09904,Delhi,559,3,1,15,Unfurnished
IN09905,Kolkata,1456,3,3,16.11,Furnished
IN09906,Chennai,1087,2,2,15,Furnished
IN09907,Delhi,519,3,2,15,Unfurnished
IN09908,Mumbai,1219,3,3,15,Unfurnished
IN09909,Hyderabad,894,2,2,15,Semi
IN09910,Kolkata,808,4,2,15,Furnished
IN09911,Chennai,971,3,2,15,Furnished
IN09912,Kolkata,1438,2,1,15,Unfurnished
IN09913,Delhi,906,2,1,15,Unfurnished
IN09914,Chennai,595,3,2,15,Unfurnished
IN09915,Kolkata,1056,3,3,15,Furnished
IN09916,Kolkata,1152,4,2,15,Unfurnished
IN09917,Chennai,610,1,2,15,Unfurnished
IN09918,Delhi,1239,3,3,18.97,Semi
IN09919,Mumbai,2186,2,2,15.73,Semi
IN09920,Kolkata,1177,2,3,15,Furnished
IN09921,Kolkata,1455,3,3,15.47,Unfurnished
IN09922,Bangalore,910,2,2,15,Unfurnished
IN09923,Chennai,433,2,3,15,Unfurnished
IN09924,Delhi,965,3,1,15,Semi
IN09925,Bangalore,783,3,2,15,Furnished
IN09926,Mumbai,532,4,1,15,Furnished
IN09927,Bangalore,1017,2,2,15,Unfurnished
IN09928,Chennai,1219,2,3,15,Semi
IN09929,Delhi,935,4,2,15,Unfurnished
IN09930,Mumbai,807,3,1,15,Unfurnished
IN09931,Chennai,704,4,2,15,Semi
IN09932,Hyderabad,463,3,2,15,Semi
IN09933,Chennai,1292,1,2,15,Furnished
IN09934,Chennai,351,1,2,15,Unfurnished
IN09935,Hyderabad,737,3,3,15,Unfurnished
IN09936,Kolkata,957,2,3,15,Semi
IN09937,Hyderabad,300,2,1,15,Semi
IN09938,Mumbai,300,3,2,15,Unfurnished
IN09939,Bangalore,1202,2,2,15,Unfurnished
IN09940,Chennai,966,4,2,15.66,Unfurnished
IN09941,Kolkata,1837,1,1,31.65,Furnished
IN09942,Chennai,1689,4,2,15.77,Unfurnished
IN09943,Hyderabad,1409,3,1,16.97,Semi
IN09944,Hyderabad,1617,4,3,28.64,Furnished
IN09945,Delhi,1252,3,3,15.38,Furnished
IN09946,Delhi,798,2,1,15,Unfurnished
IN09947,Chennai,1144,4,2,15,Furnished
IN09948,Chennai,307,3,3,15,Unfurnished
IN09949,Hyderabad,1738,2,2,19.81,Semi
IN09950,Kolkata,842,1,2,15,Unfurnished
IN09951,Kolkata,552,2,3,15,Unfurnished
IN09952,Mumbai,1220,2,2,15,Unfurnished
IN09953,Delhi,706,2,3,15,Semi
IN09954,Mumbai,769,2,3,15,Unfurnished
IN09955,Hyderabad,1077,1,1,15,Furnished
IN09956,Kolkata,973,3,2,15,Unfurnished
IN09957,Delhi,754,1,2,15,Furnished
IN09958,Mumbai,1506,2,1,22.58,Unfurnished
IN09959,Chennai,1584,1,3,21.91,Semi
IN09960,Mumbai,450,4,3,15,Unfurnished
IN09961,Chennai,505,3,1,15,Semi
IN09962,Mumbai,364,4,2,15,Semi
IN09963,Chennai,1164,2,2,24.09,Semi
IN09964,Chennai,1419,2,2,16.63,Unfurnished
IN09965,Bangalore,1268,3,2,16.15,Furnished
IN09966,Mumbai,922,4,2,15,Semi
IN09967,Mumbai,1212,1,1,16.25,Furnished
IN09968,Chennai,1513,4,2,15,Furnished
IN09969,Chennai,449,1,3,15,Furnished
IN09970,Chennai,637,2,3,15,Unfurnished
IN09971,Delhi,1083,4,2,16.92,Furnished
IN09972,Bangalore,598,3,1,15,Furnished
IN09973,Chennai,772,3,3,15,Unfurnished
IN09974,Kolkata,1140,3,2,15,Furnished
IN09975,Mumbai,841,3,3,15,Furnished
IN09976,Kolkata,422,3,3,15,Furnished
IN09977,Delhi,1354,3,2,18.85,Unfurnished
IN09978,Hyderabad,966,3,1,15,Unfurnished
IN09979,Kolkata,1025,3,2,15,Unfurnished
IN09980,Hyderabad,645,2,2,15,Semi
IN09981,Chennai,984,1,2,15,Semi
IN09982,Chennai,1366,2,1,15,Semi
IN09983,Chennai,1981,2,1,16.6,Furnished
IN09984,Delhi,1291,3,2,15,Semi
IN09985,Bangalore,1349,2,2,25.58,Unfurnished
IN09986,Mumbai,408,3,1,15,Unfurnished
IN09987,Chennai,1074,2,1,25.01,Furnished
IN09988,Kolkata,1957,2,2,28.15,Furnished
IN09989,Kolkata,1868,3,2,19.46,Furnished
IN09990,Chennai,694,4,3,15,Furnished
IN09991,Kolkata,1750,3,2,18.51,Furnished
IN09992,Mumbai,1524,3,3,20.74,Semi
IN09993,Kolkata,675,2,1,15,Unfurnished
IN09994,Delhi,1740,2,2,15,Semi
IN09995,Mumbai,611,4,3,15,Semi
IN09996,Delhi,1697,4,2,19.6,Unfurnished
IN09997,Kolkata,1043,4,2,15,Semi
IN09998,Mumbai,616,1,2,15,Semi
IN09999,Bangalore,1067,4,2,15,Semi
IN10000,Hyderabad,1184,1,2,15,Semi
IN10001,Mumbai,1413,2,1,24.67,Furnished
IN10002,Mumbai,1104,3,1,16.32,Unfurnished
IN10003,Mumbai,1187,2,3,15,Semi
IN10004,Chennai,714,2,2,15,Furnished
IN10005,Bangalore,1038,1,2,15.22,Semi
IN10006,Mumbai,1242,3,2,15,Furnished
IN10007,Delhi,889,3,2,17.03,Unfurnished
IN10008,Mumbai,1042,2,3,16.87,Semi
IN10009,Kolkata,859,2,2,15,Semi
IN10010,Chennai,595,2,1,15,Furnished
IN10011,Bangalore,1843,3,1,17.32,Semi
IN10012,Delhi,1808,4,1,17.86,Unfurnished
IN10013,Bangalore,541,4,3,15,Semi
IN10014,Delhi,1159,1,2,15,Unfurnished
IN10015,Delhi,1076,1,1,16.85,Unfurnished
IN10016,Mumbai,1151,2,1,15,Unfurnished
IN10017,Mumbai,534,2,3,15,Semi
IN10018,Chennai,900,3,1,15,Furnished
IN10019,Kolkata,1087,3,2,21.1,Furnished
IN10020,Delhi,1670,1,2,15.18,Semi
IN10021,Hyderabad,864,1,2,15,Semi
IN10022,Chennai,300,2,3,15,Unfurnished
IN10023,Hyderabad,1176,4,3,15,Unfurnished
IN10024,Bangalore,1979,4,3,38.89,Furnished
IN10025,Chennai,836,3,2,15,Semi
IN10026,Mumbai,1639,3,1,16.57,Semi
IN10027,Bangalore,779,4,3,15,Semi
IN10028,Bangalore,1074,3,2,19.59,Semi
IN10029,Delhi,812,4,2,15,Furnished
IN10030,Mumbai,1780,3,2,30.52,Unfurnished
IN10031,Bangalore,1550,1,1,16.23,Furnished
IN10032,Delhi,1166,3,3,15,Semi
IN10033,Delhi,723,2,1,15,Semi
IN10034,Mumbai,659,3,2,15,Semi
IN10035,Mumbai,1321,1,3,21.55,Furnished
IN10036,Kolkata,1500,3,3,15,Unfurnished
IN10037,Delhi,1416,3,2,19.87,Furnished
IN10038,Chennai,1580,4,2,15,Semi
IN10039,Delhi,2183,2,1,24.94,Furnished
IN10040,Delhi,629,4,2,15,Unfurnished
IN10041,Delhi,1237,3,2,15.81,Furnished
IN10042,Chennai,361,4,3,15,Furnished
IN10043,Mumbai,1051,1,2,15,Semi
IN10044,Kolkata,1867,3,3,30.76,Semi
IN10045,Delhi,1099,3,2,15,Furnished
IN10046,Kolkata,496,2,3,15,Semi
IN10047,Delhi,1051,2,3,15,Unfurnished
IN10048,Mumbai,972,4,3,15,Unfurnished
IN10049,Mumbai,397,2,2,15,Unfurnished
IN10050,Hyderabad,1382,2,2,16.94,Unfurnished
IN10051,Mumbai,1749,3,1,25.43,Furnished
IN10052,Hyderabad,1925,3,2,21.57,Furnished
IN10053,Hyderabad,938,1,1,15,Semi
IN10054,Chennai,1160,2,3,15,Semi
IN10055,Chennai,1958,3,2,24.43,Unfurnished
IN10056,Bangalore,1005,3,2,15.46,Furnished
IN10057,Delhi,801,3,1,15,Unfurnished
IN10058,Hyderabad,1118,3,1,15,Semi
IN10059,Mumbai,1976,3,3,19.13,Unfurnished
IN10060,Kolkata,1212,3,3,19.73,Unfurnished
IN10061,Chennai,1142,2,3,15,Semi
IN10062,Hyderabad,1478,4,2,30.52,Furnished
IN10063,Mumbai,300,2,2,15,Semi
IN10064,Hyderabad,758,4,2,15,Unfurnished
IN10065,Mumbai,1506,3,2,17.29,Unfurnished
IN10066,Chennai,508,3,2,15,Furnished
IN10067,Chennai,364,2,3,15,Unfurnished
IN10068,Kolkata,1343,2,3,15,Unfurnished
IN10069,Chennai,2280,2,1,28.55,Furnished
IN10070,Delhi,1303,1,1,20.96,Furnished
IN10071,Kolkata,1225,2,3,15,Semi
IN10072,Hyderabad,1442,4,2,19.34,Semi
IN10073,Chennai,437,3,3,15,Furnished
IN10074,Chennai,1339,1,2,17.53,Unfurnished
IN10075,Hyderabad,1004,2,3,15.94,Furnished
IN10076,Mumbai,1314,3,2,20.49,Furnished
IN10077,Delhi,1822,2,1,23.19,Semi
IN10078,Chennai,879,2,1,15,Semi
IN10079,Chennai,1067,2,2,18.02,Unfurnished
IN10080,Hyderabad,829,2,2,15,Furnished
IN10081,Hyderabad,1178,1,3,15.43,Unfurnished
IN10082,Kolkata,787,2,2,15,Semi
IN10083,Chennai,393,3,3,15,Unfurnished
IN10084,Chennai,2354,1,2,19.49,Furnished
IN10085,Delhi,1441,2,2,20.11,Furnished
IN10086,Hyderabad,827,1,2,15,Furnished
IN10087,Chennai,850,2,3,15,Semi
IN10088,Hyderabad,1309,2,2,16.01,Furnished
IN10089,Chennai,1755,2,2,34.78,Furnished
IN10090,Chennai,1202,3,3,15.05,Furnished
IN10091,Delhi,654,3,1,15,Semi
IN10092,Delhi,1253,4,3,15,Unfurnished
IN10093,Hyderabad,1971,3,2,24.99,Semi
IN10094,Delhi,327,2,2,15,Semi
IN10095,Hyderabad,1506,3,1,31.34,Furnished
IN10096,Chennai,595,3,3,15,Furnished
IN10097,Hyderabad,1094,1,3,15,Unfurnished
IN10098,Chennai,513,4,2,15,Unfurnished
IN10099,Bangalore,593,1,1,15,Semi
IN10100,Hyderabad,1045,2,2,15.56,Furnished
IN10101,Delhi,750,4,2,15,Furnished
IN10102,Hyderabad,1210,4,1,15,Unfurnished
IN10103,Delhi,1364,2,1,16.44,Semi
IN10104,Delhi,691,4,2,15,Unfurnished
IN10105,Mumbai,360,3,3,15,Unfurnished
IN10106,Hyderabad,2696,3,2,35.96,Semi
IN10107,Bangalore,1022,3,1,15,Semi
IN10108,Chennai,300,2,1,15,Unfurnished
IN10109,Delhi,1705,2,2,26.66,Unfurnished
IN10110,Delhi,1205,1,2,15,Furnished
IN10111,Delhi,300,3,1,15,Unfurnished
IN10112,Mumbai,1288,2,2,15,Unfurnished
IN10113,Hyderabad,1332,3,3,19.07,Unfurnished
IN10114,Chennai,1549,4,1,22.24,Furnished
IN10115,Bangalore,1092,3,2,16.24,Semi
IN10116,Kolkata,2385,2,3,22.6,Furnished
IN10117,Bangalore,1030,3,1,15,Semi
IN10118,Mumbai,1148,3,2,15.65,Furnished
IN10119,Hyderabad,616,3,2,15,Furnished
IN10120,Delhi,965,1,2,15,Semi
IN10121,Mumbai,1312,3,2,18.47,Unfurnished
IN10122,Delhi,742,1,2,15,Furnished
IN10123,Bangalore,854,4,2,15,Unfurnished
IN10124,Kolkata,2455,3,2,28.56,Furnished
IN10125,Bangalore,1661,2,1,15.94,Semi
IN10126,Bangalore,508,2,2,15,Semi
IN10127,Delhi,746,1,3,15,Furnished
IN10128,Hyderabad,1151,3,2,15,Unfurnished
IN10129,Chennai,1194,3,2,15,Unfurnished
IN10130,Kolkata,1060,2,2,15.75,Semi
IN10131,Chennai,2120,2,1,26.24,Semi
IN10132,Hyderabad,1145,3,3,18.05,Semi
IN10133,Mumbai,1334,4,2,16.28,Furnished
IN10134,Chennai,1405,2,3,28.67,Semi
IN10135,Bangalore,1479,3,3,22.07,Furnished
IN10136,Kolkata,1964,4,3,25.69,Semi
IN10137,Mumbai,1616,2,2,15,Furnished
IN10138,Mumbai,806,3,1,15,Unfurnished
IN10139,Chennai,1078,4,3,15,Furnished
IN10140,Kolkata,1501,4,1,15,Furnished
IN10141,Hyderabad,1163,1,3,15,Furnished
IN10142,Kolkata,996,1,2,16.37,Unfurnished
IN10143,Mumbai,858,1,3,15,Furnished
IN10144,Mumbai,1214,3,2,22.72,Semi
IN10145,Hyderabad,942,3,2,15,Semi
IN10146,Bangalore,1782,4,2,31.88,Semi
IN10147,Mumbai,1124,4,2,15,Unfurnished
IN10148,Delhi,582,3,2,15,Semi
IN10149,Chennai,1729,4,2,19.26,Furnished
IN10150,Chennai,391,2,1,15,Furnished
IN10151,Mumbai,1312,2,2,15,Furnished
IN10152,Hyderabad,853,2,2,15,Unfurnished
IN10153,Mumbai,895,2,1,15,Furnished
IN10154,Bangalore,925,2,1,15.22,Semi
IN10155,Kolkata,1299,4,2,15,Furnished
IN10156,Mumbai,1113,4,2,15,Semi
IN10157,Chennai,1139,3,3,19.19,Unfurnished
IN10158,Chennai,1733,2,3,21.43,Unfurnished
IN10159,Delhi,1523,4,3,22.92,Semi
IN10160,Mumbai,2053,1,2,29.48,Furnished
IN10161,Bangalore,870,3,2,15.37,Semi
IN10162,Delhi,433,4,3,15,Semi
IN10163,Chennai,1325,2,2,15,Semi
IN10164,Hyderabad,466,2,2,15,Furnished
IN10165,Delhi,300,1,3,15,Furnished
IN10166,Bangalore,1221,2,3,20.66,Unfurnished
IN10167,Hyderabad,753,1,1,15,Furnished
IN10168,Chennai,963,1,1,15,Unfurnished
IN10169,Chennai,1068,1,2,17.23,Furnished
IN10170,Hyderabad,1262,3,2,15,Unfurnished
IN10171,Delhi,740,2,2,15,Furnished
IN10172,Bangalore,948,3,3,17.19,Semi
IN10173,Delhi,779,2,2,15,Semi
IN10174,Kolkata,2524,1,2,35.45,Unfurnished
IN10175,Delhi,967,2,2,15.05,Unfurnished
IN10176,Mumbai,2047,2,2,30.24,Unfurnished
IN10177,Delhi,1289,2,1,20.65,Furnished
IN10178,Hyderabad,524,3,2,15,Unfurnished
IN10179,Chennai,1274,4,3,15,Semi
IN10180,Delhi,1793,3,3,18.62,Semi
IN10181,Chennai,927,4,2,15,Furnished
IN10182,Bangalore,1657,3,1,19.13,Unfurnished
IN10183,Hyderabad,1181,2,2,15.69,Unfurnished
IN10184,Delhi,1243,4,2,21.22,Semi
IN10185,Kolkata,1192,2,1,15,Semi
IN10186,Delhi,641,2,2,15,Semi
IN10187,Delhi,713,2,2,15,Unfurnished
IN10188,Bangalore,1090,2,3,15,Furnished
IN10189,Kolkata,1320,1,2,22.3,Unfurnished
IN10190,Kolkata,1388,3,1,20.85,Semi
IN10191,Chennai,1675,1,3,15,Furnished
IN10192,Mumbai,300,1,3,15,Unfurnished
IN10193,Bangalore,1549,4,2,15,Furnished
IN10194,Hyderabad,567,3,3,15,Semi
IN10195,Hyderabad,1063,3,2,15,Semi
IN10196,Chennai,456,4,2,15,Unfurnished
IN10197,Kolkata,651,1,1,15,Semi
IN10198,Delhi,1206,2,3,15,Unfurnished
IN10199,Hyderabad,695,2,1,15,Furnished
IN10200,Mumbai,1164,2,3,17.19,Furnished
IN10201,Chennai,1510,3,3,21.24,Unfurnished
IN10202,Hyderabad,641,4,2,15,Semi
IN10203,Chennai,300,2,2,15,Semi
IN10204,Hyderabad,1962,3,2,33.77,Unfurnished
IN10205,Chennai,979,3,2,15,Unfurnished
IN10206,Kolkata,990,1,3,15,Unfurnished
IN10207,Delhi,1533,3,1,18.63,Semi
IN10208,Mumbai,955,3,2,15.2,Furnished
IN10209,Chennai,1675,3,2,15.63,Unfurnished
IN10210,Delhi,1386,4,3,15,Furnished
IN10211,Hyderabad,1010,3,1,15,Unfurnished
IN10212,Mumbai,1470,3,1,19.55,Unfurnished
IN10213,Bangalore,1517,3,1,16.06,Semi
IN10214,Bangalore,1429,2,1,25.66,Unfurnished
IN10215,Chennai,710,2,3,15,Unfurnished
IN10216,Mumbai,716,3,1,15,Unfurnished
IN10217,Kolkata,1690,2,1,15,Furnished
IN10218,Hyderabad,2014,3,3,21.43,Furnished
IN10219,Hyderabad,1269,2,1,15,Semi
IN10220,Chennai,1004,2,2,15,Furnished
IN10221,Bangalore,1124,1,3,15,Unfurnished
IN10222,Bangalore,1570,1,3,15,Unfurnished
IN10223,Bangalore,931,4,2,15,Semi
IN10224,Chennai,1167,4,2,21.65,Furnished
IN10225,Chennai,2030,3,3,26.46,Furnished
IN10226,Mumbai,695,3,2,15,Furnished
IN10227,Kolkata,1344,1,2,15,Furnished
IN10228,Chennai,1251,3,2,15,Semi
IN10229,Bangalore,597,2,2,15,Furnished
IN10230,Delhi,1018,4,2,15.69,Furnished
IN10231,Chennai,1379,2,3,15,Semi
IN10232,Hyderabad,982,4,2,15,Furnished
IN10233,Delhi,491,1,2,15,Furnished
IN10234,Bangalore,632,3,1,15,Semi
IN10235,Chennai,924,4,1,15,Furnished
IN10236,Delhi,456,2,2,15,Semi
IN10237,Kolkata,854,2,2,15,Furnished
IN10238,Bangalore,1233,3,2,17.0,Unfurnished
IN10239,Delhi,1257,2,3,15,Unfurnished
IN10240,Hyderabad,1445,3,2,17.49,Furnished
IN10241,Kolkata,1087,4,1,15,Semi
IN10242,Kolkata,1563,4,1,35.43,Furnished
IN10243,Kolkata,691,2,2,15,Semi
IN10244,Delhi,310,1,1,15,Unfurnished
IN10245,Hyderabad,1303,3,2,16.53,Furnished
IN10246,Bangalore,570,1,2,15,Furnished
IN10247,Kolkata,825,2,1,15,Furnished
IN10248,Mumbai,1785,1,2,22.23,Unfurnished
IN10249,Kolkata,1397,2,1,22.79,Unfurnished
IN10250,Kolkata,876,1,2,15,Unfurnished
IN10251,Kolkata,889,2,1,15,Semi
IN10252,Chennai,910,4,2,15,Semi
IN10253,Chennai,666,4,2,15,Unfurnished
IN10254,Hyderabad,1286,4,1,20.34,Furnished
IN10255,Delhi,1030,2,2,17.78,Semi
IN10256,Delhi,1683,1,3,20.02,Semi
IN10257,Mumbai,1227,4,2,19.16,Furnished
IN10258,Kolkata,1466,3,3,15,Semi
IN10259,Delhi,1197,2,2,16.8,Furnished
IN10260,Hyderabad,1370,3,2,15,Unfurnished
IN10261,Hyderabad,1256,4,1,17.23,Unfurnished
IN10262,Mumbai,641,2,2,15,Semi
IN10263,Kolkata,1498,3,3,24.0,Furnished
IN10264,Hyderabad,1156,4,2,15,Unfurnished
IN10265,Bangalore,1359,1,3,29.05,Semi
IN10266,Hyderabad,1090,1,2,15,Furnished
IN10267,Bangalore,1669,2,3,32.94,Unfurnished
IN10268,Hyderabad,1497,3,1,15,Semi
IN10269,Bangalore,1585,2,1,15,Semi
IN10270,Chennai,300,3,2,15,Furnished
IN10271,Chennai,1706,3,2,15,Unfurnished
IN10272,Kolkata,777,3,2,15,Furnished
IN10273,Chennai,1471,2,1,15,Semi
IN10274,Hyderabad,1227,2,2,15.81,Semi
IN10275,Kolkata,1438,2,2,17.15,Furnished
IN10276,Chennai,1459,4,3,20.64,Unfurnished
IN10277,Hyderabad,1481,2,3,15,Unfurnished
IN10278,Chennai,300,2,1,15,Unfurnished
IN10279,Delhi,1050,1,2,17.22,Furnished
IN10280,Kolkata,1157,2,2,23.51,Unfurnished
IN10281,Mumbai,1075,3,2,15,Furnished
IN10282,Chennai,1101,4,2,15,Semi
IN10283,Bangalore,834,2,1,15,Unfurnished
IN10284,Kolkata,835,2,2,15,Unfurnished
IN10285,Delhi,815,1,2,15,Furnished
IN10286,Delhi,1191,3,1,15,Unfurnished
IN10287,Bangalore,678,3,2,15,Furnished
IN10288,Bangalore,1405,3,2,15,Semi
IN10289,Kolkata,761,3,2,15,Unfurnished
IN10290,Mumbai,726,4,3,15,Unfurnished
IN10291,Kolkata,1700,4,1,19.8,Semi
IN10292,Delhi,1037,2,3,15,Furnished
IN10293,Chennai,1619,3,2,19.15,Furnished
IN10294,Kolkata,703,3,3,15,Furnished
IN10295,Hyderabad,1105,3,1,21.7,Semi
IN10296,Mumbai,904,2,1,15,Semi
IN10297,Kolkata,490,2,2,15,Unfurnished
IN10298,Chennai,1683,2,2,28.91,Unfurnished
IN10299,Delhi,787,2,2,15.85,Furnished
IN10300,Mumbai,300,2,2,15,Semi
IN10301,Hyderabad,1213,1,2,17.05,Furnished
IN10302,Delhi,1598,3,2,23.2,Furnished
IN10303,Bangalore,1053,3,3,15,Unfurnished
IN10304,Delhi,1958,3,3,22.72,Semi
IN10305,Kolkata,1638,3,2,15,Furnished
IN10306,Hyderabad,1244,1,2,24.52,Furnished
IN10307,Hyderabad,1575,2,2,18.2,Unfurnished
IN10308,Kolkata,1122,2,3,15,Semi
IN10309,Chennai,1072,3,2,15,Furnished
IN10310,Bangalore,1928,1,3,27.09,Furnished
IN10311,Bangalore,300,3,2,15,Furnished
IN10312,Delhi,886,2,2,15,Unfurnished
IN10313,Mumbai,1259,4,1,15,Furnished
IN10314,Hyderabad,1178,3,1,15,Semi
IN10315,Bangalore,1702,2,3,15,Furnished
IN10316,Chennai,1217,3,3,17.58,Unfurnished
IN10317,Bangalore,300,1,3,15,Furnished
IN10318,Kolkata,1318,4,1,15.3,Unfurnished
IN10319,Mumbai,300,4,3,15,Furnished
IN10320,Delhi,1755,1,1,15,Semi
IN10321,Kolkata,1203,2,2,15,Unfurnished
IN10322,Hyderabad,903,3,2,15,Semi
IN10323,Mumbai,1099,4,2,15,Semi
IN10324,Chennai,1024,2,3,15,Furnished
IN10325,Mumbai,1271,1,2,25.85,Furnished
IN10326,Delhi,1790,3,1,17.56,Unfurnished
IN10327,Bangalore,697,3,1,15,Semi
IN10328,Kolkata,1498,2,2,15,Furnished
IN10329,Chennai,833,3,2,15,Unfurnished
IN10330,Chennai,1331,2,2,17.28,Semi
IN10331,Hyderabad,1671,4,1,20.71,Semi
IN10332,Delhi,1596,3,3,15,Semi
IN10333,Chennai,1326,2,3,16.55,Semi
IN10334,Delhi,1220,2,1,15,Furnished
IN10335,Chennai,1534,3,2,15,Furnished
IN10336,Mumbai,988,1,2,18.94,Unfurnished
IN10337,Hyderabad,1187,3,1,15,Furnished
IN10338,Bangalore,1367,2,2,28.5,Unfurnished
IN10339,Mumbai,836,4,1,15,Unfurnished
IN10340,Chennai,1093,3,3,15,Semi
IN10341,Chennai,516,1,2,15,Furnished
IN10342,Bangalore,1312,3,3,15,Semi
IN10343,Hyderabad,613,3,2,15,Semi
IN10344,Delhi,300,3,2,15,Furnished
IN10345,Delhi,1449,3,2,35.07,Unfurnished
IN10346,Hyderabad,1763,4,1,21.36,Unfurnished
IN10347,Chennai,624,2,1,15,Furnished
IN10348,Chennai,1169,3,2,15,Furnished
IN10349,Delhi,1206,2,3,15,Unfurnished
IN10350,Bangalore,626,1,2,15,Semi
IN10351,Chennai,1102,3,2,15.59,Semi
IN10352,Chennai,300,1,2,15,Semi
IN10353,Bangalore,595,2,3,15,Unfurnished
IN10354,Mumbai,1173,4,2,15,Unfurnished
IN10355,Delhi,431,4,2,15,Semi
IN10356,Kolkata,597,4,1,15,Unfurnished
IN10357,Mumbai,768,2,2,15,Semi
IN10358,Kolkata,1439,3,3,15,Unfurnished
IN10359,Delhi,878,2,3,15.76,Unfurnished
IN10360,Delhi,1390,4,1,15,Unfurnished
IN10361,Hyderabad,1262,2,3,21.21,Unfurnished
IN10362,Bangalore,1375,4,1,17.52,Unfurnished
IN10363,Chennai,1563,1,2,18.84,Semi
IN10364,Hyderabad,1062,1,2,15,Unfurnished
IN10365,Delhi,1019,3,2,15,Semi
IN10366,Hyderabad,742,3,3,15,Furnished
IN10367,Hyderabad,1298,1,2,15,Semi
IN10368,Mumbai,1228,3,2,15,Furnished
IN10369,Kolkata,1327,4,2,16.27,Unfurnished
IN10370,Mumbai,1065,1,3,15,Semi
IN10371,Chennai,308,4,2,15,Semi
IN10372,Mumbai,1818,1,1,21.75,Unfurnished
IN10373,Kolkata,604,2,2,15,Unfurnished
IN10374,Hyderabad,557,2,3,15,Unfurnished
IN10375,Chennai,695,2,2,15,Unfurnished
IN10376,Bangalore,471,4,2,15,Furnished
IN10377,Mumbai,1174,3,2,15,Semi
IN10378,Mumbai,1266,2,2,15,Semi
IN10379,Kolkata,1284,2,3,15,Semi
IN10380,Bangalore,663,2,2,15,Semi
IN10381,Kolkata,1601,1,1,25.17,Semi
IN10382,Bangalore,1221,1,1,15,Semi
IN10383,Mumbai,827,3,1,15,Furnished
IN10384,Chennai,1218,3,2,20.48,Furnished
IN10385,Hyderabad,1445,1,2,28.26,Semi
IN10386,Mumbai,916,4,1,19.0,Furnished
IN10387,Bangalore,1238,2,3,15,Semi
IN10388,Mumbai,300,3,2,15,Semi
IN10389,Kolkata,939,2,2,15,Unfurnished
IN10390,Kolkata,1903,3,1,23.26,Furnished
IN10391,Bangalore,1018,3,1,16.83,Semi
IN10392,Delhi,819,2,1,15,Furnished
IN10393,Delhi,532,2,2,15,Furnished
IN10394,Chennai,1487,3,1,19.01,Semi
IN10395,Chennai,1618,2,2,15,Semi
IN10396,Delhi,1118,3,2,15,Furnished
IN10397,Chennai,1759,4,3,21.61,Furnished
IN10398,Delhi,1498,1,3,15,Furnished
IN10399,Delhi,2142,2,1,20.61,Semi
IN10400,Hyderabad,1452,2,2,15,Semi
IN10401,Delhi,694,2,1,15,Unfurnished
IN10402,Kolkata,620,3,2,15,Furnished
IN10403,Mumbai,570,3,1,15,Furnished
IN10404,Bangalore,727,3,2,15,Unfurnished
IN10405,Kolkata,357,1,3,15,Furnished
IN10406,Bangalore,1106,1,2,15,Unfurnished
IN10407,Kolkata,1012,3,2,15,Furnished
IN10408,Kolkata,967,4,2,15,Unfurnished
IN10409,Kolkata,755,3,1,15,Semi
IN10410,Chennai,1456,1,3,15,Unfurnished
IN10411,Delhi,588,3,2,15,Furnished
IN10412,Mumbai,906,3,1,15,Semi
IN10413,Delhi,674,2,3,15,Furnished
IN10414,Kolkata,570,3,3,15,Semi
IN10415,Mumbai,739,3,2,15,Furnished
IN10416,Bangalore,1342,2,3,15,Furnished
IN10417,Chennai,1054,2,2,15,Furnished
IN10418,Chennai,1416,2,2,18.95,Semi
IN10419,Mumbai,722,3,1,15,Semi
IN10420,Bangalore,852,1,2,15,Furnished
IN10421,Chennai,852,3,1,15,Unfurnished
IN10422,Kolkata,1220,1,3,15.84,Furnished
IN10423,Hyderabad,1753,1,2,27.13,Furnished
IN10424,Delhi,2269,1,3,32.97,Furnished
IN10425,Delhi,703,1,1,15,Furnished
IN10426,Hyderabad,1039,2,2,15,Semi
IN10427,Hyderabad,1133,3,1,15.35,Semi
IN10428,Hyderabad,1248,1,2,17.15,Unfurnished
IN10429,Mumbai,437,3,2,15,Semi
IN10430,Chennai,1342,3,3,24.13,Semi
IN10431,Bangalore,1440,2,1,21.69,Unfurnished
IN10432,Bangalore,1438,1,1,17.93,Semi
IN10433,Chennai,1389,2,3,15.02,Furnished
IN10434,Delhi,1295,3,3,18.49,Unfurnished
IN10435,Hyderabad,940,2,1,15,Unfurnished
IN10436,Delhi,1353,1,2,15,Semi
IN10437,Mumbai,446,4,2,15,Semi
IN10438,Bangalore,1126,4,3,17.38,Unfurnished
IN10439,Mumbai,926,3,3,15,Furnished
IN10440,Delhi,411,2,3,15,Furnished
IN10441,Chennai,1503,2,2,23.17,Semi
IN10442,Kolkata,1593,2,1,16.67,Unfurnished
IN10443,Kolkata,1253,4,2,15,Furnished
IN10444,Delhi,1903,1,1,27.53,Furnished
IN10445,Mumbai,531,4,1,15,Unfurnished
IN10446,Chennai,971,3,2,15,Furnished
IN10447,Bangalore,1053,3,3,15,Semi
IN10448,Mumbai,1184,3,2,15,Unfurnished
IN10449,Hyderabad,1308,3,2,15,Unfurnished
IN10450,Bangalore,1027,3,2,15.61,Unfurnished
IN10451,Hyderabad,1577,4,2,16.5,Semi
IN10452,Chennai,805,4,1,15,Semi
IN10453,Delhi,768,1,1,15,Furnished
IN10454,Mumbai,668,2,1,15,Unfurnished
IN10455,Mumbai,936,2,2,15,Unfurnished
IN10456,Delhi,639,3,3,15,Furnished
IN10457,Kolkata,398,4,2,15,Semi
IN10458,Mumbai,2048,4,3,16.65,Semi
IN10459,Kolkata,1580,1,2,15,Unfurnished
IN10460,Mumbai,485,4,1,15,Furnished
IN10461,Mumbai,1078,4,1,18.29,Furnished
IN10462,Mumbai,1037,2,3,15,Semi
IN10463,Kolkata,422,3,3,15,Semi
IN10464,Mumbai,978,3,1,15,Furnished
IN10465,Chennai,987,1,2,15,Unfurnished
IN10466,Mumbai,914,4,2,15,Unfurnished
IN10467,Delhi,1174,3,1,15,Unfurnished
IN10468,Kolkata,1543,4,2,15,Unfurnished
IN10469,Kolkata,1130,2,3,15,Semi
IN10470,Kolkata,1146,4,1,15,Furnished
IN10471,Mumbai,769,4,3,15,Unfurnished
IN10472,Kolkata,309,4,3,15,Furnished
IN10473,Hyderabad,883,3,2,15,Unfurnished
IN10474,Hyderabad,1164,1,2,17.98,Semi
IN10475,Delhi,927,4,3,15,Semi
IN10476,Mumbai,1021,3,1,15,Unfurnished
IN10477,Mumbai,1257,4,1,15,Semi
IN10478,Hyderabad,651,4,1,15,Unfurnished
IN10479,Chennai,1157,3,2,15,Unfurnished
IN10480,Hyderabad,749,3,2,15,Furnished
IN10481,Bangalore,1307,4,3,15.24,Furnished
IN10482,Delhi,750,2,1,15,Semi
IN10483,Delhi,2065,4,3,17.58,Semi
IN10484,Hyderabad,1746,2,3,31.25,Semi
IN10485,Bangalore,699,1,2,15,Semi
IN10486,Chennai,1651,1,2,15,Furnished
IN10487,Kolkata,1127,4,2,18.89,Semi
IN10488,Bangalore,1848,2,1,24.59,Furnished
IN10489,Hyderabad,931,2,1,15,Semi
IN10490,Bangalore,469,3,3,15,Furnished
IN10491,Mumbai,1064,1,3,15,Semi
IN10492,Kolkata,2071,3,2,30.83,Unfurnished
IN10493,Delhi,937,4,2,15,Semi
IN10494,Mumbai,1351,1,2,22.84,Semi
IN10495,Kolkata,1204,4,2,15,Furnished
IN10496,Chennai,792,1,3,15,Unfurnished
IN10497,Kolkata,667,2,2,15,Furnished
IN10498,Hyderabad,1105,2,2,18.08,Semi
IN10499,Delhi,802,1,2,15,Furnished
IN10500,Kolkata,1170,3,2,16.88,Furnished
IN10501,Delhi,1239,3,1,25.95,Furnished
IN10502,Chennai,300,2,3,15,Furnished
IN10503,Delhi,485,3,2,15,Unfurnished
IN10504,Hyderabad,1223,3,3,15,Furnished
IN10505,Chennai,2253,3,2,21.67,Furnished
IN10506,Mumbai,1095,1,2,16.61,Furnished
IN10507,Chennai,1909,2,2,15,Unfurnished
IN10508,Mumbai,327,4,2,15,Semi
IN10509,Chennai,501,2,1,15,Semi
IN10510,Chennai,1280,4,2,15,Furnished
IN10511,Delhi,957,4,3,15,Semi
IN10512,Mumbai,1747,1,1,24.54,Semi
IN10513,Kolkata,867,4,2,15,Furnished
IN10514,Bangalore,1249,1,2,23.81,Semi
IN10515,Hyderabad,1026,4,2,15,Unfurnished
IN10516,Mumbai,859,4,2,15,Unfurnished
IN10517,Kolkata,1772,4,2,31.83,Semi
IN10518,Kolkata,713,3,1,15,Unfurnished
IN10519,Chennai,568,1,2,15,Furnished
IN10520,Bangalore,1594,2,1,19.4,Furnished
IN10521,Delhi,1685,3,3,28.78,Furnished
IN10522,Bangalore,954,4,2,15,Semi
IN10523,Hyderabad,2028,3,2,23.91,Semi
IN10524,Kolkata,1160,2,1,15,Semi
IN10525,Chennai,1006,2,3,15,Unfurnished
IN10526,Bangalore,1495,2,2,23.9,Furnished
IN10527,Hyderabad,1237,1,3,15.72,Semi
IN10528,Bangalore,792,2,3,15,Unfurnished
IN10529,Mumbai,815,3,1,15,Furnished
IN10530,Delhi,1835,2,2,31.54,Furnished
IN10531,Mumbai,691,4,3,15,Unfurnished
IN10532,Mumbai,1839,2,2,17.99,Unfurnished
IN10533,Mumbai,1104,3,3,15,Furnished
IN10534,Kolkata,1140,2,2,15,Semi
IN10535,Bangalore,1813,3,3,17.32,Semi
IN10536,Chennai,1697,1,1,15,Furnished
IN10537,Delhi,1287,1,1,15,Furnished
IN10538,Hyderabad,1357,1,2,16.54,Unfurnished
IN10539,Hyderabad,512,2,2,15,Semi
IN10540,Delhi,999,2,3,15,Semi
IN10541,Bangalore,704,3,1,17.31,Furnished
IN10542,Chennai,1441,3,2,15.78,Semi
IN10543,Delhi,1528,3,1,15,Semi
IN10544,Delhi,948,2,2,15,Furnished
IN10545,Hyderabad,1174,3,2,15,Semi
IN10546,Hyderabad,1058,1,1,15,Unfurnished
IN10547,Kolkata,1212,4,3,15,Unfurnished
IN10548,Kolkata,1444,1,2,15,Unfurnished
IN10549,Delhi,2493,2,2,26.76,Furnished
IN10550,Hyderabad,1472,2,2,17.77,Furnished
IN10551,Mumbai,961,3,3,15,Furnished
IN10552,Kolkata,1224,3,2,15,Semi
IN10553,Delhi,820,2,1,15,Furnished
IN10554,Hyderabad,1777,1,3,28.78,Semi
IN10555,Mumbai,1371,3,1,24.06,Unfurnished
IN10556,Hyderabad,1604,2,1,21.57,Unfurnished
IN10557,Delhi,1594,3,1,24.85,Furnished
IN10558,Mumbai,1260,4,3,15,Furnished
IN10559,Chennai,689,2,3,15,Unfurnished
IN10560,Kolkata,986,3,2,15,Semi
IN10561,Bangalore,1323,3,1,15,Furnished
IN10562,Kolkata,1738,1,2,21.58,Unfurnished
IN10563,Hyderabad,821,2,2,15,Semi
IN10564,Delhi,1412,3,3,15,Furnished
IN10565,Mumbai,1867,3,2,34.21,Furnished
IN10566,Mumbai,300,3,2,15,Furnished
IN10567,Chennai,1313,2,3,22.27,Unfurnished
IN10568,Kolkata,1122,2,3,15,Furnished
IN10569,Chennai,915,3,2,15,Unfurnished
IN10570,Bangalore,1781,3,1,18.47,Semi
IN10571,Kolkata,682,2,1,15,Semi
IN10572,Mumbai,1406,2,2,19.81,Furnished
IN10573,Bangalore,929,1,2,15,Semi
IN10574,Hyderabad,930,1,2,15,Unfurnished
IN10575,Chennai,1067,4,1,15,Furnished
IN10576,Kolkata,1387,1,2,15,Semi
IN10577,Delhi,920,2,1,15,Furnished
IN10578,Bangalore,547,3,2,15,Unfurnished
IN10579,Kolkata,514,4,2,15,Furnished
IN10580,Kolkata,1844,3,2,35.25,Semi
IN10581,Kolkata,310,1,2,15,Semi
IN10582,Chennai,697,3,2,15,Furnished
IN10583,Bangalore,1196,1,2,15,Furnished
IN10584,Hyderabad,1062,3,2,15.14,Semi
IN10585,Chennai,981,3,2,15,Furnished
IN10586,Delhi,300,2,2,15,Semi
IN10587,Chennai,1331,1,2,20.35,Unfurnished
IN10588,Kolkata,797,3,2,15,Unfurnished
IN10589,Kolkata,1003,1,2,15,Furnished
IN10590,Mumbai,831,2,2,15,Semi
IN10591,Bangalore,1017,1,2,16.16,Semi
IN10592,Mumbai,839,2,2,15,Unfurnished
IN10593,Bangalore,852,3,3,15,Furnished
IN10594,Chennai,1432,2,3,15,Semi
IN10595,Mumbai,395,4,2,15,Unfurnished
IN10596,Bangalore,824,1,3,15,Furnished
IN10597,Delhi,1157,3,2,15,Semi
IN10598,Hyderabad,525,3,1,15,Furnished
IN10599,Hyderabad,1495,2,1,15,Furnished
IN10600,Kolkata,1492,1,2,15,Unfurnished
IN10601,Mumbai,1385,4,1,22.25,Unfurnished
IN10602,Mumbai,866,3,2,15,Unfurnished
IN10603,Kolkata,870,4,3,15,Unfurnished
IN10604,Mumbai,935,3,2,17.34,Unfurnished
IN10605,Delhi,853,3,3,15,Unfurnished
IN10606,Kolkata,495,2,2,15,Unfurnished
IN10607,Mumbai,860,1,2,15,Semi
IN10608,Kolkata,871,1,2,15,Semi
IN10609,Hyderabad,553,2,1,15,Furnished
IN10610,Mumbai,1593,3,3,16.06,Unfurnished
IN10611,Mumbai,1506,2,2,15,Semi
IN10612,Chennai,859,3,2,15,Furnished
IN10613,Kolkata,613,4,2,15,Furnished
IN10614,Bangalore,1391,3,1,21.01,Unfurnished
IN10615,Hyderabad,1198,4,3,18.37,Semi
IN10616,Mumbai,778,2,1,15,Furnished
IN10617,Delhi,996,4,3,15.54,Furnished
IN10618,Kolkata,1490,3,2,15,Semi
IN10619,Chennai,1915,1,3,20.67,Semi
IN10620,Chennai,1014,2,3,15,Unfurnished
IN10621,Bangalore,1331,4,2,19.48,Semi
IN10622,Chennai,1844,1,2,23.24,Semi
IN10623,Hyderabad,948,2,1,15,Semi
IN10624,Kolkata,978,1,1,15,Unfurnished
IN10625,Chennai,627,4,3,15,Furnished
IN10626,Bangalore,1330,2,2,15.66,Unfurnished
IN10627,Chennai,1172,1,2,15,Unfurnished
IN10628,Kolkata,882,3,3,15,Semi
IN10629,Mumbai,300,2,2,15,Unfurnished
IN10630,Chennai,665,1,3,15,Semi
IN10631,Hyderabad,1489,3,2,15.08,Furnished
IN10632,Kolkata,1145,3,3,15,Semi
IN10633,Mumbai,625,3,3,15,Semi
IN10634,Bangalore,806,2,3,15,Unfurnished
IN10635,Chennai,2006,4,3,17.26,Semi
IN10636,Delhi,622,2,3,15,Unfurnished
IN10637,Chennai,672,4,3,15,Semi
IN10638,Chennai,1224,4,2,15,Unfurnished
IN10639,Hyderabad,794,4,3,15,Furnished
IN10640,Mumbai,708,3,2,15,Furnished
IN10641,Delhi,1462,2,2,16.97,Unfurnished
IN10642,Bangalore,1097,3,3,22.06,Furnished
IN10643,Delhi,1815,3,2,26.8,Semi
IN10644,Bangalore,1538,3,3,15,Semi
IN10645,Chennai,1030,3,2,15,Semi
IN10646,Delhi,311,2,3,15,Unfurnished
IN10647,Chennai,988,1,2,15,Unfurnished
IN10648,Bangalore,1187,3,2,15,Semi
IN10649,Bangalore,1000,2,3,15,Furnished
IN10650,Hyderabad,1236,2,3,16.6,Unfurnished
IN10651,Chennai,1779,2,2,15,Semi
IN10652,Bangalore,1316,1,2,18.63,Furnished
IN10653,Chennai,990,4,3,15,Unfurnished
IN10654,Bangalore,1616,3,2,17.27,Furnished
IN10655,Chennai,1181,4,1,17.24,Unfurnished
IN10656,Kolkata,1357,2,1,21.89,Furnished
IN10657,Kolkata,777,2,1,15,Unfurnished
IN10658,Kolkata,1004,4,2,15,Semi
IN10659,Bangalore,1085,1,2,15,Semi
IN10660,Mumbai,1691,2,2,23.84,Semi
IN10661,Hyderabad,1332,2,1,21.06,Semi
IN10662,Hyderabad,909,4,2,15,Unfurnished
IN10663,Kolkata,300,1,2,15,Unfurnished
IN10664,Kolkata,483,3,2,15,Furnished
IN10665,Delhi,1436,1,2,15.38,Semi
IN10666,Mumbai,718,3,1,15,Unfurnished
IN10667,Delhi,446,3,1,15,Furnished
IN10668,Chennai,1203,3,3,19.32,Furnished
IN10669,Chennai,506,3,2,15,Semi
IN10670,Delhi,1119,2,2,17.01,Semi
IN10671,Hyderabad,1404,1,2,18.13,Furnished
IN10672,Hyderabad,1145,2,2,16.02,Semi
IN10673,Mumbai,783,3,3,15,Semi
IN10674,Chennai,1082,2,2,15,Furnished
IN10675,Hyderabad,1609,2,1,23.03,Furnished
IN10676,Chennai,1447,2,2,20.74,Unfurnished
IN10677,Mumbai,1408,4,3,16.51,Furnished
IN10678,Delhi,884,3,2,15,Furnished
IN10679,Delhi,300,3,2,15,Furnished
IN10680,Hyderabad,689,3,2,15,Furnished
IN10681,Kolkata,1517,2,2,25.28,Semi
IN10682,Hyderabad,775,3,1,15,Furnished
IN10683,Delhi,626,2,3,15,Unfurnished
IN10684,Bangalore,1535,4,3,19.4,Semi
IN10685,Bangalore,1236,3,3,25.28,Unfurnished
IN10686,Kolkata,1252,4,2,15,Furnished
IN10687,Mumbai,914,4,2,15,Furnished
IN10688,Mumbai,1031,2,1,15,Furnished
IN10689,Bangalore,1040,4,2,15,Unfurnished
IN10690,Mumbai,1163,2,2,15.82,Semi
IN10691,Bangalore,340,3,2,15,Furnished
IN10692,Kolkata,1585,1,2,15,Semi
IN10693,Kolkata,300,1,2,15,Furnished
IN10694,Delhi,2321,2,2,33.32,Semi
IN10695,Hyderabad,1304,3,2,15,Furnished
IN10696,Delhi,1073,2,3,15,Semi
IN10697,Chennai,1290,3,3,15,Furnished
IN10698,Kolkata,1677,3,1,19.84,Semi
IN10699,Kolkata,1423,4,1,20.76,Unfurnished
IN10700,Mumbai,701,2,1,15,Unfurnished
IN10701,Kolkata,830,1,1,15,Furnished
IN10702,Mumbai,716,2,3,15,Furnished
IN10703,Mumbai,616,3,2,15,Furnished
IN10704,Bangalore,667,2,3,15,Furnished
IN10705,Delhi,1607,4,2,21.79,Furnished
IN10706,Chennai,300,4,1,15,Furnished
IN10707,Chennai,1669,4,2,22.9,Furnished
IN10708,Bangalore,434,2,3,15,Furnished
IN10709,Bangalore,979,1,2,15,Furnished
IN10710,Mumbai,1068,3,2,15.74,Furnished
IN10711,Hyderabad,1443,3,1,15,Unfurnished
IN10712,Delhi,745,3,3,15,Furnished
IN10713,Chennai,875,3,2,15,Furnished
IN10714,Mumbai,1693,1,2,16.61,Semi
IN10715,Chennai,802,1,1,15,Semi
IN10716,Chennai,1216,1,2,15,Unfurnished
IN10717,Kolkata,1356,3,3,17.94,Semi
IN10718,Kolkata,1233,3,1,20.47,Furnished
IN10719,Bangalore,1068,3,2,18.68,Unfurnished
IN10720,Bangalore,1063,2,2,15.42,Semi
IN10721,Kolkata,1099,2,2,15,Furnished
IN10722,Chennai,860,2,3,15,Semi
IN10723,Chennai,649,2,2,15,Furnished
IN10724,Hyderabad,1155,3,2,15,Unfurnished
IN10725,Bangalore,1314,4,1,15,Semi
IN10726,Chennai,955,3,2,15,Furnished
IN10727,Kolkata,1166,3,2,16.19,Furnished
IN10728,Mumbai,1568,1,2,16.44,Unfurnished
IN10729,Chennai,988,3,1,15,Semi
IN10730,Bangalore,799,2,3,15,Semi
IN10731,Hyderabad,826,3,2,15,Unfurnished
IN10732,Bangalore,1531,3,2,25.68,Furnished
IN10733,Mumbai,1094,3,3,15,Furnished
IN10734,Mumbai,1957,1,1,15.78,Semi
IN10735,Bangalore,1229,2,3,15,Furnished
IN10736,Hyderabad,300,4,3,15,Furnished
IN10737,Mumbai,300,3,2,15,Semi
IN10738,Chennai,1544,1,3,17.89,Furnished
IN10739,Kolkata,397,1,3,15,Semi
IN10740,Mumbai,1242,2,2,19.08,Furnished
IN10741,Hyderabad,586,3,1,15,Furnished
IN10742,Kolkata,871,1,2,15,Semi
IN10743,Bangalore,495,3,1,15,Semi
IN10744,Hyderabad,1210,3,1,15.15,Unfurnished
IN10745,Hyderabad,2328,2,2,29.82,Furnished
IN10746,Delhi,1011,2,1,16.57,Semi
IN10747,Mumbai,544,4,1,15,Furnished
IN10748,Kolkata,2206,2,1,16.14,Semi
IN10749,Chennai,392,1,3,15,Furnished
IN10750,Chennai,404,2,1,15,Furnished
IN10751,Bangalore,300,3,2,15,Semi
IN10752,Delhi,1276,1,1,15,Semi
IN10753,Delhi,1519,1,3,19.18,Unfurnished
IN10754,Delhi,1152,3,1,15,Furnished
IN10755,Kolkata,1063,1,2,15,Furnished
IN10756,Mumbai,1520,2,1,15,Unfurnished
IN10757,Mumbai,1483,4,2,27.02,Furnished
IN10758,Delhi,1232,4,2,16.66,Unfurnished
IN10759,Hyderabad,1097,3,2,15,Unfurnished
IN10760,Bangalore,1257,3,2,15,Furnished
IN10761,Hyderabad,1115,2,1,15.28,Unfurnished
IN10762,Hyderabad,879,3,1,15,Semi
IN10763,Bangalore,1241,3,3,16.83,Unfurnished
IN10764,Chennai,867,3,2,15,Semi
IN10765,Kolkata,1215,4,3,22.16,Semi
IN10766,Kolkata,1091,2,3,20.15,Unfurnished
IN10767,Mumbai,2214,4,3,16.81,Unfurnished
IN10768,Kolkata,944,3,1,15,Semi
IN10769,Delhi,825,4,1,15,Semi
IN10770,Delhi,963,1,3,15,Semi
IN10771,Hyderabad,1222,4,2,16.48,Furnished
IN10772,Mumbai,877,2,3,15,Semi
IN10773,Kolkata,908,2,2,15,Furnished
IN10774,Bangalore,1334,3,2,17.27,Furnished
IN10775,Delhi,1109,2,2,15,Unfurnished
IN10776,Kolkata,922,4,1,15,Furnished
IN10777,Kolkata,1321,3,1,15,Unfurnished
IN10778,Hyderabad,1602,1,3,32.81,Semi
IN10779,Delhi,1022,3,2,15,Semi
IN10780,Chennai,1175,2,3,19.57,Semi
IN10781,Chennai,1290,2,2,15,Unfurnished
IN10782,Hyderabad,663,4,1,15,Unfurnished
IN10783,Delhi,891,3,1,15,Unfurnished
IN10784,Chennai,768,4,2,15,Furnished
IN10785,Chennai,1720,2,2,28.24,Semi
IN10786,Mumbai,1170,4,3,15,Unfurnished
IN10787,Mumbai,904,2,2,15,Furnished
IN10788,Kolkata,1440,3,1,19.94,Semi
IN10789,Bangalore,678,4,2,15,Semi
IN10790,Delhi,1183,3,2,16.63,Semi
IN10791,Chennai,662,2,2,15,Semi
IN10792,Kolkata,1348,1,2,15,Semi
IN10793,Delhi,556,2,1,15,Furnished
IN10794,Hyderabad,1452,3,2,15,Furnished
IN10795,Hyderabad,1716,2,1,27.81,Furnished
IN10796,Hyderabad,964,1,3,15,Semi
IN10797,Hyderabad,1443,1,2,22.71,Semi
IN10798,Bangalore,629,2,1,15,Unfurnished
IN10799,Hyderabad,1428,3,3,16.24,Furnished
IN10800,Bangalore,864,4,1,15,Furnished
IN10801,Kolkata,1384,1,2,15,Unfurnished
IN10802,Bangalore,300,2,3,15,Furnished
IN10803,Delhi,494,3,2,15,Semi
IN10804,Delhi,1630,1,2,15,Unfurnished
IN10805,Bangalore,464,3,1,15,Unfurnished
IN10806,Bangalore,913,3,1,15,Unfurnished
IN10807,Chennai,449,2,2,15,Furnished
IN10808,Hyderabad,886,1,2,15,Furnished
IN10809,Chennai,1034,1,2,15.26,Unfurnished
IN10810,Kolkata,800,3,1,15,Furnished
IN10811,Kolkata,1301,2,1,15,Unfurnished
IN10812,Delhi,941,1,1,15,Semi
IN10813,Bangalore,1027,2,2,18.17,Furnished
IN10814,Mumbai,450,1,2,15,Semi
IN10815,Mumbai,500,3,2,15,Unfurnished
IN10816,Mumbai,869,3,1,15.67,Semi
IN10817,Kolkata,1716,1,2,37.04,Unfurnished
IN10818,Chennai,1148,2,3,15.72,Semi
IN10819,Chennai,1158,2,2,15,Semi
IN10820,Delhi,1398,3,2,15,Unfurnished
IN10821,Bangalore,1298,4,2,15,Furnished
IN10822,Hyderabad,616,4,2,15,Semi
IN10823,Bangalore,515,3,2,15,Furnished
IN10824,Bangalore,929,4,3,15,Unfurnished
IN10825,Mumbai,1104,3,2,17.1,Semi
IN10826,Delhi,536,1,3,15,Semi
IN10827,Mumbai,1352,3,1,15,Furnished
IN10828,Mumbai,459,2,2,15,Furnished
IN10829,Kolkata,1505,1,2,23.53,Semi
IN10830,Kolkata,639,2,2,15,Semi
IN10831,Kolkata,961,1,3,15,Semi
IN10832,Chennai,759,3,1,15,Semi
IN10833,Kolkata,1240,3,1,18.85,Unfurnished
IN10834,Delhi,1252,4,3,18.55,Semi
IN10835,Hyderabad,1569,2,1,24.56,Furnished
IN10836,Kolkata,936,1,2,15,Semi
IN10837,Kolkata,1470,1,1,27.33,Semi
IN10838,Bangalore,1321,2,3,20.43,Unfurnished
IN10839,Chennai,477,3,2,15,Semi
IN10840,Kolkata,949,1,3,15,Semi
IN10841,Hyderabad,300,4,3,15,Furnished
IN10842,Kolkata,1279,4,1,20.78,Furnished
IN10843,Bangalore,807,2,2,15,Unfurnished
IN10844,Kolkata,503,2,2,15,Semi
IN10845,Kolkata,1639,3,2,15,Semi
IN10846,Mumbai,908,3,3,15,Unfurnished
IN10847,Chennai,1963,2,1,36.3,Semi
IN10848,Mumbai,1283,2,2,17.44,Semi
IN10849,Hyderabad,1685,4,1,24.22,Furnished
IN10850,Bangalore,814,2,1,15,Unfurnished
IN10851,Delhi,1396,2,3,15,Semi
IN10852,Kolkata,734,4,1,15,Semi
IN10853,Hyderabad,767,3,2,15,Unfurnished
IN10854,Hyderabad,1337,3,2,18.06,Furnished
IN10855,Kolkata,912,4,3,15,Furnished
IN10856,Delhi,928,2,3,15,Furnished
IN10857,Kolkata,395,2,3,15,Semi
IN10858,Kolkata,1208,3,3,15,Furnished
IN10859,Mumbai,1511,2,2,23.83,Semi
IN10860,Hyderabad,642,1,1,15,Furnished
IN10861,Chennai,692,3,3,15,Furnished
IN10862,Mumbai,1247,3,1,15,Furnished
IN10863,Chennai,2368,2,3,16.8,Semi
IN10864,Bangalore,433,3,3,15,Unfurnished
IN10865,Hyderabad,383,2,2,15,Furnished
IN10866,Bangalore,588,2,2,15,Unfurnished
IN10867,Chennai,917,4,3,15,Furnished
IN10868,Mumbai,1740,2,3,15,Furnished
IN10869,Mumbai,666,3,2,15,Furnished
IN10870,Delhi,511,3,3,15,Semi
IN10871,Delhi,402,1,2,15,Furnished
IN10872,Kolkata,300,3,3,15,Unfurnished
IN10873,Hyderabad,1202,3,2,15,Unfurnished
IN10874,Kolkata,678,4,3,15,Furnished
IN10875,Hyderabad,1476,2,2,27.35,Unfurnished
IN10876,Chennai,1208,3,1,19.32,Unfurnished
IN10877,Mumbai,806,4,2,15,Furnished
IN10878,Bangalore,965,3,2,15,Furnished
IN10879,Mumbai,1190,2,1,18.79,Furnished
IN10880,Kolkata,633,1,2,15,Furnished
IN10881,Hyderabad,973,2,2,15,Furnished
IN10882,Mumbai,1285,3,1,16.84,Unfurnished
IN10883,Mumbai,1391,2,2,15,Furnished
IN10884,Delhi,873,2,1,15,Furnished
IN10885,Hyderabad,1946,3,3,30.79,Unfurnished
IN10886,Mumbai,754,2,2,15,Unfurnished
IN10887,Kolkata,1413,2,3,15,Semi
IN10888,Chennai,1056,1,1,15,Furnished
IN10889,Chennai,300,4,3,15,Unfurnished
IN10890,Mumbai,622,4,1,15,Furnished
IN10891,Chennai,667,1,1,15,Unfurnished
IN10892,Mumbai,300,3,2,15,Furnished
IN10893,Delhi,1390,3,2,18.67,Furnished
IN10894,Mumbai,760,4,2,15,Furnished
IN10895,Bangalore,1169,4,3,15.91,Furnished
IN10896,Mumbai,1488,4,3,15,Unfurnished
IN10897,Kolkata,1047,1,2,15,Unfurnished
IN10898,Bangalore,1112,2,2,15,Furnished
IN10899,Mumbai,1792,2,2,15.12,Furnished
IN10900,Hyderabad,1577,2,1,21.11,Furnished
IN10901,Chennai,1269,2,2,15,Unfurnished
IN10902,Delhi,1121,3,2,15,Semi
IN10903,Hyderabad,1340,2,1,21.37,Furnished
IN10904,Kolkata,536,4,2,15,Semi
IN10905,Bangalore,848,3,2,15,Unfurnished
IN10906,Kolkata,931,4,2,15,Furnished
IN10907,Chennai,1147,2,3,15,Semi
IN10908,Bangalore,638,2,3,15,Furnished
IN10909,Mumbai,300,3,2,15,Semi
IN10910,Chennai,1857,4,3,23.98,Semi
IN10911,Chennai,652,2,1,15,Semi
IN10912,Kolkata,1484,1,2,17.93,Furnished
IN10913,Mumbai,1608,3,2,19.97,Furnished
IN10914,Hyderabad,1787,3,1,15,Furnished
IN10915,Bangalore,1318,2,2,15,Semi
IN10916,Bangalore,809,2,2,15,Semi
IN10917,Delhi,1343,3,2,22.13,Furnished
IN10918,Mumbai,1068,2,1,15,Furnished
IN10919,Chennai,1478,3,1,15,Semi
IN10920,Kolkata,954,1,2,15.37,Unfurnished
IN10921,Delhi,369,3,2,15,Semi
IN10922,Bangalore,1459,4,1,15.42,Unfurnished
IN10923,Chennai,1216,4,2,15,Unfurnished
IN10924,Mumbai,1332,3,2,15,Furnished
IN10925,Chennai,799,2,2,15,Unfurnished
IN10926,Hyderabad,776,1,2,15,Furnished
IN10927,Mumbai,530,1,2,15,Semi
IN10928,Bangalore,1351,2,2,18.27,Furnished
IN10929,Mumbai,876,1,2,15,Furnished
IN10930,Mumbai,1545,2,2,15,Unfurnished
IN10931,Hyderabad,1172,3,1,15,Unfurnished
IN10932,Bangalore,1541,4,3,15,Semi
IN10933,Chennai,868,1,2,15,Furnished
IN10934,Mumbai,1046,2,2,15,Semi
IN10935,Delhi,1754,3,2,20.67,Unfurnished
IN10936,Chennai,300,1,2,15,Unfurnished
IN10937,Chennai,801,3,2,15,Furnished
IN10938,Hyderabad,1706,1,2,15,Furnished
IN10939,Bangalore,1245,2,2,17.57,Unfurnished
IN10940,Delhi,1351,3,2,15,Furnished
IN10941,Chennai,913,4,2,15,Unfurnished
IN10942,Hyderabad,300,3,1,15,Semi
IN10943,Bangalore,950,4,3,15,Semi
IN10944,Mumbai,1816,3,2,25.83,Furnished
IN10945,Kolkata,1758,4,2,29.32,Semi
IN10946,Bangalore,889,2,2,15,Semi
IN10947,Mumbai,1340,3,2,15,Furnished
IN10948,Hyderabad,725,1,3,15,Unfurnished
IN10949,Mumbai,1860,3,3,29.09,Unfurnished
IN10950,Chennai,1139,3,2,15,Semi
IN10951,Delhi,1619,4,2,19.7,Furnished
IN10952,Bangalore,1647,2,2,23.38,Unfurnished
IN10953,Bangalore,300,3,3,15,Furnished
IN10954,Delhi,1799,3,1,23.38,Furnished
IN10955,Kolkata,1365,2,2,15,Semi
IN10956,Hyderabad,581,1,2,15,Semi
IN10957,Delhi,1217,1,3,21.69,Unfurnished
IN10958,Hyderabad,1344,2,2,15,Furnished
IN10959,Bangalore,1522,2,3,21.51,Unfurnished
IN10960,Chennai,1297,3,2,18.6,Furnished
IN10961,Chennai,1298,3,1,15.09,Semi
IN10962,Mumbai,1224,1,2,15,Semi
IN10963,Delhi,1794,2,2,22.8,Furnished
IN10964,Hyderabad,1525,3,1,18.41,Semi
IN10965,Hyderabad,599,2,2,15,Unfurnished
IN10966,Kolkata,418,2,3,15,Furnished
IN10967,Delhi,1877,2,3,15,Furnished
IN10968,Bangalore,1602,1,2,17.05,Unfurnished
IN10969,Mumbai,1592,1,2,18.11,Unfurnished
IN10970,Mumbai,850,3,2,15,Furnished
IN10971,Bangalore,2068,1,2,24.14,Unfurnished
IN10972,Mumbai,411,3,1,15,Semi
IN10973,Hyderabad,332,2,2,15,Semi
IN10974,Chennai,1215,3,1,21.07,Furnished
IN10975,Bangalore,300,3,2,15,Unfurnished
IN10976,Hyderabad,648,4,1,15,Semi
IN10977,Mumbai,991,3,3,15,Unfurnished
IN10978,Chennai,1111,3,2,15,Unfurnished
IN10979,Chennai,1050,2,1,20.96,Unfurnished
IN10980,Bangalore,2291,1,2,15,Furnished
IN10981,Hyderabad,1116,4,3,16.6,Semi
IN10982,Hyderabad,1250,2,1,15,Semi
IN10983,Delhi,651,2,1,15,Semi
IN10984,Hyderabad,1220,3,2,18.46,Semi
IN10985,Kolkata,1583,3,1,15.15,Unfurnished
IN10986,Delhi,1242,3,1,15,Semi
IN10987,Chennai,1810,3,1,15,Unfurnished
IN10988,Mumbai,1101,4,1,24.86,Furnished
IN10989,Kolkata,730,3,2,15,Furnished
IN10990,Mumbai,698,4,2,15,Unfurnished
IN10991,Hyderabad,1048,1,1,20.16,Unfurnished
IN10992,Chennai,1866,2,3,15.43,Furnished
IN10993,Hyderabad,1279,3,2,15.97,Unfurnished
IN10994,Mumbai,785,3,2,15,Unfurnished
IN10995,Chennai,875,3,2,15,Semi
IN10996,Delhi,1777,2,3,15,Furnished
IN10997,Kolkata,2025,4,2,15,Unfurnished
IN10998,Hyderabad,429,2,3,15,Furnished
IN10999,Hyderabad,997,2,2,15,Semi
IN11000,Hyderabad,2070,4,2,15,Semi
IN11001,Hyderabad,1585,3,2,19.19,Semi
IN11002,Delhi,867,1,2,15,Unfurnished
IN11003,Delhi,338,2,2,15,Semi
IN11004,Bangalore,1604,3,3,15,Semi
IN11005,Mumbai,2606,1,2,24.89,Furnished
IN11006,Delhi,1143,1,3,15,Semi
IN11007,Delhi,1287,2,2,17.39,Unfurnished
IN11008,Delhi,769,3,1,15,Furnished
IN11009,Mumbai,1752,3,3,23.27,Furnished
IN11010,Delhi,940,3,2,18.42,Unfurnished
IN11011,Kolkata,991,1,2,15,Semi
IN11012,Kolkata,607,3,2,15,Unfurnished
IN11013,Bangalore,1108,3,1,15,Semi
IN11014,Bangalore,934,4,3,15,Unfurnished
IN11015,Hyderabad,1983,3,1,27.78,Semi
IN11016,Mumbai,1553,4,2,28.83,Furnished
IN11017,Delhi,410,2,2,15,Furnished
IN11018,Mumbai,1347,4,1,33.5,Unfurnished
IN11019,Kolkata,1450,1,3,20.41,Furnished
IN11020,Mumbai,1335,3,2,15,Semi
IN11021,Bangalore,749,1,2,15,Semi
IN11022,Mumbai,1359,1,1,22.3,Furnished
IN11023,Bangalore,1665,2,2,17.24,Furnished
IN11024,Delhi,1723,3,3,30.47,Unfurnished
IN11025,Kolkata,588,4,1,15,Furnished
IN11026,Mumbai,1485,3,2,24.37,Unfurnished
IN11027,Chennai,1441,3,2,20.04,Semi
IN11028,Kolkata,1180,1,1,15,Furnished
IN11029,Bangalore,1270,2,2,15.83,Semi
IN11030,Hyderabad,1500,3,2,27.24,Unfurnished
IN11031,Bangalore,1130,2,2,15,Furnished
IN11032,Bangalore,1133,2,2,17.09,Semi
IN11033,Bangalore,843,2,2,15,Unfurnished
IN11034,Bangalore,1097,3,2,15,Unfurnished
IN11035,Delhi,353,3,2,15,Furnished
IN11036,Mumbai,817,3,1,15,Furnished
IN11037,Chennai,1479,2,2,16.54,Furnished
IN11038,Bangalore,1266,1,2,18.29,Semi
IN11039,Chennai,795,2,2,15,Semi
IN11040,Hyderabad,590,2,1,15,Semi
IN11041,Mumbai,790,1,1,15,Semi
IN11042,Chennai,1047,1,1,15,Furnished
IN11043,Bangalore,704,1,3,15,Semi
IN11044,Mumbai,1329,3,2,27.72,Unfurnished
IN11045,Delhi,730,1,1,15,Furnished
IN11046,Bangalore,1944,3,2,20.77,Unfurnished
IN11047,Hyderabad,1194,3,3,16.44,Semi
IN11048,Kolkata,2191,1,1,25.11,Unfurnished
IN11049,Mumbai,815,4,1,15,Furnished
IN11050,Delhi,1275,4,3,15,Unfurnished
IN11051,Mumbai,853,3,2,15,Semi
IN11052,Hyderabad,921,1,2,19.09,Semi
IN11053,Kolkata,641,2,2,15,Furnished
IN11054,Kolkata,934,2,1,15,Furnished
IN11055,Bangalore,714,3,3,15,Furnished
IN11056,Delhi,1747,2,2,20.66,Semi
IN11057,Kolkata,1084,2,2,15,Unfurnished
IN11058,Hyderabad,675,3,2,15,Furnished
IN11059,Mumbai,1224,1,1,15,Semi
IN11060,Chennai,300,4,2,15,Furnished
IN11061,Kolkata,1138,2,3,24.44,Semi
IN11062,Mumbai,1523,3,1,26.67,Semi
IN11063,Kolkata,906,3,3,16.09,Furnished
IN11064,Hyderabad,1277,3,2,20.56,Furnished
IN11065,Bangalore,1017,4,2,16.47,Furnished
IN11066,Delhi,1323,3,2,16.73,Furnished
IN11067,Hyderabad,333,3,1,15,Semi
IN11068,Hyderabad,1113,3,3,15,Semi
IN11069,Hyderabad,685,1,3,15,Furnished
IN11070,Delhi,555,2,2,15,Unfurnished
IN11071,Kolkata,1141,1,1,15,Furnished
IN11072,Chennai,1096,2,1,15.71,Semi
IN11073,Hyderabad,541,1,2,15,Unfurnished
IN11074,Hyderabad,1137,2,1,17.32,Semi
IN11075,Mumbai,343,2,1,15,Furnished
IN11076,Mumbai,1137,2,3,15,Unfurnished
IN11077,Delhi,703,3,2,15,Unfurnished
IN11078,Bangalore,696,3,2,15,Unfurnished
IN11079,Hyderabad,1740,4,1,15,Furnished
IN11080,Bangalore,917,3,2,15,Furnished
IN11081,Delhi,1130,2,3,18.62,Unfurnished
IN11082,Hyderabad,982,2,3,15,Semi
IN11083,Hyderabad,586,2,1,15,Furnished
IN11084,Mumbai,815,1,1,15,Semi
IN11085,Kolkata,991,1,2,15,Furnished
IN11086,Kolkata,1334,2,3,15,Unfurnished
IN11087,Delhi,1534,2,2,22.13,Semi
IN11088,Delhi,841,2,3,15,Furnished
IN11089,Delhi,1377,3,3,21.53,Unfurnished
IN11090,Bangalore,913,4,1,16.77,Unfurnished
IN11091,Kolkata,934,2,1,15,Furnished
IN11092,Chennai,899,3,3,15,Semi
IN11093,Delhi,1500,4,1,15.85,Furnished
IN11094,Kolkata,759,4,1,15,Furnished
IN11095,Mumbai,978,1,3,16.92,Unfurnished
IN11096,Chennai,1065,2,2,15.61,Unfurnished
IN11097,Chennai,445,1,2,15,Semi
IN11098,Hyderabad,842,1,3,15,Unfurnished
IN11099,Kolkata,2173,1,1,37.29,Unfurnished
IN11100,Delhi,1293,1,3,23.49,Unfurnished
IN11101,Bangalore,1723,1,1,28.9,Semi
IN11102,Delhi,1982,2,2,22.85,Furnished
IN11103,Mumbai,2144,1,3,29.17,Unfurnished
IN11104,Kolkata,912,2,2,15,Semi
IN11105,Mumbai,843,1,2,15,Furnished
IN11106,Kolkata,1203,2,1,15,Unfurnished
IN11107,Chennai,894,2,3,15,Unfurnished
IN11108,Chennai,1257,3,2,15,Unfurnished
IN11109,Chennai,1243,1,2,20.54,Unfurnished
IN11110,Delhi,1650,4,2,18.73,Furnished
IN11111,Bangalore,1508,1,1,27.59,Furnished
IN11112,Chennai,1594,2,2,15,Unfurnished
IN11113,Bangalore,1095,4,2,15.86,Furnished
IN11114,Mumbai,597,3,2,15,Semi
IN11115,Bangalore,1407,2,2,15,Furnished
IN11116,Delhi,1798,1,1,23.6,Furnished
IN11117,Chennai,700,1,3,15,Unfurnished
IN11118,Hyderabad,904,3,1,15,Semi
IN11119,Chennai,465,2,2,15,Furnished
IN11120,Hyderabad,300,3,2,15,Unfurnished
IN11121,Chennai,1359,1,2,15,Furnished
IN11122,Bangalore,906,1,3,15,Semi
IN11123,Hyderabad,1418,1,3,23.89,Furnished
IN11124,Hyderabad,1080,3,1,19.2,Semi
IN11125,Chennai,1286,3,2,19.82,Semi
IN11126,Chennai,887,2,2,15,Unfurnished
IN11127,Delhi,1400,2,3,20.16,Semi
IN11128,Chennai,1062,3,1,15,Unfurnished
IN11129,Chennai,1184,1,2,18.32,Semi
IN11130,Bangalore,1246,3,2,16.32,Unfurnished
IN11131,Bangalore,741,2,2,15,Semi
IN11132,Mumbai,920,3,2,15.39,Furnished
IN11133,Mumbai,917,2,2,15,Semi
IN11134,Delhi,650,4,1,15,Unfurnished
IN11135,Hyderabad,1309,3,2,23.55,Furnished
IN11136,Bangalore,1017,1,2,15.02,Semi
IN11137,Kolkata,1763,1,1,32.5,Semi
IN11138,Mumbai,1539,3,3,15,Semi
IN11139,Kolkata,1236,2,1,24.98,Semi
IN11140,Chennai,1039,2,2,15.66,Unfurnished
IN11141,Hyderabad,1638,4,2,24.27,Furnished
IN11142,Delhi,1677,2,3,29.64,Furnished
IN11143,Delhi,776,4,3,15,Furnished
IN11144,Mumbai,1327,3,1,15,Furnished
IN11145,Chennai,491,4,3,15,Furnished
IN11146,Mumbai,1024,2,2,15,Unfurnished
IN11147,Delhi,2000,2,2,30.21,Semi
IN11148,Bangalore,545,4,2,15,Furnished
IN11149,Chennai,2019,2,2,17.79,Semi
IN11150,Hyderabad,903,2,1,15,Semi
IN11151,Kolkata,460,4,2,15,Semi
IN11152,Delhi,1777,1,3,21.43,Semi
IN11153,Bangalore,818,1,2,15,Furnished
IN11154,Delhi,1727,1,2,23.54,Furnished
IN11155,Delhi,442,2,3,15,Semi
IN11156,Chennai,1313,4,1,23.33,Semi
IN11157,Hyderabad,1728,2,1,27.03,Unfurnished
IN11158,Chennai,1181,2,1,17.2,Unfurnished
IN11159,Chennai,912,3,1,15,Furnished
IN11160,Hyderabad,1244,1,3,15,Semi
IN11161,Hyderabad,1371,3,2,16.65,Unfurnished
IN11162,Mumbai,1147,2,3,15,Furnished
IN11163,Mumbai,991,4,2,15,Furnished
IN11164,Kolkata,300,2,3,15,Unfurnished
IN11165,Chennai,1090,4,3,17.27,Semi
IN11166,Kolkata,1588,4,1,20.23,Furnished
IN11167,Delhi,1091,2,3,15,Unfurnished
IN11168,Chennai,1278,2,2,16.34,Semi
IN11169,Chennai,1442,3,2,15,Furnished
IN11170,Kolkata,822,2,3,17.42,Semi
IN11171,Bangalore,525,2,2,15,Furnished
IN11172,Hyderabad,892,3,1,15,Furnished
IN11173,Delhi,1719,3,2,30.17,Unfurnished
IN11174,Delhi,1523,4,2,15,Semi
IN11175,Bangalore,692,1,2,15,Unfurnished
IN11176,Delhi,1845,4,1,15,Unfurnished
IN11177,Bangalore,739,1,2,15,Furnished
IN11178,Bangalore,999,3,3,15,Unfurnished
IN11179,Hyderabad,1037,3,3,15,Unfurnished
IN11180,Bangalore,1190,4,3,15,Unfurnished
IN11181,Hyderabad,1138,3,3,15.16,Unfurnished
IN11182,Chennai,1238,4,2,15,Semi
IN11183,Mumbai,1005,3,2,15,Furnished
IN11184,Bangalore,999,1,2,15,Semi
IN11185,Hyderabad,935,3,3,15,Furnished
IN11186,Hyderabad,1427,3,2,15,Unfurnished
IN11187,Delhi,1935,2,3,33.15,Unfurnished
IN11188,Delhi,1201,2,3,16.45,Semi
IN11189,Kolkata,831,3,3,15,Semi
IN11190,Hyderabad,1537,3,2,22.01,Furnished
IN11191,Chennai,1058,3,2,15,Furnished
IN11192,Chennai,777,1,2,15,Unfurnished
IN11193,Mumbai,594,2,2,15,Unfurnished
IN11194,Delhi,946,3,1,15,Furnished
IN11195,Chennai,737,1,2,15,Unfurnished
IN11196,Kolkata,300,3,1,15,Furnished
IN11197,Bangalore,980,3,2,15,Unfurnished
IN11198,Delhi,431,2,3,15,Unfurnished
IN11199,Kolkata,681,3,2,15,Unfurnished
IN11200,Mumbai,981,3,2,15,Furnished
IN11201,Kolkata,1453,2,1,15,Furnished
IN11202,Mumbai,1332,2,2,16.77,Semi
IN11203,Delhi,772,2,3,15,Furnished
IN11204,Hyderabad,1961,2,3,30.87,Furnished
IN11205,Chennai,432,2,3,15,Furnished
IN11206,Delhi,805,3,2,15,Semi
IN11207,Mumbai,508,2,2,15,Unfurnished
IN11208,Chennai,858,3,1,15,Semi
IN11209,Kolkata,1660,4,2,26.58,Semi
IN11210,Kolkata,968,2,3,15,Semi
IN11211,Chennai,697,1,2,15,Semi
IN11212,Mumbai,1656,4,1,15,Furnished
IN11213,Mumbai,1004,2,3,15,Semi
IN11214,Chennai,1643,1,2,21.8,Unfurnished
IN11215,Bangalore,842,1,1,15,Unfurnished
IN11216,Delhi,945,3,3,15,Semi
IN11217,Kolkata,1407,3,2,19.19,Semi
IN11218,Chennai,1185,3,3,15,Furnished
IN11219,Bangalore,1208,3,3,16.71,Semi
IN11220,Mumbai,1287,4,3,15,Furnished
IN11221,Kolkata,1773,2,1,15,Unfurnished
IN11222,Chennai,901,4,2,15,Semi
IN11223,Hyderabad,1009,2,3,15,Semi
IN11224,Kolkata,1339,3,2,15,Semi
IN11225,Bangalore,1545,3,2,23.3,Furnished
IN11226,Hyderabad,1025,4,2,15,Unfurnished
IN11227,Mumbai,1171,3,3,15,Unfurnished
IN11228,Delhi,1146,4,2,15,Furnished
IN11229,Hyderabad,1311,4,2,15,Semi
IN11230,Mumbai,1588,3,1,26.55,Semi
IN11231,Hyderabad,743,1,2,15,Semi
IN11232,Mumbai,1432,3,3,19.37,Semi
IN11233,Mumbai,439,3,2,15,Unfurnished
IN11234,Chennai,1104,4,2,15,Semi
IN11235,Chennai,2184,1,2,20.95,Furnished
IN11236,Kolkata,1158,3,2,15,Unfurnished
IN11237,Bangalore,580,3,3,15,Unfurnished
IN11238,Hyderabad,1188,4,2,15,Semi
IN11239,Kolkata,428,1,2,15,Furnished
IN11240,Mumbai,786,3,2,15,Furnished
IN11241,Mumbai,744,1,1,15,Furnished
IN11242,Bangalore,666,2,2,15,Semi
IN11243,Chennai,2477,2,3,40.02,Furnished
IN11244,Bangalore,1772,3,2,15.29,Semi
IN11245,Hyderabad,1914,3,2,23.41,Furnished
IN11246,Mumbai,1673,3,3,21.45,Unfurnished
IN11247,Delhi,1257,3,1,15,Semi
IN11248,Mumbai,1431,3,2,18.44,Furnished
IN11249,Hyderabad,1281,4,2,22.74,Furnished
IN11250,Kolkata,1089,2,3,15,Semi
IN11251,Delhi,1044,3,1,15,Furnished
IN11252,Delhi,316,1,2,15,Semi
IN11253,Kolkata,728,4,3,15,Unfurnished
IN11254,Hyderabad,757,2,1,15,Unfurnished
IN11255,Hyderabad,1876,2,1,25.07,Furnished
IN11256,Mumbai,389,1,2,15,Semi
IN11257,Chennai,476,4,1,15,Unfurnished
IN11258,Kolkata,977,3,1,15,Semi
IN11259,Delhi,891,3,2,15,Unfurnished
IN11260,Hyderabad,1490,2,2,25.09,Semi
IN11261,Bangalore,379,2,1,15,Semi
IN11262,Delhi,1207,1,1,15.88,Furnished
IN11263,Bangalore,1453,2,2,25.66,Semi
IN11264,Hyderabad,490,1,1,15,Unfurnished
IN11265,Mumbai,1425,3,1,21.67,Unfurnished
IN11266,Mumbai,964,4,1,15,Semi
IN11267,Hyderabad,860,2,2,15,Furnished
IN11268,Delhi,942,3,2,15,Unfurnished
IN11269,Delhi,583,1,3,15,Semi
IN11270,Chennai,1057,1,2,20.79,Furnished
IN11271,Kolkata,1550,1,2,15,Semi
IN11272,Bangalore,950,2,1,15,Semi
IN11273,Chennai,1649,3,2,27.24,Furnished
IN11274,Hyderabad,794,3,3,15.23,Unfurnished
IN11275,Kolkata,460,3,3,15,Furnished
IN11276,Mumbai,1521,3,2,15,Unfurnished
IN11277,Chennai,933,3,2,15,Unfurnished
IN11278,Bangalore,1631,3,3,28.31,Unfurnished
IN11279,Chennai,610,2,3,15,Unfurnished
IN11280,Delhi,931,3,2,15,Unfurnished
IN11281,Chennai,1053,4,2,15.05,Furnished
IN11282,Mumbai,734,2,3,15,Unfurnished
IN11283,Bangalore,559,2,2,15,Unfurnished
IN11284,Chennai,585,3,2,15,Unfurnished
IN11285,Mumbai,733,2,3,15,Semi
IN11286,Chennai,412,2,3,15,Semi
IN11287,Delhi,887,2,3,15.43,Furnished
IN11288,Kolkata,788,2,1,15,Semi
IN11289,Delhi,1331,4,2,15,Furnished
IN11290,Delhi,1640,1,2,31.55,Semi
IN11291,Hyderabad,1312,3,2,22.1,Furnished
IN11292,Delhi,1220,2,3,15,Furnished
IN11293,Hyderabad,871,1,2,15,Semi
IN11294,Hyderabad,927,2,2,15,Unfurnished
IN11295,Hyderabad,950,1,2,15,Semi
IN11296,Hyderabad,1460,2,1,15,Furnished
IN11297,Bangalore,701,1,1,15,Unfurnished
IN11298,Delhi,1205,2,1,15,Unfurnished
IN11299,Chennai,560,1,2,15,Furnished
IN11300,Chennai,1447,3,2,25.44,Furnished
IN11301,Hyderabad,664,1,2,15,Semi
IN11302,Delhi,646,2,1,15,Furnished
IN11303,Chennai,782,3,3,15,Unfurnished
IN11304,Hyderabad,758,4,2,15,Semi
IN11305,Kolkata,1370,2,1,19.68,Unfurnished
IN11306,Delhi,1418,1,1,20.58,Semi
IN11307,Delhi,2434,2,2,42.75,Furnished
IN11308,Mumbai,1497,2,3,20.57,Unfurnished
IN11309,Chennai,349,1,2,15,Semi
IN11310,Chennai,2620,3,2,15,Furnished
IN11311,Hyderabad,1142,2,1,15,Unfurnished
IN11312,Delhi,516,4,2,15,Semi
IN11313,Bangalore,1146,3,2,15.14,Furnished
IN11314,Mumbai,1472,1,3,24.77,Unfurnished
IN11315,Kolkata,1396,2,3,15,Unfurnished
IN11316,Chennai,987,2,2,15,Unfurnished
IN11317,Chennai,643,3,2,15,Unfurnished
IN11318,Mumbai,1418,1,2,15,Furnished
IN11319,Hyderabad,387,2,1,15,Semi
IN11320,Hyderabad,1579,1,3,15,Semi
IN11321,Hyderabad,740,1,2,15,Semi
IN11322,Mumbai,565,2,2,15,Furnished
IN11323,Hyderabad,1365,3,3,15,Furnished
IN11324,Mumbai,300,3,1,15,Unfurnished
IN11325,Bangalore,1158,1,1,18.16,Unfurnished
IN11326,Mumbai,1139,4,2,15,Unfurnished
IN11327,Bangalore,1708,3,2,21.41,Furnished
IN11328,Chennai,1385,4,3,20.89,Furnished
IN11329,Mumbai,1361,3,3,17.43,Semi
IN11330,Delhi,1253,3,1,21.73,Furnished
IN11331,Kolkata,1375,4,3,15,Furnished
IN11332,Kolkata,615,3,1,15,Furnished
IN11333,Chennai,559,2,2,15,Furnished
IN11334,Bangalore,1263,2,2,23.85,Furnished
IN11335,Chennai,1513,4,2,25.81,Unfurnished
IN11336,Mumbai,958,4,3,15,Unfurnished
IN11337,Bangalore,724,2,1,15,Semi
IN11338,Chennai,1109,4,2,15,Semi
IN11339,Chennai,969,2,3,15,Semi
IN11340,Chennai,1183,2,2,15,Furnished
IN11341,Delhi,1528,2,2,15,Furnished
IN11342,Chennai,1207,1,2,18.84,Semi
IN11343,Mumbai,1319,2,1,17.2,Furnished
IN11344,Mumbai,473,3,3,15,Unfurnished
IN11345,Mumbai,823,4,2,15,Semi
IN11346,Kolkata,1500,3,3,15,Furnished
IN11347,Bangalore,1119,2,2,15,Semi
IN11348,Delhi,1276,2,1,19.36,Furnished
IN11349,Kolkata,1449,1,1,15,Semi
IN11350,Mumbai,1020,1,1,20.56,Unfurnished
IN11351,Mumbai,1405,1,3,15,Semi
IN11352,Chennai,590,2,2,15,Unfurnished
IN11353,Hyderabad,1724,2,3,28.7,Furnished
IN11354,Delhi,582,2,2,15,Furnished
IN11355,Bangalore,1352,1,1,19.52,Unfurnished
IN11356,Kolkata,896,2,2,15,Furnished
IN11357,Delhi,1275,2,2,15,Semi
IN11358,Chennai,1675,2,2,19.84,Semi
IN11359,Chennai,1145,4,2,17.55,Furnished
IN11360,Chennai,1160,2,2,15,Semi
IN11361,Mumbai,548,3,3,15,Unfurnished
IN11362,Chennai,1103,4,2,15.96,Unfurnished
IN11363,Mumbai,791,2,1,15,Semi
IN11364,Mumbai,904,1,2,15,Furnished
IN11365,Hyderabad,1917,3,2,22.2,Unfurnished
IN11366,Mumbai,703,3,2,15,Unfurnished
IN11367,Bangalore,537,1,2,15,Unfurnished
IN11368,Delhi,1481,2,2,22.94,Furnished
IN11369,Mumbai,320,2,2,15,Furnished
IN11370,Mumbai,562,4,2,15,Furnished
IN11371,Hyderabad,1311,4,2,15,Unfurnished
IN11372,Chennai,535,2,1,15,Unfurnished
IN11373,Mumbai,974,2,2,16.99,Semi
IN11374,Delhi,697,2,2,15,Furnished
IN11375,Kolkata,605,2,2,15,Semi
IN11376,Chennai,848,4,3,15.44,Semi
IN11377,Hyderabad,868,2,3,15,Furnished
IN11378,Hyderabad,1279,2,1,15.62,Furnished
IN11379,Kolkata,997,4,1,15,Semi
IN11380,Hyderabad,568,2,2,15,Semi
IN11381,Bangalore,1017,2,2,19.32,Furnished
IN11382,Hyderabad,789,2,3,15,Unfurnished
IN11383,Chennai,1036,2,3,15,Unfurnished
IN11384,Delhi,786,4,1,15,Furnished
IN11385,Bangalore,369,3,1,15,Semi
IN11386,Hyderabad,809,3,2,15,Furnished
IN11387,Mumbai,1062,3,2,16.82,Furnished
IN11388,Hyderabad,453,3,2,15,Unfurnished
IN11389,Delhi,795,4,2,15,Furnished
IN11390,Kolkata,844,1,2,15,Unfurnished
IN11391,Mumbai,1065,2,2,15,Semi
IN11392,Kolkata,570,2,3,15,Unfurnished
IN11393,Delhi,789,2,2,17.52,Furnished
IN11394,Kolkata,1450,4,1,17.87,Furnished
IN11395,Delhi,874,1,2,15,Furnished
IN11396,Chennai,874,2,2,15,Furnished
IN11397,Mumbai,1635,2,2,19.93,Furnished
IN11398,Hyderabad,1190,4,2,21.67,Furnished
IN11399,Delhi,747,3,2,15,Unfurnished
IN11400,Chennai,1107,3,1,15,Furnished
IN11401,Chennai,1315,3,3,23.8,Semi
IN11402,Delhi,788,3,2,15,Semi
IN11403,Kolkata,561,1,3,15,Unfurnished
IN11404,Kolkata,1669,2,1,27.25,Unfurnished
IN11405,Hyderabad,995,3,2,17.87,Semi
IN11406,Mumbai,372,3,1,15,Semi
IN11407,Bangalore,1056,3,1,15,Unfurnished
IN11408,Kolkata,1683,3,2,26.12,Semi
IN11409,Kolkata,1825,2,1,23.64,Semi
IN11410,Chennai,771,1,1,15,Unfurnished
IN11411,Chennai,1268,2,3,22.52,Furnished
IN11412,Chennai,1195,4,3,17.07,Semi
IN11413,Chennai,709,2,2,15,Unfurnished
IN11414,Kolkata,1180,2,2,15,Semi
IN11415,Bangalore,300,2,3,15,Furnished
IN11416,Kolkata,1666,3,2,15,Furnished
IN11417,Bangalore,1061,2,3,17.91,Furnished
IN11418,Delhi,1372,2,2,15,Semi
IN11419,Chennai,1529,4,1,25.46,Furnished
IN11420,Delhi,1387,3,1,15,Semi
IN11421,Chennai,1026,2,3,15,Semi
IN11422,Bangalore,949,3,2,16.75,Semi
IN11423,Bangalore,962,1,1,15,Unfurnished
IN11424,Mumbai,1148,2,1,15,Semi
IN11425,Chennai,300,3,1,15,Unfurnished
IN11426,Delhi,1098,4,3,15,Unfurnished
IN11427,Mumbai,1037,1,2,15,Unfurnished
IN11428,Bangalore,1150,4,3,15,Furnished
IN11429,Bangalore,737,3,3,15,Unfurnished
IN11430,Mumbai,1117,4,3,15,Semi
IN11431,Kolkata,901,2,1,15,Furnished
IN11432,Hyderabad,1688,4,3,31.48,Unfurnished
IN11433,Kolkata,1349,2,2,15.81,Furnished
IN11434,Hyderabad,1246,4,2,15,Semi
IN11435,Hyderabad,337,2,1,15,Semi
IN11436,Delhi,1105,1,2,16.59,Semi
IN11437,Delhi,1145,1,2,15,Furnished
IN11438,Kolkata,801,3,2,17.43,Semi
IN11439,Bangalore,1551,3,1,15,Furnished
IN11440,Delhi,1430,2,1,25.26,Furnished
IN11441,Chennai,375,1,3,15,Unfurnished
IN11442,Hyderabad,766,4,2,15,Furnished
IN11443,Delhi,1133,3,3,15.63,Furnished
IN11444,Kolkata,1369,3,1,20.99,Furnished
IN11445,Mumbai,815,1,2,15,Unfurnished
IN11446,Delhi,504,2,2,15,Semi
IN11447,Kolkata,1212,4,2,15,Furnished
IN11448,Bangalore,1538,3,2,19.11,Unfurnished
IN11449,Mumbai,1037,2,1,19.29,Semi
IN11450,Bangalore,1235,1,2,15,Semi
IN11451,Hyderabad,513,3,2,15,Semi
IN11452,Chennai,1006,3,2,15,Furnished
IN11453,Chennai,1483,2,2,19.39,Unfurnished
IN11454,Chennai,594,2,2,15,Furnished
IN11455,Kolkata,863,3,1,15,Furnished
IN11456,Hyderabad,1986,2,2,15.99,Semi
IN11457,Chennai,377,1,1,15,Semi
IN11458,Delhi,1144,4,2,19.66,Unfurnished
IN11459,Chennai,1141,3,2,16.62,Furnished
IN11460,Hyderabad,1916,2,2,37.69,Unfurnished
IN11461,Bangalore,819,1,1,15,Semi
IN11462,Chennai,1483,1,2,16.2,Semi
IN11463,Kolkata,925,2,2,15,Furnished
IN11464,Delhi,300,1,3,15,Unfurnished
IN11465,Chennai,654,2,3,15,Unfurnished
IN11466,Bangalore,1585,3,1,16.55,Furnished
IN11467,Chennai,1294,2,3,15,Unfurnished
IN11468,Delhi,1335,3,2,15,Semi
IN11469,Hyderabad,1527,2,2,20.04,Semi
IN11470,Bangalore,300,2,2,15,Unfurnished
IN11471,Kolkata,1289,1,2,15,Furnished
IN11472,Hyderabad,821,1,3,15,Unfurnished
IN11473,Chennai,1218,1,3,15,Unfurnished
IN11474,Chennai,1715,3,2,24.24,Semi
IN11475,Chennai,634,3,2,15,Unfurnished
IN11476,Chennai,785,3,2,15,Semi
IN11477,Bangalore,1065,4,2,15,Semi
IN11478,Delhi,1333,3,2,20.37,Furnished
IN11479,Bangalore,300,2,2,15,Furnished
IN11480,Hyderabad,1709,3,3,35.65,Unfurnished
IN11481,Kolkata,691,2,2,15,Furnished
IN11482,Kolkata,1290,2,1,24.76,Furnished
IN11483,Chennai,431,2,1,15,Furnished
IN11484,Delhi,325,1,1,15,Furnished
IN11485,Delhi,1364,2,2,15,Semi
IN11486,Kolkata,957,1,2,15,Unfurnished
IN11487,Kolkata,300,2,2,15,Unfurnished
IN11488,Mumbai,686,3,3,15,Semi
IN11489,Bangalore,873,4,2,15,Semi
IN11490,Mumbai,1368,4,2,24.63,Semi
IN11491,Chennai,702,4,1,15,Semi
IN11492,Mumbai,1903,1,3,19.89,Semi
IN11493,Hyderabad,343,2,1,15,Furnished
IN11494,Bangalore,1200,2,2,15,Furnished
IN11495,Mumbai,1107,2,1,15,Semi
IN11496,Hyderabad,762,2,2,15,Unfurnished
IN11497,Mumbai,1102,4,2,15,Furnished
IN11498,Bangalore,776,1,2,15,Furnished
IN11499,Chennai,566,3,1,15,Furnished
IN11500,Kolkata,1566,2,2,17.2,Unfurnished
IN11501,Bangalore,1556,2,2,25.13,Furnished
IN11502,Mumbai,1266,2,3,15,Semi
IN11503,Hyderabad,300,2,2,15,Furnished
IN11504,Chennai,1363,3,3,15,Unfurnished
IN11505,Kolkata,876,1,3,15,Furnished
IN11506,Delhi,1060,2,2,17.33,Semi
IN11507,Chennai,1244,3,3,23.93,Semi
IN11508,Chennai,945,2,3,15,Semi
IN11509,Chennai,845,1,1,15,Semi
IN11510,Kolkata,300,1,2,15,Unfurnished
IN11511,Kolkata,300,1,2,15,Unfurnished
IN11512,Kolkata,652,4,2,15,Semi
IN11513,Bangalore,1229,3,3,15,Furnished
IN11514,Delhi,1590,4,2,25.5,Furnished
IN11515,Bangalore,654,2,3,15,Unfurnished
IN11516,Delhi,300,3,2,15,Furnished
IN11517,Bangalore,1301,2,2,18.93,Unfurnished
IN11518,Bangalore,1031,3,1,15,Semi
IN11519,Bangalore,683,1,2,15,Semi
IN11520,Kolkata,517,3,2,15,Semi
IN11521,Kolkata,570,2,2,15,Furnished
IN11522,Delhi,747,2,1,15,Unfurnished
IN11523,Bangalore,300,4,3,15,Unfurnished
IN11524,Kolkata,1068,1,3,16.54,Semi
IN11525,Delhi,1280,4,1,20.8,Semi
IN11526,Kolkata,1381,2,2,15,Furnished
IN11527,Chennai,1334,2,3,21.64,Unfurnished
IN11528,Hyderabad,1517,3,1,16.53,Unfurnished
IN11529,Kolkata,1539,2,2,16.51,Unfurnished
IN11530,Mumbai,1649,1,3,15,Unfurnished
IN11531,Delhi,1317,3,2,15,Semi
IN11532,Mumbai,1732,2,2,21.17,Furnished
IN11533,Delhi,1290,2,2,17.73,Semi
IN11534,Kolkata,611,1,2,15,Furnished
IN11535,Mumbai,1371,3,2,15,Semi
IN11536,Chennai,982,3,3,15,Unfurnished
IN11537,Bangalore,1350,4,2,16.98,Furnished
IN11538,Bangalore,1444,2,2,23.9,Semi
IN11539,Chennai,883,3,3,15,Furnished
IN11540,Kolkata,618,4,3,15,Semi
IN11541,Bangalore,1868,2,3,33.14,Unfurnished
IN11542,Hyderabad,723,2,3,15,Furnished
IN11543,Bangalore,1530,3,2,18.71,Furnished
IN11544,Kolkata,901,4,2,15,Furnished
IN11545,Hyderabad,635,1,1,15,Unfurnished
IN11546,Delhi,1741,3,2,16.22,Semi
IN11547,Kolkata,779,2,1,15,Furnished
IN11548,Mumbai,1712,2,2,29.71,Unfurnished
IN11549,Bangalore,531,4,2,15,Semi
IN11550,Bangalore,1322,1,1,15,Unfurnished
IN11551,Bangalore,1664,1,2,24.81,Unfurnished
IN11552,Delhi,1454,1,3,15,Furnished
IN11553,Bangalore,722,4,3,15,Semi
IN11554,Chennai,1170,3,2,15,Furnished
IN11555,Kolkata,1095,4,3,15.18,Semi
IN11556,Mumbai,1256,3,2,17.86,Unfurnished
IN11557,Chennai,1320,3,2,15,Unfurnished
IN11558,Delhi,846,1,3,15,Semi
IN11559,Bangalore,300,4,3,15,Unfurnished
IN11560,Hyderabad,1140,3,2,21.64,Furnished
IN11561,Delhi,2026,3,2,20.87,Unfurnished
IN11562,Mumbai,545,3,1,15,Unfurnished
IN11563,Bangalore,1729,3,2,30.64,Semi
IN11564,Chennai,833,2,2,15,Semi
IN11565,Kolkata,895,3,2,15,Furnished
IN11566,Hyderabad,1406,3,1,15,Unfurnished
IN11567,Hyderabad,1589,3,2,34.45,Unfurnished
IN11568,Kolkata,2052,3,1,29.45,Furnished
IN11569,Kolkata,1184,3,2,15,Unfurnished
IN11570,Mumbai,1053,2,3,15,Semi
IN11571,Chennai,1696,2,2,28.69,Semi
IN11572,Bangalore,1053,2,1,15.49,Furnished
IN11573,Mumbai,1042,3,2,15,Unfurnished
IN11574,Chennai,1380,2,1,19.68,Semi
IN11575,Hyderabad,1223,2,1,15,Unfurnished
IN11576,Chennai,937,3,1,15,Semi
IN11577,Mumbai,1391,2,1,18.89,Furnished
IN11578,Bangalore,885,3,2,15,Semi
IN11579,Hyderabad,1132,4,2,15,Semi
IN11580,Mumbai,1203,4,3,15,Semi
IN11581,Kolkata,744,2,2,15,Unfurnished
IN11582,Delhi,926,3,3,15,Furnished
IN11583,Bangalore,1696,3,2,15,Furnished
IN11584,Mumbai,1436,3,1,23.87,Furnished
IN11585,Hyderabad,1064,4,2,20.09,Semi
IN11586,Bangalore,1156,3,3,15,Unfurnished
IN11587,Mumbai,1284,1,1,19.03,Unfurnished
IN11588,Hyderabad,1670,1,1,36.66,Unfurnished
IN11589,Bangalore,755,4,2,15,Furnished
IN11590,Bangalore,1263,3,2,18.52,Unfurnished
IN11591,Mumbai,2226,2,2,18.88,Furnished
IN11592,Mumbai,1014,4,2,15,Semi
IN11593,Chennai,478,2,2,15,Semi
IN11594,Delhi,541,3,1,15,Semi
IN11595,Mumbai,1247,2,3,20.16,Unfurnished
IN11596,Kolkata,1325,2,2,15,Semi
IN11597,Delhi,725,3,3,15.82,Semi
IN11598,Mumbai,1502,3,2,20.25,Semi
IN11599,Hyderabad,1182,2,3,15,Furnished
IN11600,Mumbai,672,3,1,15,Semi
IN11601,Kolkata,978,2,1,15,Unfurnished
IN11602,Delhi,1105,3,3,15,Unfurnished
IN11603,Hyderabad,1418,2,3,15,Unfurnished
IN11604,Bangalore,381,4,1,15,Semi
IN11605,Chennai,343,4,1,15,Furnished
IN11606,Delhi,1072,2,1,15.67,Semi
IN11607,Mumbai,361,1,2,15,Furnished
IN11608,Bangalore,1094,3,2,15,Unfurnished
IN11609,Kolkata,382,3,2,15,Semi
IN11610,Hyderabad,1441,3,2,22.01,Semi
IN11611,Chennai,1294,3,2,15,Unfurnished
IN11612,Mumbai,1469,2,2,15,Furnished
IN11613,Mumbai,1707,4,2,37.52,Furnished
IN11614,Hyderabad,1389,3,2,15.21,Furnished
IN11615,Chennai,300,4,1,15,Furnished
IN11616,Kolkata,457,3,2,15,Unfurnished
IN11617,Chennai,363,3,2,15,Semi
IN11618,Mumbai,1152,3,3,15,Unfurnished
IN11619,Kolkata,1882,3,2,22.88,Unfurnished
IN11620,Mumbai,1180,3,2,15,Furnished
IN11621,Hyderabad,1342,1,2,19.41,Furnished
IN11622,Delhi,1099,4,3,15,Unfurnished
IN11623,Chennai,1404,3,2,23.75,Unfurnished
IN11624,Kolkata,1380,3,3,15,Furnished
IN11625,Hyderabad,1173,2,2,15,Semi
IN11626,Hyderabad,1683,4,1,15.02,Unfurnished
IN11627,Kolkata,995,3,2,15,Semi
IN11628,Bangalore,1176,2,2,19.2,Semi
IN11629,Mumbai,1508,1,2,26.18,Unfurnished
IN11630,Delhi,798,3,1,15,Semi
IN11631,Mumbai,603,2,2,15,Semi
IN11632,Chennai,1029,3,1,15.79,Unfurnished
IN11633,Hyderabad,1382,3,2,15,Furnished
IN11634,Delhi,1477,3,2,16.75,Unfurnished
IN11635,Delhi,1030,3,1,21.51,Furnished
IN11636,Mumbai,300,2,2,15,Furnished
IN11637,Kolkata,1373,1,2,16.37,Semi
IN11638,Kolkata,2014,4,2,17.77,Furnished
IN11639,Delhi,2070,2,1,25.93,Unfurnished
IN11640,Delhi,1940,3,2,19.38,Furnished
IN11641,Hyderabad,885,4,1,15,Furnished
IN11642,Kolkata,1310,4,3,15.3,Semi
IN11643,Mumbai,1379,3,1,16.19,Unfurnished
IN11644,Kolkata,1067,3,1,15,Furnished
IN11645,Kolkata,1509,1,2,25.3,Semi
IN11646,Chennai,934,3,1,15.02,Furnished
IN11647,Kolkata,1913,3,1,15,Furnished
IN11648,Mumbai,601,3,3,15,Semi
IN11649,Kolkata,1923,2,3,27.38,Furnished
IN11650,Hyderabad,1657,3,2,28.77,Furnished
IN11651,Bangalore,969,3,3,15,Semi
IN11652,Chennai,1099,2,1,15.41,Semi
IN11653,Hyderabad,1177,4,3,15,Furnished
IN11654,Chennai,885,3,2,15,Furnished
IN11655,Mumbai,1060,3,1,15,Semi
IN11656,Chennai,684,4,1,15,Semi
IN11657,Mumbai,1015,3,2,15,Unfurnished
IN11658,Chennai,962,3,3,16.12,Semi
IN11659,Kolkata,1263,1,2,15.88,Furnished
IN11660,Bangalore,2014,3,2,28.82,Furnished
IN11661,Kolkata,1400,3,3,27.08,Semi
IN11662,Bangalore,970,2,3,15,Semi
IN11663,Chennai,817,2,2,15,Unfurnished
IN11664,Bangalore,631,4,3,15,Furnished
IN11665,Bangalore,960,2,2,15,Semi
IN11666,Mumbai,1005,1,2,15,Furnished
IN11667,Mumbai,300,3,2,15,Semi
IN11668,Bangalore,1598,2,1,22.15,Semi
IN11669,Mumbai,1296,3,3,22.38,Furnished
IN11670,Mumbai,1273,2,1,20.83,Furnished
IN11671,Hyderabad,1458,2,3,24.79,Unfurnished
IN11672,Bangalore,759,3,2,15,Semi
IN11673,Chennai,1083,3,2,17.64,Furnished
IN11674,Chennai,1094,4,3,15,Semi
IN11675,Kolkata,1482,3,2,15,Furnished
IN11676,Bangalore,1018,3,1,15,Furnished
IN11677,Hyderabad,1502,1,2,15.78,Unfurnished
IN11678,Delhi,645,1,1,15,Unfurnished
IN11679,Hyderabad,571,1,2,15,Furnished
IN11680,Mumbai,1170,4,2,18.44,Furnished
IN11681,Chennai,1315,1,3,25.85,Unfurnished
IN11682,Chennai,1229,3,2,17.65,Unfurnished
IN11683,Chennai,878,3,2,15,Semi
IN11684,Mumbai,1338,4,1,19.51,Furnished
IN11685,Bangalore,1092,2,1,15,Semi
IN11686,Delhi,1428,3,1,15,Furnished
IN11687,Kolkata,1776,2,1,28.72,Semi
IN11688,Delhi,664,3,3,15,Semi
IN11689,Delhi,934,3,2,15,Unfurnished
IN11690,Kolkata,1766,2,2,21.23,Unfurnished
IN11691,Bangalore,955,4,1,15,Furnished
IN11692,Bangalore,1706,2,2,32.03,Unfurnished
IN11693,Bangalore,1552,4,2,15,Furnished
IN11694,Hyderabad,1092,4,3,15,Semi
IN11695,Hyderabad,320,2,2,15,Furnished
IN11696,Mumbai,999,4,2,15,Semi
IN11697,Kolkata,300,2,3,15,Semi
IN11698,Bangalore,1745,2,2,21.89,Unfurnished
IN11699,Mumbai,1696,2,3,23.19,Unfurnished
IN11700,Hyderabad,899,2,3,15,Furnished
IN11701,Hyderabad,1070,1,1,15,Semi
IN11702,Bangalore,1090,2,1,15,Furnished
IN11703,Kolkata,1354,3,1,15,Unfurnished
IN11704,Chennai,1712,3,2,21.99,Semi
IN11705,Bangalore,1850,2,2,39.24,Semi
IN11706,Kolkata,1359,2,2,15,Unfurnished
IN11707,Mumbai,724,1,2,15,Semi
IN11708,Chennai,657,2,1,15,Unfurnished
IN11709,Delhi,680,3,2,15,Unfurnished
IN11710,Hyderabad,1832,3,3,29.51,Furnished
IN11711,Chennai,1719,3,3,28.53,Furnished
IN11712,Chennai,526,2,2,15,Unfurnished
IN11713,Bangalore,980,3,2,15,Unfurnished
IN11714,Chennai,1962,2,2,26.74,Unfurnished
IN11715,Chennai,1819,4,2,23.95,Semi
IN11716,Chennai,1686,2,2,28.09,Semi
IN11717,Hyderabad,508,3,3,15,Semi
IN11718,Delhi,1059,2,3,15,Furnished
IN11719,Hyderabad,1354,2,2,15,Semi
IN11720,Mumbai,788,2,3,15,Semi
IN11721,Kolkata,1799,3,2,15.71,Unfurnished
IN11722,Bangalore,443,1,3,15,Unfurnished
IN11723,Hyderabad,704,2,3,15,Unfurnished
IN11724,Delhi,1679,2,2,28.41,Furnished
IN11725,Bangalore,814,2,2,15,Semi
IN11726,Delhi,300,2,2,15,Unfurnished
IN11727,Hyderabad,1281,3,1,15,Semi
IN11728,Mumbai,597,4,2,15,Furnished
IN11729,Hyderabad,645,4,2,15,Unfurnished
IN11730,Chennai,300,3,2,15,Unfurnished
IN11731,Kolkata,1132,2,2,15,Unfurnished
IN11732,Delhi,1199,3,2,15,Unfurnished
IN11733,Bangalore,872,2,2,15,Semi
IN11734,Hyderabad,300,3,1,15,Unfurnished
IN11735,Bangalore,777,1,3,15,Semi
IN11736,Delhi,996,2,2,18.13,Semi
IN11737,Mumbai,896,2,2,15,Unfurnished
IN11738,Bangalore,1131,1,1,15,Unfurnished
IN11739,Chennai,1711,1,2,15.45,Unfurnished
IN11740,Kolkata,2420,2,2,32.37,Furnished
IN11741,Bangalore,1373,2,2,18.26,Semi
IN11742,Delhi,1143,2,1,15,Furnished
IN11743,Bangalore,1618,2,2,24.95,Unfurnished
IN11744,Bangalore,1234,2,2,15,Furnished
IN11745,Hyderabad,1157,2,2,19.31,Furnished
IN11746,Mumbai,1105,3,1,15,Unfurnished
IN11747,Bangalore,978,3,2,15,Unfurnished
IN11748,Delhi,885,3,2,15.92,Unfurnished
IN11749,Bangalore,922,3,3,15,Semi
IN11750,Hyderabad,800,3,3,15,Furnished
IN11751,Hyderabad,300,2,3,15,Furnished
IN11752,Hyderabad,1430,3,1,15,Furnished
IN11753,Mumbai,888,2,2,15,Unfurnished
IN11754,Kolkata,1136,1,3,15,Unfurnished
IN11755,Mumbai,1100,3,1,20.33,Semi
IN11756,Mumbai,955,3,1,15,Furnished
IN11757,Bangalore,617,1,2,15,Unfurnished
IN11758,Kolkata,543,3,2,15,Unfurnished
IN11759,Bangalore,1615,2,2,15,Semi
IN11760,Mumbai,1158,3,1,15,Semi
IN11761,Hyderabad,1532,4,3,15,Furnished
IN11762,Chennai,2881,3,2,52.31,Furnished
IN11763,Delhi,1583,3,1,15,Semi
IN11764,Mumbai,493,2,1,15,Semi
IN11765,Hyderabad,1277,1,1,19.42,Furnished
IN11766,Bangalore,1221,2,2,22.05,Furnished
IN11767,Chennai,1652,4,3,27.6,Furnished
IN11768,Chennai,1388,4,2,17.53,Furnished
IN11769,Mumbai,729,2,2,15,Unfurnished
IN11770,Delhi,1296,1,3,23.21,Unfurnished
IN11771,Delhi,1424,4,1,15,Unfurnished
IN11772,Mumbai,1118,3,1,15,Furnished
IN11773,Hyderabad,1069,3,2,15,Unfurnished
IN11774,Mumbai,531,4,3,15,Unfurnished
IN11775,Bangalore,1136,3,1,18.73,Unfurnished
IN11776,Hyderabad,1279,2,2,15,Unfurnished
IN11777,Kolkata,1477,2,2,15,Unfurnished
IN11778,Bangalore,1174,1,2,16.33,Semi
IN11779,Hyderabad,454,3,3,15,Furnished
IN11780,Mumbai,782,3,2,15,Unfurnished
IN11781,Kolkata,877,2,3,15,Unfurnished
IN11782,Delhi,2246,3,1,29.95,Unfurnished
IN11783,Hyderabad,779,4,2,15,Furnished
IN11784,Delhi,1723,1,2,15.55,Semi
IN11785,Kolkata,1196,3,1,15,Furnished
IN11786,Kolkata,1659,1,1,24.39,Unfurnished
IN11787,Kolkata,300,2,2,15,Semi
IN11788,Chennai,1381,4,3,15,Semi
IN11789,Hyderabad,987,4,2,15,Furnished
IN11790,Hyderabad,1436,2,1,16.02,Furnished
IN11791,Hyderabad,1293,3,2,15,Furnished
IN11792,Chennai,737,1,2,15,Unfurnished
IN11793,Kolkata,1312,2,3,15,Semi
IN11794,Kolkata,1309,4,1,24.71,Semi
IN11795,Chennai,1185,2,3,15,Unfurnished
IN11796,Delhi,1438,2,3,15,Furnished
IN11797,Kolkata,483,1,1,15,Furnished
IN11798,Delhi,610,1,1,15,Furnished
IN11799,Mumbai,574,2,3,15,Furnished
IN11800,Hyderabad,1521,2,1,21.42,Unfurnished
IN11801,Delhi,1869,1,1,16.44,Furnished
IN11802,Hyderabad,1389,3,3,15,Semi
IN11803,Kolkata,300,3,2,15,Furnished
IN11804,Kolkata,1063,3,2,15,Semi
IN11805,Kolkata,1338,3,2,21.22,Semi
IN11806,Delhi,716,2,1,15,Furnished
IN11807,Bangalore,1279,2,1,18.67,Furnished
IN11808,Bangalore,1161,2,1,15,Furnished
IN11809,Delhi,1327,3,2,28.46,Unfurnished
IN11810,Hyderabad,1485,1,3,15,Unfurnished
IN11811,Bangalore,936,2,1,15,Furnished
IN11812,Bangalore,1141,3,2,15.87,Unfurnished
IN11813,Bangalore,848,2,1,15,Furnished
IN11814,Delhi,1249,2,3,21.41,Unfurnished
IN11815,Delhi,956,3,2,15,Furnished
IN11816,Hyderabad,1422,4,2,15,Unfurnished
IN11817,Mumbai,1292,3,3,15,Unfurnished
IN11818,Mumbai,837,4,3,15,Semi
IN11819,Kolkata,1571,3,2,19.75,Unfurnished
IN11820,Hyderabad,841,1,1,15,Furnished
IN11821,Mumbai,1235,3,2,15,Unfurnished
IN11822,Hyderabad,1373,4,1,15,Semi
IN11823,Delhi,1409,2,2,18.13,Semi
IN11824,Bangalore,1503,1,2,15.96,Furnished
IN11825,Kolkata,1466,2,3,15,Semi
IN11826,Mumbai,1033,2,2,15,Furnished
IN11827,Hyderabad,1159,2,1,15,Unfurnished
IN11828,Delhi,1430,2,3,25.48,Semi
IN11829,Delhi,1110,1,2,15.08,Semi
IN11830,Chennai,536,3,1,15,Furnished
IN11831,Kolkata,1310,4,2,15,Semi
IN11832,Chennai,1195,2,2,18.64,Semi
IN11833,Chennai,1804,3,2,24.28,Furnished
IN11834,Hyderabad,300,2,2,15,Unfurnished
IN11835,Mumbai,920,2,3,15,Unfurnished
IN11836,Chennai,1200,1,1,15,Furnished
IN11837,Kolkata,1339,2,1,15.73,Furnished
IN11838,Kolkata,1373,2,3,15.85,Unfurnished
IN11839,Delhi,913,1,2,15,Furnished
IN11840,Chennai,1108,2,3,15.24,Furnished
IN11841,Kolkata,1614,2,3,16.01,Semi
IN11842,Chennai,510,2,2,15,Unfurnished
IN11843,Hyderabad,712,2,2,15,Furnished
IN11844,Bangalore,915,2,2,15,Unfurnished
IN11845,Chennai,1643,1,2,15,Semi
IN11846,Mumbai,1132,3,1,20.72,Furnished
IN11847,Delhi,707,1,2,15,Unfurnished
IN11848,Chennai,865,2,3,15,Furnished
IN11849,Kolkata,748,3,2,15,Semi
IN11850,Hyderabad,1316,3,2,15,Furnished
IN11851,Delhi,1673,3,1,16.98,Semi
IN11852,Bangalore,1168,4,2,16.98,Furnished
IN11853,Delhi,1992,3,2,27.7,Unfurnished
IN11854,Kolkata,669,1,2,15,Semi
IN11855,Kolkata,391,1,1,15,Unfurnished
IN11856,Kolkata,869,1,2,15,Semi
IN11857,Mumbai,1851,1,1,26.59,Unfurnished
IN11858,Hyderabad,727,2,2,15,Unfurnished
IN11859,Chennai,995,4,2,16.69,Unfurnished
IN11860,Bangalore,1496,2,3,20.98,Unfurnished
IN11861,Delhi,1194,3,2,15,Unfurnished
IN11862,Mumbai,1457,2,2,15.68,Furnished
IN11863,Hyderabad,479,2,3,15,Semi
IN11864,Chennai,1095,2,2,15,Semi
IN11865,Chennai,973,2,1,15,Furnished
IN11866,Hyderabad,1376,4,1,17.24,Furnished
IN11867,Hyderabad,610,2,2,15,Furnished
IN11868,Mumbai,1800,3,2,31.0,Semi
IN11869,Kolkata,2004,2,2,15.64,Unfurnished
IN11870,Chennai,704,3,3,15,Semi
IN11871,Kolkata,1212,3,2,15,Semi
IN11872,Bangalore,862,4,2,15,Unfurnished
IN11873,Bangalore,424,4,3,15,Unfurnished
IN11874,Mumbai,702,2,2,15,Semi
IN11875,Chennai,1195,2,2,15,Semi
IN11876,Bangalore,700,3,2,15,Furnished
IN11877,Delhi,1515,2,3,27.97,Semi
IN11878,Bangalore,786,1,2,15,Semi
IN11879,Bangalore,880,3,2,15,Unfurnished
IN11880,Delhi,1472,1,2,20.13,Furnished
IN11881,Chennai,1094,3,2,21.09,Furnished
IN11882,Kolkata,794,4,1,15,Unfurnished
IN11883,Kolkata,603,1,2,15,Semi
IN11884,Chennai,1857,4,2,25.3,Semi
IN11885,Kolkata,779,3,1,15,Semi
IN11886,Chennai,1005,4,3,15,Semi
IN11887,Chennai,1743,3,1,15,Semi
IN11888,Hyderabad,1463,3,2,15,Furnished
IN11889,Mumbai,1720,3,1,19.57,Unfurnished
IN11890,Chennai,300,2,1,15,Furnished
IN11891,Mumbai,300,4,2,15,Semi
IN11892,Chennai,1473,4,2,18.41,Semi
IN11893,Kolkata,1892,3,2,23.85,Semi
IN11894,Kolkata,575,3,2,15,Furnished
IN11895,Bangalore,1780,1,1,26.13,Unfurnished
IN11896,Delhi,796,4,2,15,Unfurnished
IN11897,Kolkata,1379,4,1,15,Semi
IN11898,Chennai,1314,4,3,15,Furnished
IN11899,Hyderabad,740,4,1,15,Semi
IN11900,Hyderabad,1057,2,2,15,Furnished
IN11901,Kolkata,1255,2,2,15,Furnished
IN11902,Delhi,1548,1,1,15,Unfurnished
IN11903,Chennai,648,3,1,15,Furnished
IN11904,Delhi,1332,3,2,17.51,Unfurnished
IN11905,Hyderabad,1750,4,3,23.71,Unfurnished
IN11906,Kolkata,1295,3,3,15,Furnished
IN11907,Delhi,809,1,2,15,Unfurnished
IN11908,Hyderabad,1086,1,3,15.95,Furnished
IN11909,Delhi,1261,4,2,17.71,Unfurnished
IN11910,Chennai,1412,1,3,15,Furnished
IN11911,Hyderabad,300,4,1,15,Semi
IN11912,Bangalore,1542,3,2,16.42,Furnished
IN11913,Delhi,895,1,2,15,Furnished
IN11914,Delhi,1311,1,1,16.32,Furnished
IN11915,Mumbai,1226,3,1,18.92,Furnished
IN11916,Kolkata,1151,1,1,16.63,Furnished
IN11917,Chennai,2091,2,3,20.63,Furnished
IN11918,Mumbai,1290,1,2,15,Unfurnished
IN11919,Bangalore,619,3,2,15,Furnished
IN11920,Kolkata,959,1,2,15,Furnished
IN11921,Chennai,952,1,2,15,Semi
IN11922,Mumbai,858,2,2,15.15,Unfurnished
IN11923,Delhi,511,3,2,15,Furnished
IN11924,Kolkata,1310,3,3,15,Semi
IN11925,Delhi,1263,1,2,15,Unfurnished
IN11926,Hyderabad,2150,4,3,30.48,Unfurnished
IN11927,Kolkata,1099,1,1,20.96,Semi
IN11928,Hyderabad,944,2,2,15,Furnished
IN11929,Chennai,1512,4,2,22.54,Semi
IN11930,Chennai,1453,2,3,24.24,Unfurnished
IN11931,Delhi,300,2,3,15,Semi
IN11932,Mumbai,424,3,2,15,Semi
IN11933,Chennai,1778,1,2,22.61,Unfurnished
IN11934,Hyderabad,732,2,1,15,Furnished
IN11935,Hyderabad,1229,3,2,15,Unfurnished
IN11936,Kolkata,757,1,3,15,Semi
IN11937,Hyderabad,1093,4,1,15,Unfurnished
IN11938,Delhi,1044,3,2,15,Unfurnished
IN11939,Kolkata,843,3,3,15,Furnished
IN11940,Chennai,558,1,2,15,Semi
IN11941,Mumbai,1224,1,3,15,Furnished
IN11942,Bangalore,795,3,2,15,Unfurnished
IN11943,Delhi,1024,4,2,15,Unfurnished
IN11944,Hyderabad,1328,3,1,15,Unfurnished
IN11945,Mumbai,1484,2,2,15,Semi
IN11946,Kolkata,1584,2,2,25.1,Furnished
IN11947,Bangalore,1258,2,2,18.05,Semi
IN11948,Mumbai,360,3,2,15,Unfurnished
IN11949,Chennai,924,3,2,15,Furnished
IN11950,Hyderabad,1510,3,1,15,Furnished
IN11951,Hyderabad,751,4,3,15,Furnished
IN11952,Delhi,1115,3,1,15,Unfurnished
IN11953,Bangalore,851,4,3,15,Furnished
IN11954,Kolkata,792,3,1,15,Furnished
IN11955,Delhi,1175,2,2,15,Unfurnished
IN11956,Bangalore,621,3,2,15,Furnished
IN11957,Mumbai,719,4,2,15,Furnished
IN11958,Delhi,1584,3,2,20.79,Unfurnished
IN11959,Mumbai,1511,3,2,24.79,Unfurnished
IN11960,Hyderabad,958,1,3,15,Furnished
IN11961,Mumbai,499,2,3,15,Unfurnished
IN11962,Mumbai,1163,2,2,17.47,Furnished
IN11963,Bangalore,1114,3,1,15.82,Unfurnished
IN11964,Kolkata,764,2,3,15,Semi
IN11965,Hyderabad,414,2,1,15,Furnished
IN11966,Kolkata,1273,3,2,15,Unfurnished
IN11967,Mumbai,1526,2,3,19.74,Unfurnished
IN11968,Chennai,902,3,2,15,Unfurnished
IN11969,Chennai,898,4,3,15.69,Unfurnished
IN11970,Mumbai,1427,1,3,24.06,Furnished
IN11971,Kolkata,886,3,2,15,Unfurnished
IN11972,Bangalore,1084,3,3,15,Furnished
IN11973,Delhi,815,2,2,15,Semi
IN11974,Mumbai,1532,2,3,17.35,Unfurnished
IN11975,Kolkata,1200,2,1,15,Furnished
IN11976,Hyderabad,1357,1,2,15,Semi
IN11977,Mumbai,1800,2,3,20.29,Semi
IN11978,Chennai,1934,2,3,21.02,Semi
IN11979,Hyderabad,764,4,2,15,Furnished
IN11980,Bangalore,846,3,3,15.4,Furnished
IN11981,Hyderabad,1224,2,1,21.65,Unfurnished
IN11982,Mumbai,1059,1,1,16.17,Semi
IN11983,Delhi,663,2,3,15,Semi
IN11984,Bangalore,1297,2,2,17.32,Semi
IN11985,Mumbai,1346,2,2,15,Unfurnished
IN11986,Bangalore,1624,2,2,22.72,Unfurnished
IN11987,Mumbai,995,2,2,16.2,Unfurnished
IN11988,Mumbai,1252,1,2,17.84,Semi
IN11989,Mumbai,2116,2,1,30.13,Furnished
IN11990,Delhi,1282,4,3,15,Unfurnished
IN11991,Kolkata,924,1,3,15,Semi
IN11992,Bangalore,955,4,1,15,Unfurnished
IN11993,Delhi,300,4,3,15,Unfurnished
IN11994,Hyderabad,1200,4,2,15,Semi
IN11995,Mumbai,731,2,1,15,Furnished
IN11996,Hyderabad,907,2,2,15,Unfurnished
IN11997,Delhi,1227,3,1,15,Furnished
IN11998,Hyderabad,980,3,3,15,Furnished
IN11999,Mumbai,1096,2,2,15,Unfurnished
IN12000,Kolkata,1236,2,2,15,Unfurnished
IN12001,Delhi,1173,3,3,15,Semi
IN12002,Kolkata,1458,3,2,15,Furnished
IN12003,Bangalore,1774,1,3,22.94,Furnished
IN12004,Kolkata,1763,2,1,21.46,Unfurnished
IN12005,Kolkata,300,4,2,15,Semi
IN12006,Kolkata,514,3,3,15,Unfurnished
IN12007,Bangalore,1025,2,3,16.59,Unfurnished
IN12008,Bangalore,1290,4,1,16.15,Unfurnished
IN12009,Chennai,1686,2,2,26.57,Semi
IN12010,Delhi,965,2,2,15,Furnished
IN12011,Bangalore,908,1,3,15.32,Furnished
IN12012,Delhi,678,2,2,15,Semi
IN12013,Hyderabad,1328,2,2,18.41,Unfurnished
IN12014,Hyderabad,1047,3,3,17.84,Semi
IN12015,Hyderabad,1209,3,2,17.84,Unfurnished
IN12016,Kolkata,502,4,3,15,Unfurnished
IN12017,Mumbai,2281,3,2,30.71,Semi
IN12018,Mumbai,1461,2,3,15,Unfurnished
IN12019,Chennai,300,4,3,15,Unfurnished
IN12020,Delhi,835,2,2,15,Semi
IN12021,Kolkata,568,2,2,15,Semi
IN12022,Chennai,464,2,3,15,Unfurnished
IN12023,Delhi,1831,1,2,23.37,Semi
IN12024,Hyderabad,1114,1,1,15,Semi
IN12025,Chennai,1554,3,1,21.07,Unfurnished
IN12026,Bangalore,1245,2,3,15,Semi
IN12027,Mumbai,1309,2,1,15,Semi
IN12028,Mumbai,1204,2,3,15,Furnished
IN12029,Mumbai,1255,4,2,18.67,Semi
IN12030,Hyderabad,1161,2,2,18.49,Semi
IN12031,Delhi,396,2,2,15,Furnished
IN12032,Mumbai,932,2,1,15,Furnished
IN12033,Delhi,1441,2,3,17.83,Unfurnished
IN12034,Hyderabad,1566,4,3,21.53,Furnished
IN12035,Mumbai,1580,3,1,27.5,Semi
IN12036,Hyderabad,429,2,3,15,Unfurnished
IN12037,Chennai,1230,1,1,15,Unfurnished
IN12038,Kolkata,1382,3,3,15,Semi
IN12039,Chennai,1416,2,2,15,Unfurnished
IN12040,Chennai,1515,2,2,15,Unfurnished
IN12041,Delhi,1513,3,3,15,Semi
IN12042,Kolkata,827,1,2,15,Unfurnished
IN12043,Mumbai,1538,3,2,32.82,Semi
IN12044,Kolkata,2229,2,1,27.8,Furnished
IN12045,Mumbai,1780,1,2,26.68,Unfurnished
IN12046,Kolkata,689,1,2,15,Furnished
IN12047,Chennai,1078,3,3,15,Unfurnished
IN12048,Delhi,891,2,3,15,Semi
IN12049,Hyderabad,881,3,2,15,Unfurnished
IN12050,Kolkata,1565,4,3,16.85,Furnished
IN12051,Kolkata,1556,1,2,15,Semi
IN12052,Chennai,746,3,2,15,Furnished
IN12053,Kolkata,908,3,1,15,Semi
IN12054,Bangalore,931,3,2,15,Semi
IN12055,Kolkata,1332,3,2,30.43,Semi
IN12056,Kolkata,620,3,3,15,Furnished
IN12057,Bangalore,649,3,3,15,Semi
IN12058,Kolkata,300,2,3,15,Furnished
IN12059,Hyderabad,1385,2,3,15,Semi
IN12060,Bangalore,982,1,2,15,Unfurnished
IN12061,Kolkata,569,3,2,15,Semi
IN12062,Bangalore,475,3,1,15,Semi
IN12063,Hyderabad,1210,3,3,15,Semi
IN12064,Hyderabad,2115,4,2,15,Furnished
IN12065,Chennai,1179,1,3,15,Semi
IN12066,Mumbai,966,3,3,15,Unfurnished
IN12067,Delhi,971,3,1,15,Unfurnished
IN12068,Hyderabad,2362,2,1,22.78,Semi
IN12069,Kolkata,728,1,3,15,Furnished
IN12070,Kolkata,1280,2,3,28.2,Unfurnished
IN12071,Delhi,2320,2,2,29.9,Unfurnished
IN12072,Bangalore,610,1,2,15,Unfurnished
IN12073,Hyderabad,849,2,1,15,Semi
IN12074,Mumbai,1989,3,3,18.89,Semi
IN12075,Delhi,456,3,1,15,Furnished
IN12076,Kolkata,590,2,1,15,Semi
IN12077,Hyderabad,1497,2,2,15,Semi
IN12078,Chennai,1501,4,2,24.25,Semi
IN12079,Hyderabad,1393,3,3,22.92,Unfurnished
IN12080,Chennai,1405,3,1,17.74,Semi
IN12081,Hyderabad,1911,3,3,22.21,Unfurnished
IN12082,Delhi,1361,2,1,29.11,Unfurnished
IN12083,Bangalore,794,2,1,15,Unfurnished
IN12084,Bangalore,955,4,2,15,Unfurnished
IN12085,Hyderabad,1139,4,1,24.6,Furnished
IN12086,Kolkata,1392,2,2,15,Unfurnished
IN12087,Bangalore,1285,3,2,15,Semi
IN12088,Mumbai,300,1,1,15,Semi
IN12089,Mumbai,754,1,2,15,Semi
IN12090,Delhi,1603,3,2,16.9,Semi
IN12091,Chennai,564,3,3,15,Furnished
IN12092,Bangalore,1472,2,2,24.87,Unfurnished
IN12093,Delhi,821,4,2,15.96,Semi
IN12094,Delhi,308,3,2,15,Unfurnished
IN12095,Hyderabad,1182,2,3,15,Semi
IN12096,Bangalore,1067,1,3,15,Semi
IN12097,Chennai,890,2,3,15,Semi
IN12098,Hyderabad,1192,3,2,15.83,Furnished
IN12099,Kolkata,922,2,2,15,Furnished
IN12100,Bangalore,537,4,2,15,Furnished
IN12101,Bangalore,1067,3,2,15,Unfurnished
IN12102,Bangalore,1235,1,2,17.01,Semi
IN12103,Chennai,1741,2,1,22.74,Furnished
IN12104,Kolkata,1204,3,1,17.21,Semi
IN12105,Delhi,631,2,1,15,Unfurnished
IN12106,Delhi,716,4,2,15,Unfurnished
IN12107,Chennai,1252,4,2,15,Unfurnished
IN12108,Mumbai,2112,3,2,24.1,Furnished
IN12109,Kolkata,844,3,2,15,Unfurnished
IN12110,Chennai,1405,2,3,23.57,Unfurnished
IN12111,Kolkata,1686,3,2,25.73,Unfurnished
IN12112,Hyderabad,1314,4,2,18.47,Unfurnished
IN12113,Chennai,1528,2,3,19.88,Semi
IN12114,Chennai,2408,2,2,17.98,Semi
IN12115,Hyderabad,1283,1,2,20.07,Unfurnished
IN12116,Hyderabad,1951,3,2,16.17,Semi
IN12117,Chennai,1488,3,2,16.69,Semi
IN12118,Chennai,2003,3,1,36.17,Furnished
IN12119,Kolkata,945,1,1,15,Unfurnished
IN12120,Bangalore,1193,2,2,15,Unfurnished
IN12121,Bangalore,884,3,2,15,Furnished
IN12122,Delhi,2176,2,3,33.62,Semi
IN12123,Bangalore,485,1,1,15,Unfurnished
IN12124,Hyderabad,1225,2,2,17.8,Furnished
IN12125,Chennai,1238,3,2,15,Semi
IN12126,Kolkata,2144,3,1,21.43,Furnished
IN12127,Delhi,1303,3,2,17.01,Furnished
IN12128,Mumbai,1580,2,2,15,Furnished
IN12129,Kolkata,1418,4,2,15,Semi
IN12130,Mumbai,707,2,1,15,Unfurnished
IN12131,Mumbai,1595,2,2,23.22,Semi
IN12132,Kolkata,1404,2,3,15,Semi
IN12133,Mumbai,654,2,2,15,Semi
IN12134,Bangalore,793,4,2,15,Semi
IN12135,Hyderabad,1639,3,3,22.49,Furnished
IN12136,Kolkata,1535,2,2,18.66,Semi
IN12137,Bangalore,1425,1,2,15.6,Unfurnished
IN12138,Delhi,1892,2,3,18.58,Furnished
IN12139,Bangalore,1160,2,2,15,Semi
IN12140,Hyderabad,1673,2,2,22.61,Furnished
IN12141,Chennai,1204,3,3,16.28,Furnished
IN12142,Hyderabad,1727,3,2,20.31,Furnished
IN12143,Kolkata,1464,4,2,15,Furnished
IN12144,Hyderabad,1410,1,2,25.84,Furnished
IN12145,Bangalore,594,1,2,15,Unfurnished
IN12146,Hyderabad,1363,3,1,15.33,Furnished
IN12147,Chennai,494,2,3,15,Unfurnished
IN12148,Mumbai,1597,2,1,18.85,Unfurnished
IN12149,Bangalore,1266,3,2,20.62,Furnished
IN12150,Chennai,1427,1,2,15,Furnished
IN12151,Delhi,1149,3,2,15,Unfurnished
IN12152,Chennai,1459,2,2,21.55,Semi
IN12153,Bangalore,1356,4,2,15.22,Furnished
IN12154,Hyderabad,732,1,2,15,Furnished
IN12155,Bangalore,978,3,1,15,Furnished
IN12156,Bangalore,757,2,1,15,Semi
IN12157,Chennai,1247,1,2,15,Unfurnished
IN12158,Bangalore,722,2,3,15,Unfurnished
IN12159,Mumbai,773,4,2,15,Semi
IN12160,Chennai,1139,2,2,15.2,Furnished
IN12161,Kolkata,300,1,2,15,Semi
IN12162,Bangalore,1257,3,1,16.43,Unfurnished
IN12163,Hyderabad,1868,3,2,21.34,Semi
IN12164,Bangalore,300,2,2,15,Semi
IN12165,Mumbai,1299,2,3,17.06,Unfurnished
IN12166,Kolkata,1632,2,1,27.49,Semi
IN12167,Chennai,1758,3,1,15,Unfurnished
IN12168,Mumbai,334,2,1,15,Unfurnished
IN12169,Bangalore,1063,3,3,21.0,Furnished
IN12170,Kolkata,942,3,3,15.97,Semi
IN12171,Mumbai,1804,4,2,15.6,Semi
IN12172,Kolkata,1160,2,2,15,Unfurnished
IN12173,Kolkata,306,2,2,15,Unfurnished
IN12174,Delhi,1369,1,2,15,Unfurnished
IN12175,Delhi,601,2,2,15,Semi
IN12176,Chennai,1598,3,3,15,Unfurnished
IN12177,Kolkata,1066,3,1,15,Unfurnished
IN12178,Bangalore,1556,3,1,15,Furnished
IN12179,Kolkata,1546,3,2,20.38,Unfurnished
IN12180,Hyderabad,880,2,1,15,Unfurnished
IN12181,Chennai,2218,1,1,29.92,Unfurnished
IN12182,Bangalore,1053,2,2,15,Semi
IN12183,Hyderabad,1103,1,2,16.81,Semi
IN12184,Kolkata,544,2,1,15,Unfurnished
IN12185,Bangalore,1956,1,2,17.43,Semi
IN12186,Kolkata,1228,2,1,20.77,Semi
IN12187,Mumbai,984,3,2,19.76,Unfurnished
IN12188,Chennai,1203,3,2,17.04,Unfurnished
IN12189,Chennai,1475,1,2,19.83,Semi
IN12190,Chennai,1126,2,2,15,Semi
IN12191,Mumbai,1102,3,3,15,Unfurnished
IN12192,Hyderabad,1343,1,1,26.31,Unfurnished
IN12193,Chennai,913,3,1,15,Unfurnished
IN12194,Hyderabad,942,1,3,15.14,Furnished
IN12195,Mumbai,1097,2,3,16.95,Furnished
IN12196,Delhi,1247,2,1,15,Furnished
IN12197,Kolkata,300,4,1,15,Unfurnished
IN12198,Mumbai,1271,3,3,15,Furnished
IN12199,Kolkata,1269,2,2,22.04,Furnished
IN12200,Delhi,351,3,2,15,Unfurnished
IN12201,Bangalore,1536,3,2,16.36,Furnished
IN12202,Chennai,1573,1,1,19.03,Furnished
IN12203,Hyderabad,1665,1,2,18.85,Semi
IN12204,Delhi,1260,3,1,15.12,Unfurnished
IN12205,Kolkata,300,2,2,15,Furnished
IN12206,Bangalore,1166,3,3,15,Unfurnished
IN12207,Delhi,772,2,2,15,Semi
IN12208,Delhi,1022,2,3,15,Furnished
IN12209,Mumbai,448,3,3,15,Furnished
IN12210,Chennai,300,3,3,15,Furnished
IN12211,Delhi,997,2,3,15,Unfurnished
IN12212,Chennai,661,2,3,15,Unfurnished
IN12213,Hyderabad,1094,2,2,24.68,Furnished
IN12214,Chennai,751,2,1,15,Unfurnished
IN12215,Kolkata,1154,1,2,15.11,Furnished
IN12216,Chennai,1856,4,2,20.04,Furnished
IN12217,Bangalore,1670,2,1,20.54,Unfurnished
IN12218,Chennai,1171,2,3,15,Furnished
IN12219,Bangalore,300,4,3,15,Unfurnished
IN12220,Chennai,1183,4,1,15,Semi
IN12221,Bangalore,1329,1,3,17.36,Semi
IN12222,Chennai,1052,2,1,18.69,Furnished
IN12223,Kolkata,1209,3,2,15.88,Furnished
IN12224,Chennai,818,1,1,15,Semi
IN12225,Bangalore,1842,3,1,26.53,Semi
IN12226,Chennai,964,2,2,15,Semi
IN12227,Mumbai,1473,2,2,15,Unfurnished
IN12228,Bangalore,1980,3,2,25.52,Unfurnished
IN12229,Kolkata,1395,2,2,16.32,Semi
IN12230,Chennai,1225,2,2,15,Furnished
IN12231,Mumbai,2924,2,3,65.54,Unfurnished
IN12232,Chennai,1356,1,2,15,Furnished
IN12233,Mumbai,1493,3,3,26.82,Furnished
IN12234,Kolkata,425,1,2,15,Unfurnished
IN12235,Kolkata,1569,3,1,19.77,Unfurnished
IN12236,Mumbai,1423,1,2,15,Furnished
IN12237,Bangalore,1328,2,2,15,Semi
IN12238,Delhi,1361,2,2,15,Semi
IN12239,Delhi,895,1,2,15,Furnished
IN12240,Hyderabad,594,3,2,15,Unfurnished
IN12241,Chennai,1804,2,2,30.35,Unfurnished
IN12242,Delhi,1891,4,3,25.96,Furnished
IN12243,Mumbai,2071,3,2,35.3,Semi
IN12244,Delhi,493,2,3,15,Furnished
IN12245,Chennai,1336,3,3,15,Semi
IN12246,Chennai,1499,3,2,15,Furnished
IN12247,Delhi,1414,3,3,16.76,Furnished
IN12248,Mumbai,300,3,2,15,Furnished
IN12249,Kolkata,505,1,1,15,Unfurnished
IN12250,Hyderabad,2010,2,2,23.51,Semi
IN12251,Hyderabad,1265,2,2,16.81,Semi
IN12252,Delhi,1362,1,3,28.34,Semi
IN12253,Kolkata,523,3,2,15,Unfurnished
IN12254,Chennai,1033,1,1,15,Semi
IN12255,Hyderabad,1185,2,2,17.3,Unfurnished
IN12256,Kolkata,1503,1,1,15,Semi
IN12257,Chennai,942,1,1,15,Unfurnished
IN12258,Delhi,1190,1,1,15,Furnished
IN12259,Chennai,1085,4,3,19.52,Furnished
IN12260,Chennai,1026,1,3,16.59,Furnished
IN12261,Bangalore,775,1,1,15,Semi
IN12262,Bangalore,832,2,2,15,Unfurnished
IN12263,Kolkata,2138,3,2,18.81,Furnished
IN12264,Bangalore,883,3,2,15,Unfurnished
IN12265,Delhi,1612,3,2,24.23,Furnished
IN12266,Bangalore,1410,2,2,15,Semi
IN12267,Mumbai,1005,3,3,15,Semi
IN12268,Delhi,666,2,2,15,Semi
IN12269,Kolkata,505,2,2,15,Unfurnished
IN12270,Kolkata,1532,2,2,22.96,Semi
IN12271,Hyderabad,928,3,3,15,Furnished
IN12272,Chennai,473,2,3,15,Unfurnished
IN12273,Kolkata,1445,3,2,15,Semi
IN12274,Delhi,1024,2,2,15,Unfurnished
IN12275,Kolkata,300,3,3,15,Unfurnished
IN12276,Chennai,1509,3,2,23.18,Unfurnished
IN12277,Delhi,1460,1,1,15,Semi
IN12278,Bangalore,1499,3,1,20.55,Furnished
IN12279,Mumbai,435,3,2,15,Semi
IN12280,Chennai,1710,2,1,23.5,Unfurnished
IN12281,Hyderabad,1235,2,2,15,Unfurnished
IN12282,Chennai,542,4,2,15,Semi
IN12283,Chennai,2191,3,2,15,Semi
IN12284,Hyderabad,414,3,2,15,Unfurnished
IN12285,Delhi,1734,1,3,17.72,Semi
IN12286,Mumbai,863,1,1,15,Semi
IN12287,Hyderabad,1670,3,1,25.85,Semi
IN12288,Chennai,986,2,2,15,Semi
IN12289,Mumbai,1483,2,2,24.21,Furnished
IN12290,Bangalore,965,4,1,15,Unfurnished
IN12291,Hyderabad,648,2,3,15,Unfurnished
IN12292,Chennai,581,2,1,15,Unfurnished
IN12293,Bangalore,1349,4,1,15,Unfurnished
IN12294,Chennai,1392,3,3,22.16,Semi
IN12295,Hyderabad,1311,4,1,15,Semi
IN12296,Delhi,1223,3,2,15.86,Unfurnished
IN12297,Bangalore,675,3,1,15,Semi
IN12298,Chennai,1459,1,1,31.86,Furnished
IN12299,Delhi,1203,4,1,16.45,Unfurnished
IN12300,Kolkata,1321,3,2,17.22,Unfurnished
IN12301,Chennai,899,2,1,15,Furnished
IN12302,Kolkata,1475,4,1,15,Semi
IN12303,Mumbai,1275,2,2,23.26,Semi
IN12304,Chennai,1040,3,2,15,Furnished
IN12305,Chennai,738,2,1,15,Furnished
IN12306,Chennai,1169,3,1,19.76,Unfurnished
IN12307,Bangalore,1213,4,1,17.79,Unfurnished
IN12308,Bangalore,1003,2,3,15,Semi
IN12309,Delhi,1216,3,2,15,Furnished
IN12310,Delhi,1489,2,3,15,Furnished
IN12311,Bangalore,1594,3,2,23.3,Semi
IN12312,Hyderabad,1037,2,3,15,Furnished
IN12313,Delhi,1911,2,2,15,Semi
IN12314,Kolkata,1120,3,1,15,Semi
IN12315,Hyderabad,954,2,2,15,Furnished
IN12316,Delhi,1028,2,1,15,Unfurnished
IN12317,Chennai,555,1,1,15,Furnished
IN12318,Mumbai,1583,2,2,15,Semi
IN12319,Delhi,1667,4,3,28.33,Unfurnished
IN12320,Bangalore,735,2,1,15,Unfurnished
IN12321,Chennai,702,2,2,15,Semi
IN12322,Chennai,1383,2,1,16.59,Semi
IN12323,Mumbai,1838,2,1,31.24,Furnished
IN12324,Kolkata,962,2,1,15,Semi
IN12325,Hyderabad,1624,4,2,15.7,Furnished
IN12326,Chennai,2058,4,2,17.2,Semi
IN12327,Bangalore,1051,4,1,15,Furnished
IN12328,Hyderabad,568,3,2,15,Furnished
IN12329,Delhi,853,1,2,15,Furnished
IN12330,Kolkata,1351,2,2,15,Unfurnished
IN12331,Mumbai,1403,2,2,23.6,Semi
IN12332,Delhi,1361,2,3,15,Semi
IN12333,Bangalore,1515,2,2,19.72,Furnished
IN12334,Chennai,1239,3,2,15,Unfurnished
IN12335,Mumbai,300,3,2,15,Unfurnished
IN12336,Kolkata,1706,1,1,15,Semi
IN12337,Mumbai,1534,3,2,17.86,Unfurnished
IN12338,Chennai,1126,3,2,15,Unfurnished
IN12339,Mumbai,1649,2,2,19.17,Unfurnished
IN12340,Delhi,748,2,2,15,Semi
IN12341,Delhi,1191,2,2,15,Furnished
IN12342,Delhi,1575,2,3,23.98,Semi
IN12343,Kolkata,757,2,1,15,Unfurnished
IN12344,Hyderabad,1549,2,2,34.7,Unfurnished
IN12345,Kolkata,633,4,1,15,Furnished
IN12346,Delhi,1061,3,1,15,Semi
IN12347,Kolkata,1495,3,1,15.41,Furnished
IN12348,Bangalore,1142,1,2,18.38,Semi
IN12349,Kolkata,819,4,2,15,Unfurnished
IN12350,Hyderabad,995,1,2,15,Semi
IN12351,Hyderabad,1264,2,3,15.82,Unfurnished
IN12352,Bangalore,991,1,1,15,Unfurnished
IN12353,Hyderabad,1033,2,1,15,Semi
IN12354,Chennai,966,3,1,15,Furnished
IN12355,Hyderabad,1383,2,2,26.21,Semi
IN12356,Hyderabad,669,2,3,15,Semi
IN12357,Mumbai,1674,3,1,17.25,Semi
IN12358,Chennai,1007,3,3,15,Semi
IN12359,Kolkata,1370,2,2,15,Semi
IN12360,Delhi,856,3,2,15,Semi
IN12361,Kolkata,1298,4,2,15,Furnished
IN12362,Delhi,1635,3,3,16.57,Unfurnished
IN12363,Hyderabad,1010,3,3,17.65,Semi
IN12364,Bangalore,653,4,1,15,Furnished
IN12365,Mumbai,901,2,2,15,Furnished
IN12366,Mumbai,829,3,1,15.65,Unfurnished
IN12367,Bangalore,1499,4,2,15,Semi
IN12368,Kolkata,922,4,2,18.67,Semi
IN12369,Kolkata,719,3,3,15,Unfurnished
IN12370,Hyderabad,1329,3,1,19.16,Furnished
IN12371,Mumbai,950,2,2,15,Semi
IN12372,Delhi,1404,1,3,16.06,Semi
IN12373,Delhi,1356,3,3,26.03,Semi
IN12374,Kolkata,887,3,2,15,Furnished
IN12375,Mumbai,1145,3,3,15,Semi
IN12376,Bangalore,1197,1,2,15,Semi
IN12377,Hyderabad,1632,3,2,19.87,Unfurnished
IN12378,Hyderabad,916,4,1,15,Furnished
IN12379,Delhi,1257,2,3,15,Furnished
IN12380,Bangalore,931,4,2,17.48,Semi
IN12381,Delhi,892,2,2,15,Furnished
IN12382,Bangalore,1266,2,3,15,Unfurnished
IN12383,Hyderabad,416,3,2,15,Unfurnished
IN12384,Delhi,960,4,1,15,Furnished
IN12385,Mumbai,645,3,2,15,Unfurnished
IN12386,Bangalore,1970,2,3,17.15,Semi
IN12387,Hyderabad,315,2,2,15,Furnished
IN12388,Chennai,481,3,1,15,Furnished
IN12389,Bangalore,1379,2,1,15,Unfurnished
IN12390,Hyderabad,1600,3,2,20.94,Unfurnished
IN12391,Kolkata,1675,3,2,15,Semi
IN12392,Bangalore,930,2,3,15,Semi
IN12393,Mumbai,1981,3,1,19.11,Unfurnished
IN12394,Kolkata,1350,2,2,15.28,Furnished
IN12395,Kolkata,433,3,1,15,Furnished
IN12396,Kolkata,1443,2,3,15.67,Unfurnished
IN12397,Chennai,1417,4,2,15,Semi
IN12398,Chennai,2095,4,1,26.33,Semi
IN12399,Hyderabad,852,3,1,15,Semi
IN12400,Mumbai,890,4,2,20.7,Unfurnished
IN12401,Mumbai,1363,3,2,16.76,Unfurnished
IN12402,Delhi,937,2,3,15,Unfurnished
IN12403,Chennai,1533,3,2,15,Semi
IN12404,Kolkata,1045,2,2,15,Furnished
IN12405,Mumbai,902,3,2,15,Unfurnished
IN12406,Mumbai,1640,4,2,24.89,Furnished
IN12407,Bangalore,334,2,2,15,Semi
IN12408,Chennai,300,3,2,15,Furnished
IN12409,Chennai,1572,4,3,15,Furnished
IN12410,Kolkata,1115,2,2,15,Unfurnished
IN12411,Kolkata,1858,3,2,26.02,Furnished
IN12412,Bangalore,1673,1,2,32.22,Unfurnished
IN12413,Delhi,625,2,2,15,Unfurnished
IN12414,Bangalore,948,2,3,15.4,Unfurnished
IN12415,Mumbai,868,3,2,15,Unfurnished
IN12416,Mumbai,1432,2,1,15,Unfurnished
IN12417,Bangalore,1832,3,2,21.49,Unfurnished
IN12418,Kolkata,1667,3,2,26.06,Semi
IN12419,Bangalore,300,2,2,15,Unfurnished
IN12420,Delhi,1222,2,2,21.06,Furnished
IN12421,Chennai,1609,4,2,15,Unfurnished
IN12422,Bangalore,300,4,2,15,Furnished
IN12423,Bangalore,1229,3,3,15,Semi
IN12424,Hyderabad,1003,2,3,15,Semi
IN12425,Delhi,1154,2,2,21.75,Semi
IN12426,Mumbai,1556,1,2,15,Unfurnished
IN12427,Delhi,300,3,2,15,Semi
IN12428,Mumbai,1878,2,2,19.19,Furnished
IN12429,Kolkata,1421,1,2,27.43,Semi
IN12430,Kolkata,1104,2,3,18.1,Semi
IN12431,Bangalore,836,3,3,15,Unfurnished
IN12432,Bangalore,760,3,3,15,Semi
IN12433,Hyderabad,450,2,2,15,Furnished
IN12434,Chennai,1191,3,2,15,Furnished
IN12435,Kolkata,1188,2,2,17.96,Unfurnished
IN12436,Bangalore,915,1,3,15,Unfurnished
IN12437,Delhi,1388,1,2,21.41,Unfurnished
IN12438,Mumbai,1155,3,1,15,Furnished
IN12439,Chennai,647,2,2,15,Semi
IN12440,Chennai,1105,1,2,16.21,Furnished
IN12441,Bangalore,540,2,3,15,Unfurnished
IN12442,Hyderabad,777,3,1,15,Unfurnished
IN12443,Hyderabad,831,2,3,15,Semi
IN12444,Kolkata,1218,4,2,15,Unfurnished
IN12445,Kolkata,2274,3,2,29.31,Unfurnished
IN12446,Mumbai,687,3,2,15,Furnished
IN12447,Kolkata,1369,4,2,15,Unfurnished
IN12448,Kolkata,879,3,3,15,Furnished
IN12449,Hyderabad,1354,3,2,15,Semi
IN12450,Kolkata,676,3,2,15,Semi
IN12451,Kolkata,1207,2,2,15,Furnished
IN12452,Kolkata,1383,3,1,15,Furnished
IN12453,Chennai,1871,2,2,24.58,Semi
IN12454,Chennai,532,3,2,15,Furnished
IN12455,Bangalore,1182,3,2,15,Unfurnished
IN12456,Chennai,1490,3,2,20.66,Semi
IN12457,Bangalore,1480,4,2,24.52,Unfurnished
IN12458,Bangalore,1610,2,2,15,Furnished
IN12459,Chennai,1028,2,2,15,Furnished
IN12460,Delhi,1264,1,1,19.52,Unfurnished
IN12461,Hyderabad,908,2,1,15,Unfurnished
IN12462,Bangalore,1433,3,1,15,Unfurnished
IN12463,Chennai,1208,2,2,15,Unfurnished
IN12464,Delhi,1215,1,2,18.77,Unfurnished
IN12465,Bangalore,1474,3,3,20.48,Semi
IN12466,Chennai,410,2,2,15,Unfurnished
IN12467,Chennai,1206,2,3,15,Unfurnished
IN12468,Bangalore,987,4,2,15,Furnished
IN12469,Delhi,843,2,1,17.03,Semi
IN12470,Bangalore,1677,3,2,22.47,Furnished
IN12471,Chennai,402,3,2,15,Unfurnished
IN12472,Kolkata,1372,3,2,17.43,Unfurnished
IN12473,Bangalore,300,2,2,15,Furnished
IN12474,Kolkata,920,3,1,15,Unfurnished
IN12475,Hyderabad,942,3,3,15,Furnished
IN12476,Mumbai,1667,3,3,15.45,Unfurnished
IN12477,Delhi,1561,4,3,26.1,Semi
IN12478,Chennai,1685,3,2,16.19,Semi
IN12479,Delhi,1076,4,2,16.12,Unfurnished
IN12480,Delhi,1439,3,1,15,Furnished
IN12481,Chennai,1542,3,3,15,Semi
IN12482,Hyderabad,875,4,2,15,Unfurnished
IN12483,Hyderabad,1489,1,1,19.57,Furnished
IN12484,Bangalore,1140,2,2,15,Furnished
IN12485,Kolkata,1650,3,2,31.2,Unfurnished
IN12486,Mumbai,1806,4,2,21.93,Furnished
IN12487,Chennai,1073,1,3,15,Semi
IN12488,Chennai,763,2,2,15,Semi
IN12489,Bangalore,825,2,1,15,Semi
IN12490,Chennai,1190,1,3,15,Semi
IN12491,Chennai,1036,4,1,15.63,Semi
IN12492,Hyderabad,1386,3,1,15,Semi
IN12493,Chennai,1472,1,2,16.22,Furnished
IN12494,Hyderabad,1235,3,3,19.45,Semi
IN12495,Bangalore,1198,3,2,17.11,Semi
IN12496,Bangalore,1521,3,2,15.3,Furnished
IN12497,Hyderabad,1925,2,3,21.87,Semi
IN12498,Kolkata,1060,1,3,15,Unfurnished
IN12499,Mumbai,782,3,2,15,Semi
IN12500,Bangalore,1526,2,2,18.02,Semi
IN12501,Kolkata,980,3,3,17.36,Semi
IN12502,Bangalore,1140,3,2,16.23,Semi
IN12503,Chennai,1074,2,3,23.9,Semi
IN12504,Chennai,1063,3,1,15,Unfurnished
IN12505,Mumbai,864,3,2,15,Unfurnished
IN12506,Bangalore,1141,3,2,15,Furnished
IN12507,Bangalore,743,2,1,15,Furnished
IN12508,Kolkata,1331,2,1,17.02,Furnished
IN12509,Kolkata,1096,1,2,15.99,Semi
IN12510,Kolkata,2012,4,2,21.07,Furnished
IN12511,Delhi,635,4,1,15,Furnished
IN12512,Bangalore,1196,3,2,15,Unfurnished
IN12513,Mumbai,1469,4,1,31.03,Semi
IN12514,Mumbai,1496,3,1,21.55,Unfurnished
IN12515,Chennai,1389,1,1,16.55,Semi
IN12516,Hyderabad,1444,3,3,18.4,Furnished
IN12517,Chennai,1133,3,3,18.37,Furnished
IN12518,Delhi,1605,2,2,17.97,Furnished
IN12519,Bangalore,827,1,3,15,Furnished
IN12520,Mumbai,785,3,3,15,Unfurnished
IN12521,Mumbai,1185,3,3,15,Semi
IN12522,Delhi,507,2,3,15,Furnished
IN12523,Mumbai,300,4,1,15,Unfurnished
IN12524,Hyderabad,1104,3,2,15,Semi
IN12525,Bangalore,1140,1,1,15.45,Furnished
IN12526,Chennai,1072,1,3,15,Furnished
IN12527,Kolkata,1155,1,3,15,Furnished
IN12528,Chennai,1408,1,2,17.38,Semi
IN12529,Kolkata,1057,4,2,15,Unfurnished
IN12530,Mumbai,1487,1,2,16.16,Unfurnished
IN12531,Delhi,433,1,1,15,Semi
IN12532,Delhi,841,3,2,15,Unfurnished
IN12533,Mumbai,1614,2,2,26.97,Unfurnished
IN12534,Bangalore,1203,3,1,15,Furnished
IN12535,Chennai,1017,2,3,15,Furnished
IN12536,Chennai,1032,3,2,19.12,Furnished
IN12537,Chennai,708,2,1,15,Semi
IN12538,Chennai,1329,2,2,15,Furnished
IN12539,Hyderabad,842,3,2,15,Unfurnished
IN12540,Delhi,893,1,1,15,Unfurnished
IN12541,Bangalore,1307,3,1,15,Unfurnished
IN12542,Mumbai,811,4,3,15,Semi
IN12543,Chennai,1568,3,3,15,Furnished
IN12544,Chennai,1808,2,3,22.53,Furnished
IN12545,Delhi,1084,1,1,15,Semi
IN12546,Bangalore,1274,2,3,19.32,Furnished
IN12547,Delhi,1239,1,2,15,Furnished
IN12548,Bangalore,1376,1,3,15,Furnished
IN12549,Chennai,1067,3,2,15,Furnished
IN12550,Bangalore,337,4,2,15,Furnished
IN12551,Bangalore,971,2,2,15,Furnished
IN12552,Kolkata,1533,4,2,20.62,Semi
IN12553,Mumbai,747,1,2,15,Unfurnished
IN12554,Hyderabad,849,2,2,15,Furnished
IN12555,Chennai,1081,2,2,18.67,Semi
IN12556,Delhi,858,3,1,15,Semi
IN12557,Bangalore,1369,1,2,20.12,Furnished
IN12558,Hyderabad,391,3,2,15,Semi
IN12559,Chennai,564,3,3,15,Semi
IN12560,Delhi,1334,3,1,15,Unfurnished
IN12561,Delhi,911,1,1,15.81,Unfurnished
IN12562,Chennai,376,2,2,15,Semi
IN12563,Bangalore,1046,3,1,15,Semi
IN12564,Delhi,1368,4,2,17.2,Semi
IN12565,Kolkata,1720,3,3,34.23,Semi
IN12566,Bangalore,1409,2,3,23.48,Unfurnished
IN12567,Hyderabad,611,4,2,15,Semi
IN12568,Bangalore,1254,3,2,15,Unfurnished
IN12569,Bangalore,1353,2,2,17.03,Semi
IN12570,Bangalore,1910,3,2,15,Unfurnished
IN12571,Chennai,1261,3,2,15,Semi
IN12572,Hyderabad,1745,1,3,21.82,Unfurnished
IN12573,Delhi,1442,2,1,15,Unfurnished
IN12574,Kolkata,1428,4,2,18.69,Semi
IN12575,Kolkata,972,2,2,15,Furnished
IN12576,Hyderabad,655,1,2,15,Unfurnished
IN12577,Chennai,1131,2,1,15,Semi
IN12578,Bangalore,1674,3,2,24.32,Furnished
IN12579,Delhi,894,2,2,15,Unfurnished
IN12580,Hyderabad,1792,2,3,17.55,Unfurnished
IN12581,Chennai,1510,2,3,20.99,Furnished
IN12582,Delhi,486,3,2,15,Furnished
IN12583,Hyderabad,973,4,1,15,Semi
IN12584,Chennai,1166,4,3,19.22,Semi
IN12585,Delhi,1643,3,2,22.12,Unfurnished
IN12586,Chennai,1171,3,2,15,Furnished
IN12587,Bangalore,835,3,2,15,Semi
IN12588,Hyderabad,1164,4,2,15,Semi
IN12589,Hyderabad,1348,3,2,15,Unfurnished
IN12590,Bangalore,1717,3,3,22.34,Semi
IN12591,Mumbai,1572,2,2,17.68,Furnished
IN12592,Hyderabad,1534,2,2,19.81,Unfurnished
IN12593,Kolkata,903,2,3,15,Furnished
IN12594,Mumbai,1530,2,2,17.21,Furnished
IN12595,Kolkata,468,3,2,15,Semi
IN12596,Mumbai,1768,3,1,15,Furnished
IN12597,Mumbai,1225,2,1,15,Unfurnished
IN12598,Mumbai,1231,3,3,18.63,Unfurnished
IN12599,Bangalore,1439,1,2,19.0,Furnished
IN12600,Chennai,641,4,1,15,Furnished
IN12601,Hyderabad,1788,4,2,19.99,Semi
IN12602,Delhi,1556,3,2,16.13,Furnished
IN12603,Bangalore,976,4,2,15,Furnished
IN12604,Delhi,878,3,3,15,Semi
IN12605,Hyderabad,1326,3,1,24.84,Unfurnished
IN12606,Bangalore,671,2,2,15,Furnished
IN12607,Bangalore,736,3,2,15,Furnished
IN12608,Mumbai,1271,1,1,15,Furnished
IN12609,Mumbai,990,3,1,15,Furnished
IN12610,Mumbai,365,1,1,15,Semi
IN12611,Kolkata,1078,3,1,15,Unfurnished
IN12612,Mumbai,1339,2,2,19.61,Furnished
IN12613,Bangalore,997,4,1,15,Unfurnished
IN12614,Mumbai,850,3,2,15,Semi
IN12615,Bangalore,976,3,1,15,Unfurnished
IN12616,Hyderabad,1328,2,2,15,Furnished
IN12617,Mumbai,1677,3,2,20.79,Semi
IN12618,Mumbai,756,3,2,15,Furnished
IN12619,Bangalore,401,3,2,15,Furnished
IN12620,Mumbai,1111,3,2,15,Unfurnished
IN12621,Mumbai,2123,3,2,28.92,Furnished
IN12622,Delhi,596,1,2,15,Unfurnished
IN12623,Delhi,1450,2,2,24.58,Unfurnished
IN12624,Hyderabad,1385,1,2,15.98,Semi
IN12625,Kolkata,833,2,1,16.32,Furnished
IN12626,Hyderabad,1586,2,1,22.43,Semi
IN12627,Hyderabad,1264,4,1,22.85,Semi
IN12628,Chennai,1293,2,2,21.74,Semi
IN12629,Chennai,1577,4,2,19.18,Semi
IN12630,Bangalore,300,3,2,15,Furnished
IN12631,Hyderabad,1827,1,2,15,Semi
IN12632,Delhi,1394,1,2,19.47,Unfurnished
IN12633,Kolkata,1444,3,2,27.73,Semi
IN12634,Bangalore,418,4,1,15,Unfurnished
IN12635,Kolkata,608,4,2,15,Unfurnished
IN12636,Delhi,970,2,1,15,Unfurnished
IN12637,Kolkata,1286,3,2,15,Unfurnished
IN12638,Hyderabad,1119,2,1,15,Semi
IN12639,Bangalore,532,1,3,15,Furnished
IN12640,Delhi,454,2,2,15,Furnished
IN12641,Hyderabad,1483,2,2,16.58,Semi
IN12642,Chennai,1081,4,2,15,Furnished
IN12643,Delhi,523,2,2,15,Semi
IN12644,Hyderabad,1718,2,2,15.39,Semi
IN12645,Kolkata,1361,3,1,20.49,Semi
IN12646,Delhi,1780,4,1,17.91,Unfurnished
IN12647,Hyderabad,819,3,1,15,Unfurnished
IN12648,Mumbai,1537,3,1,15.77,Unfurnished
IN12649,Chennai,614,3,2,15,Furnished
IN12650,Kolkata,1268,2,2,15,Semi
IN12651,Chennai,848,4,2,18.58,Unfurnished
IN12652,Delhi,797,3,3,15,Semi
IN12653,Kolkata,383,3,1,15,Unfurnished
IN12654,Delhi,980,2,2,15,Furnished
IN12655,Chennai,1250,2,2,15,Semi
IN12656,Chennai,1374,2,3,16.19,Semi
IN12657,Delhi,1722,2,2,22.78,Semi
IN12658,Chennai,1874,4,3,22.45,Unfurnished
IN12659,Chennai,2078,3,3,16.38,Furnished
IN12660,Bangalore,886,4,3,15,Semi
IN12661,Chennai,1088,2,3,18.65,Semi
IN12662,Bangalore,749,2,3,15,Unfurnished
IN12663,Delhi,762,2,2,15,Furnished
IN12664,Hyderabad,1260,1,2,15,Semi
IN12665,Bangalore,1203,3,3,18.54,Unfurnished
IN12666,Chennai,975,3,3,15,Semi
IN12667,Bangalore,865,3,2,15,Furnished
IN12668,Chennai,1158,3,1,15.95,Furnished
IN12669,Hyderabad,994,2,1,15,Furnished
IN12670,Hyderabad,1666,2,1,26.51,Unfurnished
IN12671,Chennai,1165,3,3,15,Furnished
IN12672,Mumbai,1300,2,2,15,Unfurnished
IN12673,Delhi,1649,2,3,20.38,Furnished
IN12674,Delhi,1437,2,2,15,Furnished
IN12675,Hyderabad,2181,2,1,18.53,Unfurnished
IN12676,Hyderabad,949,3,2,15,Furnished
IN12677,Mumbai,1101,3,2,15,Furnished
IN12678,Chennai,1651,2,2,21.4,Unfurnished
IN12679,Delhi,300,4,1,15,Furnished
IN12680,Hyderabad,449,2,1,15,Furnished
IN12681,Mumbai,1065,3,1,15,Unfurnished
IN12682,Delhi,771,2,2,15,Furnished
IN12683,Chennai,991,2,1,15,Unfurnished
IN12684,Kolkata,1045,2,2,15,Semi
IN12685,Kolkata,470,2,1,15,Semi
IN12686,Hyderabad,757,3,2,15,Semi
IN12687,Delhi,1087,2,1,17.59,Unfurnished
IN12688,Chennai,572,2,2,15,Furnished
IN12689,Bangalore,1337,4,2,25.43,Furnished
IN12690,Mumbai,1228,2,2,29.94,Unfurnished
IN12691,Hyderabad,973,3,3,15,Unfurnished
IN12692,Mumbai,1281,1,2,15,Unfurnished
IN12693,Chennai,1468,4,3,27.81,Semi
IN12694,Bangalore,300,1,1,15,Furnished
IN12695,Mumbai,1458,1,2,20.65,Semi
IN12696,Mumbai,987,3,2,20.17,Semi
IN12697,Chennai,1754,3,2,15,Unfurnished
IN12698,Mumbai,812,2,2,15,Semi
IN12699,Delhi,922,3,1,15,Semi
IN12700,Mumbai,575,1,2,15,Semi
IN12701,Kolkata,871,4,2,15,Unfurnished
IN12702,Chennai,1507,2,2,15,Semi
IN12703,Kolkata,1289,3,3,28.29,Unfurnished
IN12704,Chennai,1312,2,2,20.97,Furnished
IN12705,Mumbai,1436,2,2,15,Semi
IN12706,Bangalore,753,1,2,15,Semi
IN12707,Bangalore,634,1,3,15,Furnished
IN12708,Kolkata,1061,2,1,20.22,Semi
IN12709,Mumbai,458,4,1,15,Semi
IN12710,Mumbai,913,2,2,15,Semi
IN12711,Mumbai,626,2,1,15,Unfurnished
IN12712,Kolkata,1540,3,3,16.26,Unfurnished
IN12713,Bangalore,496,1,2,15,Furnished
IN12714,Bangalore,770,2,2,15,Semi
IN12715,Bangalore,894,2,1,15,Semi
IN12716,Hyderabad,1321,3,3,15,Semi
IN12717,Bangalore,1466,2,3,17.57,Furnished
IN12718,Delhi,701,1,2,15,Unfurnished
IN12719,Mumbai,837,2,1,15,Furnished
IN12720,Bangalore,1123,2,3,15,Semi
IN12721,Chennai,1006,1,2,15.14,Furnished
IN12722,Hyderabad,1125,1,2,15,Furnished
IN12723,Bangalore,1618,3,3,15,Unfurnished
IN12724,Kolkata,1315,3,2,18.36,Furnished
IN12725,Kolkata,1514,2,1,18.08,Semi
IN12726,Mumbai,1033,2,2,15.64,Unfurnished
IN12727,Mumbai,756,3,2,15,Furnished
IN12728,Mumbai,846,2,3,15,Unfurnished
IN12729,Delhi,1307,3,2,15.15,Semi
IN12730,Delhi,2437,3,2,45.86,Semi
IN12731,Bangalore,1802,4,1,28.79,Unfurnished
IN12732,Hyderabad,1183,3,3,15,Semi
IN12733,Chennai,1170,1,2,15.76,Unfurnished
IN12734,Hyderabad,1129,2,3,15,Semi
IN12735,Mumbai,652,3,2,15,Unfurnished
IN12736,Bangalore,300,3,2,15,Semi
IN12737,Delhi,1339,2,2,19.13,Furnished
IN12738,Hyderabad,408,3,2,15,Unfurnished
IN12739,Kolkata,2064,3,3,38.24,Semi
IN12740,Chennai,902,1,3,15,Unfurnished
IN12741,Kolkata,1307,3,3,15,Furnished
IN12742,Hyderabad,390,1,3,15,Semi
IN12743,Mumbai,1114,1,3,23.72,Semi
IN12744,Delhi,927,4,3,16.46,Semi
IN12745,Mumbai,856,2,3,15,Unfurnished
IN12746,Mumbai,1652,1,2,32.79,Unfurnished
IN12747,Mumbai,1530,4,2,17.9,Furnished
IN12748,Hyderabad,871,4,2,15,Furnished
IN12749,Chennai,1534,4,3,15.76,Unfurnished
IN12750,Mumbai,2045,2,3,30.93,Unfurnished
IN12751,Bangalore,769,3,2,15,Semi
IN12752,Delhi,1528,1,2,15,Furnished
IN12753,Bangalore,1070,2,2,15,Unfurnished
IN12754,Chennai,697,3,3,15,Semi
IN12755,Delhi,493,3,2,15,Furnished
IN12756,Bangalore,1402,3,3,30.25,Furnished
IN12757,Bangalore,1691,2,2,16.25,Unfurnished
IN12758,Delhi,1297,3,1,15.52,Unfurnished
IN12759,Chennai,1478,4,2,15,Furnished
IN12760,Kolkata,1221,2,2,15,Furnished
IN12761,Mumbai,1157,2,2,21.27,Furnished
IN12762,Kolkata,439,3,3,15,Unfurnished
IN12763,Delhi,718,2,2,15,Unfurnished
IN12764,Delhi,792,4,3,15,Semi
IN12765,Delhi,1150,1,1,18.97,Furnished
IN12766,Bangalore,1480,4,1,17.27,Unfurnished
IN12767,Hyderabad,372,2,1,15,Furnished
IN12768,Mumbai,1283,1,2,15,Semi
IN12769,Mumbai,1229,4,1,15.54,Unfurnished
IN12770,Kolkata,382,1,1,15,Unfurnished
IN12771,Hyderabad,1213,2,2,15,Semi
IN12772,Mumbai,1627,3,1,20.44,Semi
IN12773,Delhi,1419,1,2,15,Unfurnished
IN12774,Delhi,1030,2,2,15,Unfurnished
IN12775,Delhi,749,1,3,15,Semi
IN12776,Kolkata,805,2,1,15,Furnished
IN12777,Chennai,788,1,3,15,Unfurnished
IN12778,Hyderabad,1147,4,3,16.1,Unfurnished
IN12779,Kolkata,1072,1,2,19.22,Furnished
IN12780,Mumbai,1704,4,2,17.67,Semi
IN12781,Kolkata,592,3,2,15,Furnished
IN12782,Kolkata,1166,2,1,18.61,Semi
IN12783,Kolkata,1380,3,3,15,Semi
IN12784,Hyderabad,657,2,1,15,Semi
IN12785,Mumbai,1335,4,2,26.86,Semi
IN12786,Bangalore,791,1,2,15,Unfurnished
IN12787,Hyderabad,1220,2,2,18.29,Furnished
IN12788,Delhi,1455,4,2,25.94,Semi
IN12789,Bangalore,417,3,3,15,Furnished
IN12790,Kolkata,950,2,1,16.05,Semi
IN12791,Delhi,1216,2,1,15,Furnished
IN12792,Bangalore,1328,4,2,15,Semi
IN12793,Kolkata,1698,3,1,26.58,Unfurnished
IN12794,Chennai,951,3,3,15,Furnished
IN12795,Kolkata,1369,3,2,17.4,Furnished
IN12796,Kolkata,300,3,1,15,Semi
IN12797,Mumbai,1296,2,1,15,Unfurnished
IN12798,Bangalore,1166,3,2,15,Unfurnished
IN12799,Mumbai,481,2,2,15,Furnished
IN12800,Bangalore,300,3,2,15,Furnished
IN12801,Hyderabad,927,1,3,18.79,Furnished
IN12802,Bangalore,952,4,2,15,Furnished
IN12803,Delhi,1177,3,2,15,Unfurnished
IN12804,Delhi,1359,1,3,15.65,Furnished
IN12805,Hyderabad,1229,1,2,16.94,Furnished
IN12806,Kolkata,500,2,1,15,Furnished
IN12807,Delhi,959,1,2,18.71,Furnished
IN12808,Bangalore,1511,3,3,19.73,Semi
IN12809,Chennai,1538,2,2,15,Furnished
IN12810,Hyderabad,1425,3,2,24.52,Furnished
IN12811,Bangalore,794,3,2,15,Semi
IN12812,Bangalore,797,3,3,15,Unfurnished
IN12813,Delhi,864,2,1,15,Unfurnished
IN12814,Mumbai,300,3,3,15,Unfurnished
IN12815,Delhi,1266,3,2,15,Unfurnished
IN12816,Chennai,509,3,3,15,Semi
IN12817,Kolkata,1143,1,2,15,Furnished
IN12818,Bangalore,1446,3,3,20.1,Furnished
IN12819,Delhi,814,3,2,15,Furnished
IN12820,Chennai,952,3,2,15,Unfurnished
IN12821,Chennai,1082,2,3,16.65,Furnished
IN12822,Hyderabad,1131,2,3,18.41,Furnished
IN12823,Bangalore,947,3,1,15,Unfurnished
IN12824,Hyderabad,649,3,1,15,Furnished
IN12825,Chennai,1055,2,2,19.64,Furnished
IN12826,Mumbai,679,1,2,15,Furnished
IN12827,Mumbai,868,4,2,15,Unfurnished
IN12828,Kolkata,1153,2,2,18.28,Unfurnished
IN12829,Hyderabad,1242,3,2,18.56,Furnished
IN12830,Hyderabad,608,3,3,15,Furnished
IN12831,Chennai,300,2,1,15,Furnished
IN12832,Mumbai,1601,1,2,15.37,Furnished
IN12833,Bangalore,1462,2,1,20.03,Unfurnished
IN12834,Hyderabad,1118,3,2,15,Semi
IN12835,Chennai,1391,2,2,19.33,Semi
IN12836,Delhi,830,4,2,15,Furnished
IN12837,Delhi,753,1,3,15,Furnished
IN12838,Chennai,563,1,2,15,Furnished
IN12839,Kolkata,995,3,3,15,Furnished
IN12840,Mumbai,962,4,1,15,Furnished
IN12841,Delhi,650,2,2,15,Furnished
IN12842,Mumbai,1113,1,3,15,Semi
IN12843,Chennai,1127,1,3,17.98,Furnished
IN12844,Hyderabad,1316,2,2,15,Unfurnished
IN12845,Hyderabad,676,3,2,15,Semi
IN12846,Mumbai,657,3,2,15,Unfurnished
IN12847,Hyderabad,1184,4,1,19.74,Unfurnished
IN12848,Mumbai,1378,2,3,17.94,Unfurnished
IN12849,Mumbai,1060,1,3,17.36,Semi
IN12850,Bangalore,1317,3,1,15,Unfurnished
IN12851,Delhi,1872,2,2,24.3,Furnished
IN12852,Mumbai,858,3,3,15,Semi
IN12853,Kolkata,1431,2,3,15,Furnished
IN12854,Kolkata,300,1,2,15,Semi
IN12855,Hyderabad,748,3,3,15,Semi
IN12856,Kolkata,599,2,2,15,Unfurnished
IN12857,Bangalore,1103,2,1,17.82,Furnished
IN12858,Mumbai,1344,3,2,16.13,Furnished
IN12859,Kolkata,526,2,1,15,Unfurnished
IN12860,Delhi,1165,2,2,15,Furnished
IN12861,Delhi,1285,2,2,18.21,Furnished
IN12862,Kolkata,580,2,1,15,Unfurnished
IN12863,Hyderabad,1409,2,2,20.54,Semi
IN12864,Chennai,300,3,1,15,Unfurnished
IN12865,Kolkata,575,1,3,15,Semi
IN12866,Kolkata,1574,4,2,23.62,Furnished
IN12867,Bangalore,1003,3,2,15.88,Semi
IN12868,Chennai,717,4,2,15,Unfurnished
IN12869,Delhi,671,1,2,15,Furnished
IN12870,Bangalore,1136,3,2,15,Unfurnished
IN12871,Kolkata,379,3,1,15,Unfurnished
IN12872,Bangalore,736,3,2,15,Semi
IN12873,Bangalore,996,3,1,20.02,Unfurnished
IN12874,Mumbai,711,3,1,15,Semi
IN12875,Delhi,998,3,2,17.86,Furnished
IN12876,Delhi,505,1,3,15,Semi
IN12877,Delhi,1137,2,2,15,Unfurnished
IN12878,Bangalore,300,3,2,15,Unfurnished
IN12879,Mumbai,1119,4,1,15,Unfurnished
IN12880,Kolkata,1678,2,2,17.35,Furnished
IN12881,Mumbai,1592,1,2,29.14,Semi
IN12882,Chennai,1751,1,3,22.11,Semi
IN12883,Kolkata,983,2,3,15,Semi
IN12884,Chennai,1902,3,3,19.25,Semi
IN12885,Delhi,695,1,2,15,Unfurnished
IN12886,Hyderabad,1361,3,3,15,Semi
IN12887,Delhi,1268,2,1,17.01,Semi
IN12888,Delhi,884,2,2,15,Semi
IN12889,Chennai,716,4,3,15,Furnished
IN12890,Bangalore,1034,3,1,15,Furnished
IN12891,Bangalore,1373,2,2,16.93,Semi
IN12892,Mumbai,1565,3,2,16.03,Semi
IN12893,Chennai,908,3,1,15,Furnished
IN12894,Bangalore,1540,2,1,20.36,Semi
IN12895,Chennai,716,2,2,15,Semi
IN12896,Delhi,1421,2,1,15.09,Furnished
IN12897,Mumbai,1417,3,1,16.12,Unfurnished
IN12898,Kolkata,1335,3,1,24.92,Unfurnished
IN12899,Delhi,794,1,1,15,Furnished
IN12900,Delhi,369,3,1,15,Unfurnished
IN12901,Mumbai,1163,2,2,17.31,Unfurnished
IN12902,Mumbai,1412,2,2,15,Furnished
IN12903,Chennai,434,1,1,15,Semi
IN12904,Bangalore,330,3,2,15,Semi
IN12905,Chennai,1315,2,2,16.2,Unfurnished
IN12906,Kolkata,797,1,2,15,Semi
IN12907,Mumbai,534,3,1,15,Semi
IN12908,Kolkata,1692,2,2,16.55,Furnished
IN12909,Kolkata,596,2,2,15,Semi
IN12910,Hyderabad,552,4,2,15,Semi
IN12911,Kolkata,802,2,1,15,Unfurnished
IN12912,Delhi,2251,2,3,22.75,Unfurnished
IN12913,Chennai,632,1,3,15,Unfurnished
IN12914,Kolkata,1059,1,2,15,Furnished
IN12915,Hyderabad,1934,1,2,22.34,Furnished
IN12916,Hyderabad,313,3,2,15,Unfurnished
IN12917,Kolkata,1118,4,2,22.71,Furnished
IN12918,Hyderabad,512,1,1,15,Semi
IN12919,Mumbai,1345,4,2,18.01,Furnished
IN12920,Bangalore,902,3,1,17.52,Furnished
IN12921,Hyderabad,939,1,1,18.87,Furnished
IN12922,Hyderabad,1990,3,2,25.14,Unfurnished
IN12923,Mumbai,485,1,2,15,Semi
IN12924,Mumbai,817,2,2,15,Semi
IN12925,Delhi,465,1,3,15,Furnished
IN12926,Chennai,1200,4,2,15,Furnished
IN12927,Kolkata,1419,2,2,17.17,Semi
IN12928,Kolkata,1666,1,3,21.83,Semi
IN12929,Chennai,1119,3,2,15.26,Unfurnished
IN12930,Hyderabad,961,1,3,15,Unfurnished
IN12931,Hyderabad,624,3,2,15,Semi
IN12932,Delhi,2119,1,2,18.13,Semi
IN12933,Bangalore,1562,3,2,15,Semi
IN12934,Chennai,637,3,2,15,Unfurnished
IN12935,Chennai,1248,3,3,21.12,Unfurnished
IN12936,Delhi,1098,1,2,15.93,Semi
IN12937,Delhi,1428,1,3,15,Unfurnished
IN12938,Kolkata,1795,1,2,24.73,Unfurnished
IN12939,Chennai,767,1,2,15,Semi
IN12940,Hyderabad,901,3,2,15,Semi
IN12941,Bangalore,701,2,1,15,Unfurnished
IN12942,Mumbai,1523,1,3,31.67,Semi
IN12943,Mumbai,1307,2,2,23.04,Semi
IN12944,Kolkata,1076,3,2,15,Furnished
IN12945,Delhi,1786,3,1,26.76,Semi
IN12946,Mumbai,669,2,1,15,Unfurnished
IN12947,Mumbai,1159,2,3,15,Furnished
IN12948,Kolkata,1085,2,1,15,Furnished
IN12949,Hyderabad,1080,2,3,23.69,Furnished
IN12950,Delhi,2685,2,3,39.68,Unfurnished
IN12951,Mumbai,1326,2,1,18.9,Unfurnished
IN12952,Mumbai,1150,3,1,15,Unfurnished
IN12953,Bangalore,1083,4,2,15,Furnished
IN12954,Bangalore,1791,2,3,18.66,Semi
IN12955,Mumbai,535,4,2,15,Semi
IN12956,Chennai,435,1,2,15,Semi
IN12957,Mumbai,2024,1,3,15,Furnished
IN12958,Kolkata,741,3,1,15,Semi
IN12959,Chennai,890,3,1,15,Furnished
IN12960,Bangalore,1352,1,1,17.34,Semi
IN12961,Bangalore,1354,3,2,19.44,Unfurnished
IN12962,Bangalore,1543,4,2,17.01,Furnished
IN12963,Chennai,1709,2,1,31.17,Furnished
IN12964,Delhi,1091,3,1,15,Unfurnished
IN12965,Chennai,2267,2,1,33.13,Furnished
IN12966,Delhi,791,3,1,15,Furnished
IN12967,Delhi,1607,2,2,17.94,Unfurnished
IN12968,Kolkata,1084,1,2,15,Furnished
IN12969,Kolkata,1276,4,1,17.55,Unfurnished
IN12970,Mumbai,1521,2,2,15,Semi
IN12971,Chennai,492,2,2,15,Semi
IN12972,Mumbai,1100,3,2,16.79,Unfurnished
IN12973,Chennai,1783,2,2,15.84,Semi
IN12974,Hyderabad,673,4,1,15,Semi
IN12975,Hyderabad,1003,2,1,15,Unfurnished
IN12976,Mumbai,1838,1,2,23.87,Furnished
IN12977,Bangalore,1524,4,2,15,Furnished
IN12978,Bangalore,1684,1,1,15,Unfurnished
IN12979,Bangalore,772,3,2,15,Furnished
IN12980,Mumbai,1901,4,2,26.38,Furnished
IN12981,Chennai,1046,1,3,21.97,Semi
IN12982,Hyderabad,944,3,3,15,Semi
IN12983,Chennai,1156,2,2,15,Furnished
IN12984,Kolkata,1413,1,2,30.33,Unfurnished
IN12985,Mumbai,1355,2,3,18.11,Unfurnished
IN12986,Bangalore,1772,2,1,16.34,Semi
IN12987,Bangalore,869,3,1,15,Furnished
IN12988,Hyderabad,457,2,2,15,Unfurnished
IN12989,Hyderabad,848,3,1,15,Unfurnished
IN12990,Bangalore,1644,3,1,16.74,Furnished
IN12991,Mumbai,502,3,3,15,Furnished
IN12992,Delhi,860,1,2,15,Semi
IN12993,Bangalore,1197,2,1,15,Furnished
IN12994,Bangalore,1269,2,3,23.26,Semi
IN12995,Chennai,2344,1,2,43.8,Unfurnished
IN12996,Kolkata,1241,3,3,15,Unfurnished
IN12997,Chennai,1624,3,1,26.05,Semi
IN12998,Bangalore,1376,2,3,29.15,Semi
IN12999,Kolkata,1484,2,1,15,Furnished
IN13000,Hyderabad,306,2,2,15,Furnished
IN13001,Delhi,1022,1,1,15,Unfurnished
IN13002,Bangalore,1498,4,3,15,Unfurnished
IN13003,Mumbai,1500,2,3,21.99,Unfurnished
IN13004,Chennai,725,2,2,15,Unfurnished
IN13005,Delhi,1288,2,2,15,Unfurnished
IN13006,Mumbai,452,3,3,15,Furnished
IN13007,Hyderabad,1541,3,2,15,Unfurnished
IN13008,Hyderabad,824,2,2,15,Furnished
IN13009,Delhi,485,2,2,15,Semi
IN13010,Kolkata,1730,2,3,15,Unfurnished
IN13011,Mumbai,2266,3,3,26.08,Unfurnished
IN13012,Kolkata,1127,4,2,18.49,Unfurnished
IN13013,Kolkata,1337,4,1,15,Unfurnished
IN13014,Hyderabad,923,3,3,15,Furnished
IN13015,Bangalore,1015,3,3,15,Semi
IN13016,Chennai,1447,2,1,15,Unfurnished
IN13017,Chennai,1525,3,2,23.37,Furnished
IN13018,Chennai,1416,2,1,15,Furnished
IN13019,Hyderabad,1178,3,3,17.63,Unfurnished
IN13020,Chennai,477,2,2,15,Semi
IN13021,Hyderabad,1118,3,1,15,Furnished
IN13022,Delhi,598,1,2,15,Furnished
IN13023,Chennai,486,2,1,15,Unfurnished
IN13024,Delhi,1255,2,2,20.79,Semi
IN13025,Mumbai,1346,2,2,15,Furnished
IN13026,Hyderabad,816,3,3,15,Furnished
IN13027,Mumbai,684,4,3,15,Unfurnished
IN13028,Mumbai,1814,3,2,29.12,Furnished
IN13029,Mumbai,300,2,2,15,Unfurnished
IN13030,Kolkata,750,1,2,15,Unfurnished
IN13031,Mumbai,910,2,2,15,Unfurnished
IN13032,Hyderabad,944,4,2,15,Semi
IN13033,Chennai,2403,3,3,31.99,Unfurnished
IN13034,Bangalore,688,2,1,15,Semi
IN13035,Mumbai,681,1,3,15,Semi
IN13036,Mumbai,714,4,3,15,Unfurnished
IN13037,Bangalore,1553,1,1,22.8,Unfurnished
IN13038,Bangalore,1000,3,2,15,Furnished
IN13039,Chennai,1884,2,1,30.98,Unfurnished
IN13040,Chennai,1425,3,1,15,Semi
IN13041,Kolkata,1456,3,2,27.33,Semi
IN13042,Mumbai,1416,2,2,20.4,Unfurnished
IN13043,Chennai,538,2,1,15,Furnished
IN13044,Kolkata,1081,2,2,17.0,Unfurnished
IN13045,Hyderabad,367,3,2,15,Furnished
IN13046,Delhi,1531,4,1,16.79,Unfurnished
IN13047,Hyderabad,1621,3,1,16.53,Unfurnished
IN13048,Hyderabad,999,2,1,15.67,Unfurnished
IN13049,Hyderabad,1165,1,3,23.03,Semi
IN13050,Delhi,1286,4,2,15,Furnished
IN13051,Hyderabad,644,3,3,15,Unfurnished
IN13052,Hyderabad,1107,3,2,15,Furnished
IN13053,Delhi,677,1,1,15,Unfurnished
IN13054,Hyderabad,853,3,1,15,Unfurnished
IN13055,Kolkata,1330,3,3,19.02,Semi
IN13056,Bangalore,414,3,2,15,Unfurnished
IN13057,Bangalore,1480,4,2,18.48,Semi
IN13058,Delhi,1285,1,3,15,Semi
IN13059,Delhi,300,4,2,15,Furnished
IN13060,Delhi,379,3,2,15,Unfurnished
IN13061,Delhi,554,4,2,15,Unfurnished
IN13062,Bangalore,1376,2,3,21.58,Semi
IN13063,Chennai,782,1,3,15,Furnished
IN13064,Chennai,716,4,1,15,Semi
IN13065,Bangalore,2057,4,2,31.01,Semi
IN13066,Bangalore,1273,1,3,21.5,Semi
IN13067,Bangalore,995,2,3,15,Furnished
IN13068,Delhi,672,2,2,15,Furnished
IN13069,Kolkata,638,1,2,15,Semi
IN13070,Kolkata,1896,3,3,26.92,Semi
IN13071,Hyderabad,1441,1,2,15,Semi
IN13072,Chennai,1074,1,2,15,Furnished
IN13073,Delhi,1474,4,1,15,Unfurnished
IN13074,Kolkata,1103,4,2,15,Unfurnished
IN13075,Kolkata,2112,2,2,23.75,Unfurnished
IN13076,Mumbai,1103,3,1,15,Furnished
IN13077,Chennai,1326,3,1,18.19,Furnished
IN13078,Bangalore,1763,2,1,18.37,Unfurnished
IN13079,Mumbai,1585,2,2,23.26,Furnished
IN13080,Delhi,726,3,1,15,Unfurnished
IN13081,Hyderabad,951,2,2,15,Semi
IN13082,Chennai,778,1,1,15,Unfurnished
IN13083,Delhi,568,3,3,15,Furnished
IN13084,Bangalore,933,2,2,15,Unfurnished
IN13085,Hyderabad,848,2,2,15,Unfurnished
IN13086,Delhi,964,4,2,15,Furnished
IN13087,Hyderabad,1570,3,2,22.77,Unfurnished
IN13088,Delhi,300,1,2,15,Unfurnished
IN13089,Bangalore,796,3,3,15,Unfurnished
IN13090,Delhi,1092,2,2,16.14,Unfurnished
IN13091,Mumbai,1174,2,2,21.33,Furnished
IN13092,Bangalore,436,1,3,15,Semi
IN13093,Hyderabad,1310,2,3,26.95,Furnished
IN13094,Chennai,1234,2,2,15,Semi
IN13095,Kolkata,1509,4,2,15,Semi
IN13096,Chennai,1436,2,1,16.59,Unfurnished
IN13097,Hyderabad,1339,4,2,15,Unfurnished
IN13098,Kolkata,1266,1,2,26.08,Semi
IN13099,Chennai,1391,3,3,15,Furnished
IN13100,Hyderabad,1287,3,2,23.72,Furnished
IN13101,Chennai,387,2,3,15,Unfurnished
IN13102,Mumbai,833,1,3,15,Furnished
IN13103,Kolkata,1439,2,3,15,Semi
IN13104,Mumbai,712,3,2,15,Furnished
IN13105,Hyderabad,1030,3,2,15,Furnished
IN13106,Kolkata,1794,3,2,21.51,Semi
IN13107,Hyderabad,665,3,2,15,Unfurnished
IN13108,Chennai,634,2,1,15,Semi
IN13109,Kolkata,855,1,1,15,Furnished
IN13110,Chennai,988,3,2,15,Furnished
IN13111,Chennai,454,3,2,15,Semi
IN13112,Mumbai,1046,2,1,15,Furnished
IN13113,Hyderabad,872,2,2,15,Unfurnished
IN13114,Mumbai,1750,3,1,33.52,Unfurnished
IN13115,Mumbai,1001,3,3,15,Unfurnished
IN13116,Mumbai,1472,3,1,24.1,Unfurnished
IN13117,Mumbai,1046,4,3,15,Furnished
IN13118,Kolkata,1386,3,1,15.83,Furnished
IN13119,Chennai,2059,4,1,15,Unfurnished
IN13120,Kolkata,1277,2,2,19.33,Semi
IN13121,Mumbai,805,1,2,15,Furnished
IN13122,Mumbai,300,2,1,15,Unfurnished
IN13123,Kolkata,1387,1,1,22.35,Furnished
IN13124,Chennai,701,4,1,15,Furnished
IN13125,Delhi,1876,2,2,24.43,Semi
IN13126,Mumbai,1329,3,2,21.68,Furnished
IN13127,Mumbai,859,3,2,15,Semi
IN13128,Bangalore,832,2,3,16.35,Furnished
IN13129,Kolkata,1722,2,2,27.0,Furnished
IN13130,Chennai,944,1,3,15,Semi
IN13131,Hyderabad,1680,3,3,34.83,Semi
IN13132,Kolkata,802,3,1,15,Furnished
IN13133,Kolkata,300,3,3,15,Unfurnished
IN13134,Delhi,348,2,2,15,Furnished
IN13135,Hyderabad,1778,1,2,15,Semi
IN13136,Hyderabad,513,3,2,15,Unfurnished
IN13137,Chennai,1088,1,2,17.53,Furnished
IN13138,Bangalore,300,1,2,15,Furnished
IN13139,Bangalore,859,4,2,15.42,Unfurnished
IN13140,Hyderabad,777,4,3,15,Semi
IN13141,Mumbai,1368,3,1,15.55,Furnished
IN13142,Chennai,592,3,2,15,Furnished
IN13143,Mumbai,794,3,3,15,Unfurnished
IN13144,Bangalore,1237,4,2,15,Unfurnished
IN13145,Mumbai,1029,4,2,15.55,Unfurnished
IN13146,Hyderabad,1179,3,3,15,Semi
IN13147,Kolkata,589,3,1,15,Furnished
IN13148,Hyderabad,1174,3,2,15,Furnished
IN13149,Hyderabad,729,3,3,15,Furnished
IN13150,Chennai,1084,4,1,16.0,Furnished
IN13151,Chennai,539,2,3,15,Unfurnished
IN13152,Hyderabad,1382,3,2,15,Unfurnished
IN13153,Bangalore,811,2,1,15,Semi
IN13154,Mumbai,613,2,3,15,Unfurnished
IN13155,Hyderabad,1448,4,1,17.92,Semi
IN13156,Hyderabad,786,2,2,15,Furnished
IN13157,Kolkata,1087,4,1,15,Unfurnished
IN13158,Chennai,1225,3,2,15,Semi
IN13159,Chennai,1392,4,1,20.64,Furnished
IN13160,Hyderabad,961,4,2,15,Semi
IN13161,Hyderabad,2282,3,2,19.06,Furnished
IN13162,Bangalore,998,4,1,15.12,Semi
IN13163,Mumbai,1424,3,1,15.05,Furnished
IN13164,Kolkata,1088,2,2,15,Semi
IN13165,Hyderabad,1715,2,1,24.9,Furnished
IN13166,Delhi,893,4,3,15,Unfurnished
IN13167,Chennai,986,2,2,15,Furnished
IN13168,Chennai,1597,1,2,17.94,Unfurnished
IN13169,Chennai,1027,2,2,15,Furnished
IN13170,Mumbai,1770,2,2,32.61,Semi
IN13171,Bangalore,747,3,2,15,Furnished
IN13172,Kolkata,1220,2,1,15,Furnished
IN13173,Kolkata,1309,2,2,15,Unfurnished
IN13174,Bangalore,300,2,3,15,Semi
IN13175,Chennai,966,2,1,15,Unfurnished
IN13176,Kolkata,1803,4,3,15,Semi
IN13177,Kolkata,1356,4,2,15,Furnished
IN13178,Delhi,1773,2,2,15,Furnished
IN13179,Bangalore,1057,2,1,15,Semi
IN13180,Mumbai,1653,4,2,34.73,Semi
IN13181,Bangalore,945,3,1,15,Furnished
IN13182,Delhi,1083,3,2,15.88,Furnished
IN13183,Chennai,872,2,1,15,Unfurnished
IN13184,Kolkata,1360,2,1,15,Unfurnished
IN13185,Hyderabad,1382,4,2,17.19,Semi
IN13186,Bangalore,1047,4,1,24.29,Unfurnished
IN13187,Bangalore,986,3,3,15.34,Furnished
IN13188,Delhi,1285,2,3,15,Furnished
IN13189,Bangalore,1432,2,2,15,Unfurnished
IN13190,Chennai,1430,3,3,20.48,Semi
IN13191,Delhi,1295,4,1,15,Semi
IN13192,Bangalore,2196,3,2,38.35,Unfurnished
IN13193,Mumbai,939,2,2,15,Unfurnished
IN13194,Bangalore,1156,1,2,24.97,Furnished
IN13195,Bangalore,300,3,2,15,Furnished
IN13196,Mumbai,1410,1,2,15,Unfurnished
IN13197,Delhi,1336,3,3,15.06,Furnished
IN13198,Hyderabad,1819,3,3,18.98,Furnished
IN13199,Kolkata,1650,2,2,32.34,Semi
IN13200,Delhi,598,2,2,15,Semi
IN13201,Delhi,1174,1,2,15,Semi
IN13202,Kolkata,1211,2,1,16.67,Furnished
IN13203,Delhi,451,3,3,15,Unfurnished
IN13204,Hyderabad,993,2,2,15,Unfurnished
IN13205,Hyderabad,1362,2,3,22.28,Unfurnished
IN13206,Kolkata,300,4,2,15,Furnished
IN13207,Bangalore,568,3,2,15,Furnished
IN13208,Bangalore,1553,3,2,18.31,Furnished
IN13209,Mumbai,700,1,2,15,Semi
IN13210,Bangalore,675,3,3,15,Semi
IN13211,Mumbai,1348,2,1,17.53,Unfurnished
IN13212,Kolkata,1091,3,2,15,Furnished
IN13213,Delhi,920,3,2,15,Furnished
IN13214,Delhi,1011,4,3,15,Semi
IN13215,Delhi,1773,3,3,15,Semi
IN13216,Bangalore,1660,2,3,20.77,Semi
IN13217,Chennai,1387,2,2,26.75,Furnished
IN13218,Chennai,1765,2,3,15,Unfurnished
IN13219,Chennai,718,3,1,15,Furnished
IN13220,Mumbai,740,2,2,15,Unfurnished
IN13221,Delhi,1110,2,2,15.37,Unfurnished
IN13222,Kolkata,1965,3,2,21.54,Unfurnished
IN13223,Chennai,1580,2,2,21.07,Semi
IN13224,Chennai,1231,2,3,15,Semi
IN13225,Mumbai,724,4,2,15,Furnished
IN13226,Bangalore,596,3,2,15,Unfurnished
IN13227,Hyderabad,1474,3,3,16.7,Unfurnished
IN13228,Bangalore,804,2,2,15,Semi
IN13229,Bangalore,1000,4,2,15,Furnished
IN13230,Mumbai,1124,3,2,19.2,Unfurnished
IN13231,Kolkata,548,2,2,15,Semi
IN13232,Hyderabad,336,2,1,15,Furnished
IN13233,Hyderabad,1907,2,2,21.87,Unfurnished
IN13234,Kolkata,888,2,3,15,Furnished
IN13235,Mumbai,1066,3,3,15,Furnished
IN13236,Mumbai,968,3,1,15,Furnished
IN13237,Delhi,791,2,1,15,Unfurnished
IN13238,Mumbai,389,4,2,15,Unfurnished
IN13239,Kolkata,668,1,3,15,Furnished
IN13240,Bangalore,1763,3,1,15,Semi
IN13241,Mumbai,746,2,1,15,Unfurnished
IN13242,Bangalore,943,1,2,15,Unfurnished
IN13243,Mumbai,576,2,2,15,Unfurnished
IN13244,Mumbai,1419,1,1,15,Furnished
IN13245,Kolkata,1428,2,2,15,Furnished
IN13246,Mumbai,1759,1,2,17.91,Unfurnished
IN13247,Bangalore,1399,3,3,31.72,Semi
IN13248,Mumbai,1917,1,1,40.01,Furnished
IN13249,Chennai,1265,2,2,15.41,Furnished
IN13250,Kolkata,1636,2,1,21.65,Unfurnished
IN13251,Chennai,382,2,2,15,Furnished
IN13252,Delhi,1224,3,2,17.76,Unfurnished
IN13253,Chennai,1912,1,2,17.84,Furnished
IN13254,Mumbai,401,4,2,15,Furnished
IN13255,Kolkata,300,4,2,15,Semi
IN13256,Hyderabad,538,3,2,15,Unfurnished
IN13257,Kolkata,881,4,2,15,Furnished
IN13258,Kolkata,616,3,2,15,Furnished
IN13259,Kolkata,938,4,1,15,Furnished
IN13260,Kolkata,1089,3,1,15,Furnished
IN13261,Mumbai,788,2,2,15,Furnished
IN13262,Kolkata,1685,4,3,16.23,Furnished
IN13263,Hyderabad,861,3,3,15,Furnished
IN13264,Mumbai,1636,2,1,31.47,Semi
IN13265,Kolkata,1395,1,2,17.84,Furnished
IN13266,Chennai,1426,4,1,15,Unfurnished
IN13267,Chennai,1525,2,3,23.14,Semi
IN13268,Kolkata,874,4,2,15,Unfurnished
IN13269,Hyderabad,937,3,1,15,Unfurnished
IN13270,Bangalore,1129,3,1,15,Unfurnished
IN13271,Hyderabad,604,2,3,15,Unfurnished
IN13272,Chennai,1132,2,1,15,Unfurnished
IN13273,Hyderabad,1222,2,1,15,Semi
IN13274,Delhi,1538,2,2,16.13,Unfurnished
IN13275,Hyderabad,439,4,1,15,Furnished
IN13276,Hyderabad,1242,2,2,19.01,Furnished
IN13277,Chennai,962,2,2,17.01,Unfurnished
IN13278,Mumbai,1067,4,3,15,Semi
IN13279,Bangalore,746,1,2,15,Furnished
IN13280,Kolkata,1312,4,3,15.61,Furnished
IN13281,Kolkata,922,1,2,15,Unfurnished
IN13282,Kolkata,1102,4,1,15,Furnished
IN13283,Bangalore,594,4,2,15,Semi
IN13284,Delhi,754,2,1,15,Furnished
IN13285,Chennai,372,4,2,15,Furnished
IN13286,Bangalore,1223,3,2,15,Furnished
IN13287,Hyderabad,1309,3,2,15,Furnished
IN13288,Delhi,820,2,2,15,Semi
IN13289,Hyderabad,1365,2,2,15,Furnished
IN13290,Chennai,1332,2,1,15.32,Furnished
IN13291,Chennai,846,2,3,15,Furnished
IN13292,Kolkata,1027,2,1,15,Semi
IN13293,Delhi,876,2,2,15,Furnished
IN13294,Delhi,1434,1,2,15,Furnished
IN13295,Mumbai,874,4,2,15,Unfurnished
IN13296,Hyderabad,1144,1,1,16.91,Semi
IN13297,Kolkata,1510,4,2,20.5,Unfurnished
IN13298,Chennai,1596,3,2,30.81,Furnished
IN13299,Bangalore,1283,4,3,15.51,Furnished
IN13300,Bangalore,1716,4,3,17.28,Unfurnished
IN13301,Mumbai,1203,1,3,15,Unfurnished
IN13302,Chennai,1318,3,1,15,Unfurnished
IN13303,Mumbai,1025,3,2,19.02,Semi
IN13304,Hyderabad,1312,1,2,15,Furnished
IN13305,Delhi,988,4,2,15,Unfurnished
IN13306,Hyderabad,716,1,3,15,Furnished
IN13307,Kolkata,729,3,3,15,Furnished
IN13308,Bangalore,350,1,2,15,Unfurnished
IN13309,Mumbai,1484,1,2,15,Unfurnished
IN13310,Chennai,301,2,1,15,Unfurnished
IN13311,Bangalore,300,2,1,15,Furnished
IN13312,Delhi,1087,2,3,15,Semi
IN13313,Kolkata,979,2,3,15,Semi
IN13314,Kolkata,1261,2,1,15,Semi
IN13315,Chennai,1042,2,2,15,Furnished
IN13316,Kolkata,1126,2,3,15,Semi
IN13317,Chennai,300,2,2,15,Unfurnished
IN13318,Mumbai,845,4,3,15,Unfurnished
IN13319,Bangalore,792,4,3,15,Unfurnished
IN13320,Bangalore,1353,2,1,15,Semi
IN13321,Mumbai,300,3,3,15,Furnished
IN13322,Delhi,504,1,3,15,Semi
IN13323,Chennai,723,2,2,15.81,Unfurnished
IN13324,Kolkata,505,3,3,15,Furnished
IN13325,Kolkata,1661,2,2,29.44,Furnished
IN13326,Delhi,1613,3,2,22.05,Furnished
IN13327,Kolkata,1394,1,3,16.52,Furnished
IN13328,Hyderabad,611,2,2,15,Unfurnished
IN13329,Hyderabad,857,3,1,15,Furnished
IN13330,Mumbai,1339,2,2,15,Semi
IN13331,Delhi,1066,3,1,16.74,Unfurnished
IN13332,Hyderabad,1288,1,2,15,Unfurnished
IN13333,Chennai,1422,2,2,15,Semi
IN13334,Mumbai,2066,1,2,19.05,Semi
IN13335,Kolkata,1733,3,3,32.89,Furnished
IN13336,Mumbai,548,2,3,15,Unfurnished
IN13337,Delhi,1083,2,3,15,Semi
IN13338,Delhi,1217,2,3,15,Unfurnished
IN13339,Kolkata,1604,4,1,29.61,Semi
IN13340,Chennai,517,1,3,15,Furnished
IN13341,Chennai,1100,3,1,15,Semi
IN13342,Hyderabad,1675,2,1,25.36,Semi
IN13343,Bangalore,1475,1,1,15,Semi
IN13344,Hyderabad,338,4,2,15,Semi
IN13345,Hyderabad,1352,4,2,15,Furnished
IN13346,Kolkata,544,2,3,15,Furnished
IN13347,Bangalore,734,2,1,15,Furnished
IN13348,Hyderabad,1088,2,2,15,Unfurnished
IN13349,Bangalore,538,2,2,15,Semi
IN13350,Mumbai,793,2,2,15,Semi
IN13351,Chennai,344,2,2,15,Semi
IN13352,Delhi,1444,3,1,19.11,Semi
IN13353,Hyderabad,1228,2,2,15.0,Semi
IN13354,Chennai,1254,3,1,15,Furnished
IN13355,Delhi,1413,2,3,15.34,Furnished
IN13356,Delhi,998,2,2,18.69,Unfurnished
IN13357,Hyderabad,1418,1,2,20.64,Unfurnished
IN13358,Mumbai,665,3,3,15,Furnished
IN13359,Mumbai,1920,3,2,28.94,Unfurnished
IN13360,Chennai,1112,3,2,15,Semi
IN13361,Kolkata,1433,4,3,17.7,Unfurnished
IN13362,Bangalore,654,3,1,15,Furnished
IN13363,Chennai,1356,3,2,19.28,Semi
IN13364,Chennai,889,4,2,15,Unfurnished
IN13365,Kolkata,1198,3,3,24.39,Furnished
IN13366,Chennai,499,3,1,15,Semi
IN13367,Delhi,1359,3,3,15,Furnished
IN13368,Hyderabad,1260,3,3,23.53,Semi
IN13369,Mumbai,794,1,3,15,Semi
IN13370,Chennai,767,2,2,15,Semi
IN13371,Mumbai,1092,4,2,15,Semi
IN13372,Kolkata,1286,4,2,15,Semi
IN13373,Delhi,300,3,3,15,Unfurnished
IN13374,Hyderabad,2029,4,1,19.37,Unfurnished
IN13375,Mumbai,300,4,3,15,Unfurnished
IN13376,Mumbai,1402,3,1,25.91,Semi
IN13377,Chennai,916,3,2,15,Semi
IN13378,Kolkata,1847,2,1,17.98,Semi
IN13379,Chennai,1528,1,1,15,Semi
IN13380,Mumbai,1197,2,3,22.54,Unfurnished
IN13381,Hyderabad,1338,4,3,21.77,Furnished
IN13382,Mumbai,1133,3,2,20.27,Semi
IN13383,Kolkata,390,2,2,15,Semi
IN13384,Bangalore,564,2,1,15,Semi
IN13385,Mumbai,507,2,2,15,Furnished
IN13386,Bangalore,1642,2,2,19.9,Unfurnished
IN13387,Kolkata,708,2,2,15,Unfurnished
IN13388,Bangalore,1401,3,3,18.3,Unfurnished
IN13389,Kolkata,410,2,3,15,Furnished
IN13390,Bangalore,1288,2,2,15,Furnished
IN13391,Kolkata,832,3,2,15,Semi
IN13392,Delhi,1429,3,2,21.6,Unfurnished
IN13393,Chennai,1272,3,2,22.12,Unfurnished
IN13394,Delhi,1934,2,2,16.11,Furnished
IN13395,Mumbai,1118,3,2,15,Unfurnished
IN13396,Bangalore,630,1,3,15,Unfurnished
IN13397,Mumbai,1442,2,2,15.86,Furnished
IN13398,Kolkata,300,4,2,15,Furnished
IN13399,Chennai,1576,3,2,20.0,Unfurnished
IN13400,Kolkata,300,2,3,15,Unfurnished
IN13401,Chennai,497,2,2,15,Semi
IN13402,Mumbai,2115,2,1,25.24,Unfurnished
IN13403,Bangalore,1374,1,2,15.97,Unfurnished
IN13404,Kolkata,1463,3,2,15.58,Semi
IN13405,Bangalore,1391,1,1,22.53,Unfurnished
IN13406,Kolkata,483,2,2,15,Semi
IN13407,Hyderabad,902,2,3,16.64,Furnished
IN13408,Chennai,1241,2,2,15,Furnished
IN13409,Delhi,1107,3,2,15,Furnished
IN13410,Chennai,833,1,1,15,Unfurnished
IN13411,Kolkata,377,2,1,15,Semi
IN13412,Hyderabad,642,3,2,15,Semi
IN13413,Bangalore,1660,3,2,15.57,Semi
IN13414,Mumbai,1324,3,2,15,Semi
IN13415,Chennai,1665,4,2,15,Unfurnished
IN13416,Delhi,1718,2,1,22.7,Unfurnished
IN13417,Kolkata,1006,4,2,15,Furnished
IN13418,Delhi,1219,2,2,16.53,Furnished
IN13419,Bangalore,850,1,3,15,Furnished
IN13420,Chennai,944,2,2,15,Semi
IN13421,Mumbai,1088,2,1,15,Furnished
IN13422,Chennai,824,2,3,15,Semi
IN13423,Kolkata,1476,4,2,17.63,Furnished
IN13424,Hyderabad,877,1,2,15,Unfurnished
IN13425,Kolkata,1129,2,2,15,Semi
IN13426,Hyderabad,1543,3,2,15,Unfurnished
IN13427,Kolkata,972,3,1,15,Unfurnished
IN13428,Chennai,1283,1,2,15,Semi
IN13429,Chennai,956,3,2,15,Furnished
IN13430,Delhi,1196,2,1,15,Furnished
IN13431,Chennai,1208,2,2,15,Furnished
IN13432,Delhi,1145,4,2,16.21,Furnished
IN13433,Kolkata,1364,4,1,15,Furnished
IN13434,Mumbai,1359,3,2,16.61,Furnished
IN13435,Hyderabad,1219,3,3,16.94,Semi
IN13436,Bangalore,300,2,1,15,Unfurnished
IN13437,Delhi,1135,1,2,15,Furnished
IN13438,Chennai,1673,3,2,15,Unfurnished
IN13439,Chennai,300,3,2,15,Semi
IN13440,Delhi,1277,2,1,15.66,Semi
IN13441,Kolkata,507,2,1,15,Unfurnished
IN13442,Hyderabad,1894,3,2,15,Semi
IN13443,Bangalore,802,2,2,15,Furnished
IN13444,Chennai,1535,3,1,24.98,Semi
IN13445,Mumbai,1409,2,2,15,Semi
IN13446,Hyderabad,431,4,2,15,Semi
IN13447,Bangalore,1593,2,2,15.06,Furnished
IN13448,Chennai,684,3,2,15,Furnished
IN13449,Bangalore,1438,4,1,15,Unfurnished
IN13450,Bangalore,1020,2,3,15,Semi
IN13451,Kolkata,1591,1,2,28.94,Semi
IN13452,Hyderabad,1625,1,2,32.25,Furnished
IN13453,Bangalore,1706,4,3,15,Unfurnished
IN13454,Chennai,1357,2,3,21.7,Semi
IN13455,Bangalore,500,3,2,15,Semi
IN13456,Hyderabad,300,3,2,15,Semi
IN13457,Delhi,1141,3,3,15,Furnished
IN13458,Kolkata,1166,1,1,15,Semi
IN13459,Mumbai,300,3,2,15,Unfurnished
IN13460,Mumbai,1529,2,2,15,Unfurnished
IN13461,Hyderabad,300,3,2,15,Unfurnished
IN13462,Chennai,636,4,2,15,Semi
IN13463,Kolkata,744,4,2,15,Furnished
IN13464,Hyderabad,856,2,2,15,Unfurnished
IN13465,Mumbai,2024,2,2,22.3,Furnished
IN13466,Hyderabad,1378,1,2,18.64,Unfurnished
IN13467,Kolkata,1569,3,2,22.27,Semi
IN13468,Delhi,1000,3,1,15,Unfurnished
IN13469,Hyderabad,1201,3,2,15,Furnished
IN13470,Bangalore,759,2,2,15,Semi
IN13471,Kolkata,1045,3,3,17.74,Semi
IN13472,Hyderabad,1192,2,2,15,Unfurnished
IN13473,Mumbai,1454,4,2,24.44,Unfurnished
IN13474,Kolkata,1108,2,1,15,Unfurnished
IN13475,Delhi,1194,1,1,15,Unfurnished
IN13476,Mumbai,1034,1,2,15,Unfurnished
IN13477,Delhi,751,2,1,15,Furnished
IN13478,Kolkata,1258,2,1,15.52,Unfurnished
IN13479,Kolkata,860,3,1,15,Unfurnished
IN13480,Mumbai,1234,3,2,24.69,Unfurnished
IN13481,Delhi,1433,2,3,19.0,Semi
IN13482,Kolkata,1158,1,2,20.23,Unfurnished
IN13483,Chennai,878,1,2,15,Furnished
IN13484,Bangalore,1179,3,1,15,Semi
IN13485,Hyderabad,1129,3,2,16.06,Furnished
IN13486,Mumbai,1234,4,2,19.34,Furnished
IN13487,Hyderabad,530,2,1,15,Furnished
IN13488,Chennai,946,2,3,15,Furnished
IN13489,Delhi,720,1,2,15,Semi
IN13490,Hyderabad,1486,2,1,21.45,Unfurnished
IN13491,Mumbai,461,2,1,15,Furnished
IN13492,Bangalore,300,3,1,15,Unfurnished
IN13493,Hyderabad,300,1,2,15,Semi
IN13494,Bangalore,591,3,1,15,Semi
IN13495,Chennai,1217,2,2,15,Unfurnished
IN13496,Delhi,300,2,1,15,Semi
IN13497,Chennai,993,2,2,15,Semi
IN13498,Mumbai,648,2,2,15,Furnished
IN13499,Hyderabad,300,4,3,15,Unfurnished
IN13500,Bangalore,300,4,3,15,Furnished
IN13501,Hyderabad,300,3,3,15,Furnished
IN13502,Hyderabad,1802,4,2,24.57,Unfurnished
IN13503,Hyderabad,965,3,1,15,Unfurnished
IN13504,Hyderabad,1693,4,2,16.14,Semi
IN13505,Chennai,1180,3,2,15,Unfurnished
IN13506,Bangalore,1480,1,3,23.12,Furnished
IN13507,Chennai,571,1,1,15,Semi
IN13508,Kolkata,1286,1,2,15,Unfurnished
IN13509,Mumbai,1571,3,1,15.16,Unfurnished
IN13510,Hyderabad,1090,2,3,15,Semi
IN13511,Mumbai,801,4,3,15,Semi
IN13512,Mumbai,1201,2,2,21.54,Furnished
IN13513,Hyderabad,1506,3,3,19.72,Unfurnished
IN13514,Hyderabad,344,2,3,15,Semi
IN13515,Bangalore,572,3,1,15,Furnished
IN13516,Mumbai,1909,2,3,25.99,Semi
IN13517,Bangalore,1819,3,3,32.49,Furnished
IN13518,Delhi,1001,2,3,15,Unfurnished
IN13519,Chennai,1464,1,1,21.37,Unfurnished
IN13520,Kolkata,1477,3,1,25.15,Furnished
IN13521,Chennai,300,3,2,15,Furnished
IN13522,Bangalore,1103,4,3,16.19,Semi
IN13523,Kolkata,483,4,2,15,Unfurnished
IN13524,Bangalore,812,4,1,15,Furnished
IN13525,Delhi,637,2,2,15,Unfurnished
IN13526,Hyderabad,640,1,3,15,Unfurnished
IN13527,Chennai,1114,4,3,15,Semi
IN13528,Chennai,950,1,1,15,Semi
IN13529,Hyderabad,1394,2,2,22.17,Semi
IN13530,Kolkata,831,2,2,15,Unfurnished
IN13531,Kolkata,1621,2,1,21.28,Furnished
IN13532,Bangalore,445,3,1,15,Semi
IN13533,Chennai,1901,4,3,15,Unfurnished
IN13534,Hyderabad,1674,2,2,17.52,Unfurnished
IN13535,Hyderabad,867,3,1,15,Furnished
IN13536,Chennai,1671,2,2,25.62,Semi
IN13537,Hyderabad,1627,3,3,27.2,Semi
IN13538,Hyderabad,1124,3,2,15,Unfurnished
IN13539,Hyderabad,450,2,3,15,Semi
IN13540,Bangalore,1374,3,2,18.64,Unfurnished
IN13541,Delhi,1695,2,1,16.2,Semi
IN13542,Kolkata,1035,1,2,15,Furnished
IN13543,Delhi,1124,1,2,20.33,Furnished
IN13544,Kolkata,1515,2,2,15,Semi
IN13545,Chennai,445,1,3,15,Furnished
IN13546,Chennai,913,2,2,15,Furnished
IN13547,Kolkata,1196,3,1,15,Furnished
IN13548,Mumbai,774,3,2,15,Unfurnished
IN13549,Bangalore,713,2,1,15,Semi
IN13550,Bangalore,1732,3,2,33.15,Unfurnished
IN13551,Kolkata,886,2,2,15,Furnished
IN13552,Kolkata,1092,1,2,17.05,Unfurnished
IN13553,Kolkata,300,1,3,15,Semi
IN13554,Mumbai,916,3,2,15,Unfurnished
IN13555,Chennai,1267,2,2,15,Semi
IN13556,Kolkata,906,3,3,15,Semi
IN13557,Hyderabad,1249,3,2,18.94,Unfurnished
IN13558,Hyderabad,1589,1,2,21.74,Furnished
IN13559,Bangalore,1114,1,2,15,Furnished
IN13560,Hyderabad,1188,1,3,15,Unfurnished
IN13561,Kolkata,1315,3,2,23.53,Unfurnished
IN13562,Hyderabad,300,3,2,15,Unfurnished
IN13563,Delhi,1758,1,2,15,Semi
IN13564,Hyderabad,1458,2,1,25.1,Furnished
IN13565,Bangalore,1088,2,2,15.07,Unfurnished
IN13566,Kolkata,1270,3,1,15,Unfurnished
IN13567,Mumbai,666,2,1,15,Semi
IN13568,Delhi,573,1,2,15,Furnished
IN13569,Hyderabad,912,1,3,15,Furnished
IN13570,Kolkata,938,3,2,15,Semi
IN13571,Mumbai,612,3,1,15,Unfurnished
IN13572,Hyderabad,466,2,2,15,Unfurnished
IN13573,Delhi,1016,2,2,15,Unfurnished
IN13574,Mumbai,1185,3,2,15.93,Furnished
IN13575,Chennai,980,2,1,15,Semi
IN13576,Chennai,1689,2,3,15,Semi
IN13577,Kolkata,1279,1,3,15.85,Unfurnished
IN13578,Kolkata,1902,4,2,19.08,Semi
IN13579,Mumbai,1025,1,3,15,Unfurnished
IN13580,Mumbai,1361,1,2,24.04,Unfurnished
IN13581,Mumbai,737,2,2,15,Unfurnished
IN13582,Hyderabad,1256,3,3,16.03,Semi
IN13583,Bangalore,1092,3,2,15,Unfurnished
IN13584,Hyderabad,1512,4,1,15.66,Unfurnished
IN13585,Chennai,2021,1,3,36.94,Furnished
IN13586,Mumbai,1483,2,2,15,Semi
IN13587,Bangalore,1770,1,3,20.96,Unfurnished
IN13588,Chennai,1994,1,2,37.55,Semi
IN13589,Bangalore,773,3,3,15,Semi
IN13590,Hyderabad,1645,2,2,21.12,Unfurnished
IN13591,Kolkata,922,3,3,15,Unfurnished
IN13592,Delhi,1074,3,2,15,Furnished
IN13593,Kolkata,1492,3,1,15,Furnished
IN13594,Chennai,759,3,2,15,Furnished
IN13595,Kolkata,1257,2,2,15,Unfurnished
IN13596,Kolkata,1550,3,2,19.29,Unfurnished
IN13597,Kolkata,974,2,2,15,Furnished
IN13598,Kolkata,737,3,2,15,Furnished
IN13599,Chennai,1876,1,3,29.37,Semi
IN13600,Bangalore,1573,1,2,23.12,Unfurnished
IN13601,Mumbai,1758,2,2,19.15,Semi
IN13602,Delhi,691,2,2,15,Furnished
IN13603,Delhi,802,4,2,15,Unfurnished
IN13604,Bangalore,832,1,3,15,Semi
IN13605,Hyderabad,811,1,2,15,Unfurnished
IN13606,Hyderabad,1179,4,2,15,Furnished
IN13607,Bangalore,1317,2,1,15,Semi
IN13608,Hyderabad,1318,3,2,16.14,Semi
IN13609,Delhi,916,1,3,15,Semi
IN13610,Kolkata,1477,1,3,25.03,Unfurnished
IN13611,Mumbai,1698,3,1,15,Unfurnished
IN13612,Mumbai,2431,4,1,25.83,Semi
IN13613,Mumbai,1317,4,3,15,Semi
IN13614,Delhi,567,3,2,15,Furnished
IN13615,Kolkata,1707,3,2,22.68,Semi
IN13616,Kolkata,1549,3,2,15,Unfurnished
IN13617,Delhi,467,2,2,15,Unfurnished
IN13618,Mumbai,1528,3,1,22.26,Semi
IN13619,Chennai,468,4,1,15,Unfurnished
IN13620,Bangalore,851,4,1,15,Unfurnished
IN13621,Bangalore,1385,1,3,15.61,Furnished
IN13622,Hyderabad,2220,2,2,26.9,Unfurnished
IN13623,Chennai,1238,2,3,21.18,Semi
IN13624,Hyderabad,1659,2,2,15.28,Semi
IN13625,Hyderabad,801,4,1,15,Unfurnished
IN13626,Mumbai,300,2,2,15,Semi
IN13627,Chennai,1918,1,2,17.82,Semi
IN13628,Chennai,2207,1,3,17.39,Semi
IN13629,Kolkata,1451,3,3,15,Semi
IN13630,Mumbai,963,3,1,15,Furnished
IN13631,Mumbai,1094,4,1,16.25,Furnished
IN13632,Delhi,777,3,2,15,Unfurnished
IN13633,Delhi,300,3,3,15,Unfurnished
IN13634,Hyderabad,1267,3,3,15,Furnished
IN13635,Delhi,1286,2,3,15,Semi
IN13636,Kolkata,1549,2,2,15,Semi
IN13637,Hyderabad,1000,4,2,15,Unfurnished
IN13638,Chennai,708,3,2,15,Furnished
IN13639,Delhi,1024,2,2,15,Furnished
IN13640,Kolkata,961,3,3,15.08,Unfurnished
IN13641,Hyderabad,1020,1,1,15.97,Semi
IN13642,Mumbai,1345,1,2,15,Semi
IN13643,Kolkata,1615,2,2,28.82,Unfurnished
IN13644,Chennai,1377,3,2,18.56,Furnished
IN13645,Mumbai,2040,1,3,15,Semi
IN13646,Chennai,566,3,2,15,Furnished
IN13647,Bangalore,1431,3,2,15,Semi
IN13648,Mumbai,1047,4,2,15,Furnished
IN13649,Mumbai,300,3,3,15,Unfurnished
IN13650,Hyderabad,377,2,2,15,Furnished
IN13651,Mumbai,646,3,2,15,Semi
IN13652,Delhi,1004,2,2,15,Furnished
IN13653,Mumbai,1413,2,2,28.19,Furnished
IN13654,Hyderabad,931,2,3,15,Furnished
IN13655,Kolkata,1695,1,1,16.03,Furnished
IN13656,Bangalore,1908,2,2,31.92,Furnished
IN13657,Mumbai,1049,2,1,15,Semi
IN13658,Kolkata,483,1,3,15,Furnished
IN13659,Bangalore,1135,2,2,15,Semi
IN13660,Kolkata,1877,3,2,27.77,Furnished
IN13661,Delhi,840,1,2,15.86,Semi
IN13662,Chennai,976,2,3,15,Semi
IN13663,Bangalore,1564,1,2,17.97,Semi
IN13664,Kolkata,1796,1,1,15,Unfurnished
IN13665,Hyderabad,1655,2,3,16.08,Semi
IN13666,Hyderabad,1293,2,2,16.39,Semi
IN13667,Chennai,707,2,2,15,Furnished
IN13668,Delhi,1163,4,3,15,Semi
IN13669,Chennai,1474,3,1,19.28,Semi
IN13670,Bangalore,969,3,2,15.4,Unfurnished
IN13671,Delhi,1627,2,2,18.91,Unfurnished
IN13672,Delhi,1209,2,2,16.61,Semi
IN13673,Chennai,1305,2,3,15,Unfurnished
IN13674,Bangalore,714,1,2,15,Unfurnished
IN13675,Bangalore,772,3,2,15,Furnished
IN13676,Mumbai,827,2,2,15,Furnished
IN13677,Mumbai,998,2,3,15,Furnished
IN13678,Delhi,1719,4,2,24.24,Unfurnished
IN13679,Kolkata,828,4,2,15,Furnished
IN13680,Mumbai,1547,3,1,15,Furnished
IN13681,Hyderabad,1353,3,2,18.4,Furnished
IN13682,Mumbai,473,3,2,15,Unfurnished
IN13683,Delhi,1422,3,3,29.05,Semi
IN13684,Hyderabad,2162,3,1,30.75,Unfurnished
IN13685,Hyderabad,1829,3,2,15,Semi
IN13686,Bangalore,1388,2,1,21.45,Unfurnished
IN13687,Chennai,325,1,2,15,Furnished
IN13688,Hyderabad,552,3,2,15,Furnished
IN13689,Delhi,1424,3,3,15,Unfurnished
IN13690,Mumbai,1615,3,2,24.33,Unfurnished
IN13691,Kolkata,1257,1,2,16.23,Unfurnished
IN13692,Bangalore,1692,1,3,15,Semi
IN13693,Kolkata,1409,4,1,19.35,Furnished
IN13694,Delhi,1255,1,1,18.72,Semi
IN13695,Delhi,1526,3,1,23.8,Furnished
IN13696,Delhi,895,1,2,15.18,Semi
IN13697,Bangalore,593,1,1,15,Unfurnished
IN13698,Delhi,813,3,2,15.2,Unfurnished
IN13699,Mumbai,557,2,2,15,Unfurnished
IN13700,Chennai,1307,1,2,19.17,Unfurnished
IN13701,Chennai,875,3,1,15,Semi
IN13702,Chennai,1473,4,1,24.15,Semi
IN13703,Bangalore,1281,4,1,16.35,Unfurnished
IN13704,Delhi,1104,3,2,15,Semi
IN13705,Delhi,300,2,1,15,Unfurnished
IN13706,Chennai,1073,3,1,15,Semi
IN13707,Bangalore,1238,3,2,21.78,Unfurnished
IN13708,Bangalore,1115,4,1,16.7,Furnished
IN13709,Hyderabad,1506,3,2,15,Furnished
IN13710,Bangalore,703,2,2,15,Furnished
IN13711,Bangalore,1090,2,3,15,Unfurnished
IN13712,Delhi,1380,3,2,15,Semi
IN13713,Hyderabad,1033,1,2,15,Unfurnished
IN13714,Chennai,992,3,1,15,Unfurnished
IN13715,Bangalore,428,3,2,15,Unfurnished
IN13716,Chennai,1382,3,1,16.2,Unfurnished
IN13717,Hyderabad,592,1,1,15,Unfurnished
IN13718,Delhi,960,2,2,20.92,Furnished
IN13719,Mumbai,2002,4,2,29.59,Furnished
IN13720,Delhi,1168,4,3,15,Furnished
IN13721,Bangalore,1709,2,3,19.0,Semi
IN13722,Kolkata,482,2,2,15,Furnished
IN13723,Mumbai,1399,2,1,15,Unfurnished
IN13724,Hyderabad,690,4,1,15,Furnished
IN13725,Kolkata,988,2,1,18.38,Unfurnished
IN13726,Hyderabad,1091,1,2,17.24,Furnished
IN13727,Bangalore,1251,3,2,17.56,Semi
IN13728,Chennai,863,4,1,19.94,Unfurnished
IN13729,Mumbai,1170,3,1,15,Furnished
IN13730,Kolkata,300,1,1,15,Unfurnished
IN13731,Delhi,1467,2,1,19.58,Semi
IN13732,Kolkata,763,3,1,15,Furnished
IN13733,Bangalore,387,3,2,15,Furnished
IN13734,Chennai,1723,2,3,18.66,Semi
IN13735,Kolkata,880,4,1,15,Semi
IN13736,Kolkata,866,4,2,15,Unfurnished
IN13737,Hyderabad,694,4,1,15,Furnished
IN13738,Delhi,1838,2,2,34.04,Semi
IN13739,Hyderabad,1058,3,3,15,Semi
IN13740,Kolkata,1185,3,1,19.4,Unfurnished
IN13741,Bangalore,1379,1,1,15,Semi
IN13742,Kolkata,315,2,2,15,Unfurnished
IN13743,Hyderabad,1774,3,3,15,Unfurnished
IN13744,Mumbai,1989,1,2,28.41,Unfurnished
IN13745,Bangalore,1088,3,2,18.88,Furnished
IN13746,Bangalore,1078,3,2,15,Unfurnished
IN13747,Bangalore,1859,1,2,15,Furnished
IN13748,Mumbai,1006,2,1,15,Semi
IN13749,Mumbai,783,2,2,15,Semi
IN13750,Delhi,1682,3,2,30.43,Unfurnished
IN13751,Bangalore,872,1,2,15.53,Furnished
IN13752,Kolkata,1348,2,3,15,Unfurnished
IN13753,Delhi,1204,2,3,15.1,Unfurnished
IN13754,Chennai,1842,2,2,24.61,Semi
IN13755,Delhi,855,3,3,15.82,Semi
IN13756,Kolkata,1759,2,2,24.65,Unfurnished
IN13757,Bangalore,1015,2,2,19.07,Unfurnished
IN13758,Kolkata,881,3,2,15,Furnished
IN13759,Kolkata,1765,1,1,27.68,Unfurnished
IN13760,Mumbai,1565,1,3,15.73,Semi
IN13761,Delhi,1139,1,3,15,Unfurnished
IN13762,Mumbai,659,3,3,15,Unfurnished
IN13763,Mumbai,300,2,3,15,Semi
IN13764,Delhi,1610,4,2,20.7,Semi
IN13765,Chennai,821,1,1,15.08,Unfurnished
IN13766,Chennai,987,2,2,15,Unfurnished
IN13767,Bangalore,1113,3,2,15,Unfurnished
IN13768,Chennai,1402,2,2,17.3,Furnished
IN13769,Kolkata,1288,3,2,15,Furnished
IN13770,Mumbai,1825,3,3,20.22,Semi
IN13771,Hyderabad,637,2,2,15,Semi
IN13772,Mumbai,1254,3,1,16.95,Furnished
IN13773,Delhi,1034,3,1,15.64,Semi
IN13774,Delhi,1589,4,1,18.46,Unfurnished
IN13775,Delhi,1011,4,2,15,Semi
IN13776,Kolkata,1345,2,2,15,Unfurnished
IN13777,Delhi,1602,2,2,15.68,Semi
IN13778,Chennai,939,2,2,15,Semi
IN13779,Delhi,1490,1,1,15,Semi
IN13780,Hyderabad,867,1,2,15,Semi
IN13781,Delhi,1469,4,2,15,Furnished
IN13782,Kolkata,1641,1,1,24.75,Semi
IN13783,Mumbai,1269,2,3,21.3,Unfurnished
IN13784,Mumbai,766,3,2,15,Furnished
IN13785,Bangalore,692,2,2,15,Unfurnished
IN13786,Delhi,861,2,2,15,Furnished
IN13787,Bangalore,1555,3,3,15.45,Furnished
IN13788,Chennai,586,2,2,15,Unfurnished
IN13789,Hyderabad,584,1,3,15,Furnished
IN13790,Mumbai,1559,3,1,38.7,Unfurnished
IN13791,Mumbai,1444,3,2,18.65,Furnished
IN13792,Chennai,1445,3,3,17.79,Semi
IN13793,Mumbai,1151,2,3,15,Unfurnished
IN13794,Kolkata,1999,3,1,21.82,Unfurnished
IN13795,Hyderabad,353,2,1,15,Semi
IN13796,Mumbai,612,2,1,15,Furnished
IN13797,Bangalore,1051,3,1,15,Semi
IN13798,Kolkata,682,2,1,15,Semi
IN13799,Hyderabad,969,1,3,15,Furnished
IN13800,Kolkata,1190,4,1,15,Semi
IN13801,Delhi,1095,3,1,20.91,Unfurnished
IN13802,Bangalore,1512,4,2,15,Furnished
IN13803,Hyderabad,1094,3,1,15,Furnished
IN13804,Delhi,337,3,2,15,Semi
IN13805,Mumbai,1049,2,3,15,Unfurnished
IN13806,Mumbai,2145,1,3,34.1,Unfurnished
IN13807,Chennai,643,3,3,15,Semi
IN13808,Delhi,943,2,2,18.55,Semi
IN13809,Mumbai,1371,3,2,21.18,Unfurnished
IN13810,Kolkata,1807,3,2,22.89,Unfurnished
IN13811,Delhi,1159,3,3,15,Semi
IN13812,Bangalore,1572,2,2,18.52,Unfurnished
IN13813,Mumbai,1181,1,2,15,Semi
IN13814,Delhi,300,2,1,15,Semi
IN13815,Chennai,1687,3,3,16.0,Furnished
IN13816,Kolkata,1314,2,1,19.41,Semi
IN13817,Delhi,1166,2,2,21.28,Unfurnished
IN13818,Mumbai,1008,2,3,15,Furnished
IN13819,Chennai,1486,1,2,15,Furnished
IN13820,Kolkata,1613,3,2,22.95,Furnished
IN13821,Delhi,990,1,3,15,Semi
IN13822,Delhi,650,1,3,15,Semi
IN13823,Hyderabad,1141,4,2,16.65,Unfurnished
IN13824,Bangalore,1624,2,1,15,Semi
IN13825,Kolkata,1667,2,2,17.63,Semi
IN13826,Delhi,1469,2,3,15,Semi
IN13827,Chennai,1577,3,2,26.79,Furnished
IN13828,Chennai,1363,3,2,21.98,Semi
IN13829,Hyderabad,772,2,3,15,Unfurnished
IN13830,Delhi,702,1,1,15,Semi
IN13831,Delhi,1273,2,3,17.42,Unfurnished
IN13832,Hyderabad,1582,2,2,15,Semi
IN13833,Kolkata,1317,2,2,20.7,Unfurnished
IN13834,Bangalore,1080,2,1,15,Semi
IN13835,Hyderabad,300,1,3,15,Furnished
IN13836,Kolkata,851,4,2,15,Furnished
IN13837,Delhi,953,3,2,15,Furnished
IN13838,Hyderabad,606,3,2,15,Unfurnished
IN13839,Delhi,1079,3,3,15,Unfurnished
IN13840,Bangalore,650,2,1,15,Semi
IN13841,Hyderabad,903,1,2,15,Furnished
IN13842,Kolkata,1275,2,3,16.37,Unfurnished
IN13843,Chennai,1458,4,2,28.75,Furnished
IN13844,Delhi,1102,3,1,15,Semi
IN13845,Mumbai,1332,2,2,15,Furnished
IN13846,Delhi,1440,4,2,15,Furnished
IN13847,Chennai,620,3,3,15,Furnished
IN13848,Mumbai,753,3,3,15,Semi
IN13849,Hyderabad,300,1,1,15,Semi
IN13850,Chennai,1452,3,1,20.25,Furnished
IN13851,Kolkata,1052,2,1,15.04,Furnished
IN13852,Bangalore,1352,3,1,15,Furnished
IN13853,Mumbai,300,3,2,15,Semi
IN13854,Chennai,726,2,2,15,Semi
IN13855,Delhi,1145,3,2,18.43,Unfurnished
IN13856,Hyderabad,1515,3,2,17.8,Furnished
IN13857,Bangalore,1713,2,3,24.11,Furnished
IN13858,Hyderabad,1112,3,2,15,Unfurnished
IN13859,Bangalore,629,3,3,15,Furnished
IN13860,Delhi,384,1,3,15,Semi
IN13861,Kolkata,1600,1,2,15,Unfurnished
IN13862,Delhi,983,1,2,17.69,Semi
IN13863,Chennai,1168,1,2,15,Furnished
IN13864,Hyderabad,1110,1,1,15.81,Semi
IN13865,Kolkata,1318,3,2,15,Semi
IN13866,Delhi,724,4,2,15,Furnished
IN13867,Mumbai,356,1,2,15,Unfurnished
IN13868,Kolkata,1805,2,1,27.65,Unfurnished
IN13869,Mumbai,381,2,3,15,Unfurnished
IN13870,Chennai,1170,3,2,15,Semi
IN13871,Bangalore,300,2,2,15,Furnished
IN13872,Bangalore,883,2,2,15,Semi
IN13873,Hyderabad,1579,4,1,19.04,Unfurnished
IN13874,Hyderabad,1398,3,1,15,Unfurnished
IN13875,Bangalore,1244,3,1,19.48,Furnished
IN13876,Hyderabad,1343,4,3,18.04,Semi
IN13877,Chennai,2099,2,2,15,Semi
IN13878,Bangalore,2110,3,2,24.08,Semi
IN13879,Mumbai,1871,2,1,27.36,Unfurnished
IN13880,Bangalore,1791,2,2,15,Furnished
IN13881,Chennai,1255,3,2,17.17,Unfurnished
IN13882,Hyderabad,507,4,1,15,Furnished
IN13883,Chennai,749,3,3,15,Semi
IN13884,Chennai,573,2,2,15,Semi
IN13885,Bangalore,1989,3,1,28.55,Unfurnished
IN13886,Chennai,493,2,1,15,Unfurnished
IN13887,Bangalore,1766,3,2,28.02,Semi
IN13888,Hyderabad,1117,3,2,21.28,Unfurnished
IN13889,Hyderabad,1319,2,2,16.32,Semi
IN13890,Kolkata,767,2,1,15,Furnished
IN13891,Mumbai,300,1,2,15,Unfurnished
IN13892,Hyderabad,1049,2,1,17.0,Unfurnished
IN13893,Mumbai,999,3,2,15,Furnished
IN13894,Bangalore,1157,2,1,17.27,Unfurnished
IN13895,Kolkata,684,2,2,15,Semi
IN13896,Delhi,1164,4,2,20.44,Unfurnished
IN13897,Bangalore,1385,2,3,15,Unfurnished
IN13898,Delhi,1180,3,1,17.85,Unfurnished
IN13899,Mumbai,481,3,1,15,Unfurnished
IN13900,Chennai,1188,1,2,15,Unfurnished
IN13901,Mumbai,781,3,2,15,Furnished
IN13902,Kolkata,661,1,2,15,Semi
IN13903,Chennai,1174,2,3,15.9,Unfurnished
IN13904,Bangalore,1041,4,1,15,Unfurnished
IN13905,Chennai,1479,2,2,15.67,Unfurnished
IN13906,Bangalore,2218,3,2,32.38,Furnished
IN13907,Hyderabad,775,3,2,15,Furnished
IN13908,Hyderabad,650,1,1,15,Furnished
IN13909,Hyderabad,610,1,2,15,Furnished
IN13910,Delhi,923,4,2,15,Furnished
IN13911,Kolkata,533,3,2,15,Semi
IN13912,Bangalore,910,2,3,15,Semi
IN13913,Hyderabad,1688,3,2,22.07,Unfurnished
IN13914,Kolkata,865,4,3,15,Furnished
IN13915,Chennai,300,3,1,15,Semi
IN13916,Chennai,1041,2,3,15,Unfurnished
IN13917,Kolkata,1050,2,2,15,Semi
IN13918,Mumbai,1666,1,2,15,Furnished
IN13919,Mumbai,1697,2,2,15,Furnished
IN13920,Delhi,1303,3,2,15.05,Furnished
IN13921,Bangalore,651,3,2,15,Semi
IN13922,Kolkata,658,1,2,15,Unfurnished
IN13923,Mumbai,1052,2,2,15,Semi
IN13924,Chennai,1751,4,2,25.58,Furnished
IN13925,Chennai,1950,3,3,23.71,Unfurnished
IN13926,Delhi,1313,4,1,19.64,Semi
IN13927,Hyderabad,1335,4,2,15,Furnished
IN13928,Bangalore,1136,1,3,15,Semi
IN13929,Kolkata,695,3,1,15,Unfurnished
IN13930,Chennai,1292,2,3,17.63,Furnished
IN13931,Chennai,987,2,2,15,Furnished
IN13932,Hyderabad,801,4,1,15,Semi
IN13933,Kolkata,1232,2,2,16.38,Semi
IN13934,Chennai,875,2,2,15,Unfurnished
IN13935,Chennai,1951,3,2,15,Semi
IN13936,Mumbai,468,3,2,15,Unfurnished
IN13937,Mumbai,394,3,3,15,Unfurnished
IN13938,Kolkata,560,1,1,15,Semi
IN13939,Hyderabad,480,2,2,15,Unfurnished
IN13940,Chennai,1062,1,3,15,Furnished
IN13941,Delhi,686,3,2,15,Furnished
IN13942,Delhi,604,4,2,15,Unfurnished
IN13943,Chennai,300,3,1,15,Semi
IN13944,Mumbai,1069,4,2,15,Semi
IN13945,Chennai,1149,4,1,15,Furnished
IN13946,Mumbai,1260,2,2,15,Furnished
IN13947,Bangalore,1149,2,3,15,Unfurnished
IN13948,Delhi,642,2,2,15,Furnished
IN13949,Chennai,1662,2,2,20.28,Furnished
IN13950,Delhi,1041,1,2,15,Furnished
IN13951,Chennai,878,1,2,16.84,Unfurnished
IN13952,Bangalore,381,3,3,15,Semi
IN13953,Bangalore,1143,3,2,15,Unfurnished
IN13954,Kolkata,1381,3,2,20.23,Semi
IN13955,Bangalore,469,3,3,15,Semi
IN13956,Chennai,1038,4,2,15.79,Furnished
IN13957,Bangalore,1139,4,3,15.29,Unfurnished
IN13958,Kolkata,1110,2,1,15,Semi
IN13959,Mumbai,705,1,1,15,Furnished
IN13960,Chennai,1294,1,1,15.02,Semi
IN13961,Chennai,1532,2,3,19.81,Unfurnished
IN13962,Bangalore,1480,1,2,24.64,Furnished
IN13963,Delhi,1360,4,3,20.55,Furnished
IN13964,Bangalore,686,2,1,15,Semi
IN13965,Bangalore,727,4,3,15,Semi
IN13966,Hyderabad,1293,2,1,15.85,Unfurnished
IN13967,Hyderabad,1532,2,2,20.89,Semi
IN13968,Hyderabad,1616,2,2,25.44,Furnished
IN13969,Kolkata,1113,2,2,21.84,Unfurnished
IN13970,Bangalore,1496,2,1,26.65,Unfurnished
IN13971,Kolkata,1105,3,1,15,Furnished
IN13972,Bangalore,582,2,2,15,Semi
IN13973,Hyderabad,1886,4,2,15,Furnished
IN13974,Kolkata,1029,3,2,15.68,Furnished
IN13975,Hyderabad,1364,3,2,15,Semi
IN13976,Delhi,794,2,2,15,Furnished
IN13977,Bangalore,488,2,2,15,Semi
IN13978,Chennai,1317,1,2,17.17,Unfurnished
IN13979,Bangalore,1169,1,2,15,Furnished
IN13980,Bangalore,1414,2,2,17.72,Unfurnished
IN13981,Mumbai,1173,1,3,15,Furnished
IN13982,Hyderabad,1377,4,1,15,Furnished
IN13983,Kolkata,1536,2,2,15,Semi
IN13984,Hyderabad,1488,2,1,15,Furnished
IN13985,Chennai,709,4,1,15,Furnished
IN13986,Chennai,408,2,2,15,Semi
IN13987,Chennai,1898,1,1,16.82,Furnished
IN13988,Chennai,593,3,2,15,Semi
IN13989,Mumbai,1034,3,2,15,Semi
IN13990,Kolkata,1179,3,1,15,Furnished
IN13991,Mumbai,820,3,2,15,Unfurnished
IN13992,Chennai,1401,3,2,18.3,Semi
IN13993,Kolkata,1857,3,2,35.53,Unfurnished
IN13994,Hyderabad,856,2,2,16.83,Semi
IN13995,Delhi,997,2,2,15,Semi
IN13996,Delhi,669,4,1,15,Semi
IN13997,Mumbai,1140,3,2,18.37,Furnished
IN13998,Hyderabad,498,2,2,15,Unfurnished
IN13999,Bangalore,1328,3,1,17.83,Semi
IN14000,Kolkata,504,1,1,15,Furnished
IN14001,Bangalore,1112,3,3,17.67,Furnished
IN14002,Mumbai,353,1,2,15,Semi
IN14003,Chennai,1706,1,2,17.54,Semi
IN14004,Bangalore,1031,3,1,15,Semi
IN14005,Chennai,1253,2,1,26.94,Unfurnished
IN14006,Bangalore,494,4,2,15,Furnished
IN14007,Bangalore,891,2,1,16.05,Semi
IN14008,Kolkata,300,4,2,15,Semi
IN14009,Kolkata,1342,1,2,15.23,Furnished
IN14010,Hyderabad,522,4,1,15,Furnished
IN14011,Mumbai,1646,2,3,15,Unfurnished
IN14012,Hyderabad,1177,2,1,19.99,Furnished
IN14013,Bangalore,2016,1,1,24.6,Furnished
IN14014,Kolkata,1823,2,1,15,Semi
IN14015,Kolkata,1284,2,1,16.5,Semi
IN14016,Delhi,1302,2,3,19.53,Furnished
IN14017,Kolkata,1541,4,2,15,Unfurnished
IN14018,Kolkata,1298,3,3,18.85,Unfurnished
IN14019,Mumbai,448,4,2,15,Semi
IN14020,Delhi,1004,2,3,15,Unfurnished
IN14021,Delhi,1350,4,3,23.57,Unfurnished
IN14022,Hyderabad,1938,3,2,18.0,Semi
IN14023,Chennai,1546,1,3,15,Unfurnished
IN14024,Delhi,1118,2,1,16.59,Unfurnished
IN14025,Chennai,1180,1,2,15,Unfurnished
IN14026,Kolkata,680,3,1,15,Unfurnished
IN14027,Bangalore,1482,3,2,15,Unfurnished
IN14028,Delhi,921,3,1,15,Furnished
IN14029,Kolkata,1290,4,3,18.08,Semi
IN14030,Kolkata,668,2,2,15,Unfurnished
IN14031,Kolkata,982,2,2,15,Unfurnished
IN14032,Kolkata,893,1,2,15,Semi
IN14033,Chennai,1125,3,1,15,Unfurnished
IN14034,Delhi,1626,2,1,16.24,Unfurnished
IN14035,Hyderabad,1710,4,3,20.67,Furnished
IN14036,Bangalore,969,4,3,15,Semi
IN14037,Hyderabad,1263,2,2,23.08,Unfurnished
IN14038,Hyderabad,1050,3,3,15,Furnished
IN14039,Mumbai,647,4,2,15,Furnished
IN14040,Chennai,300,4,2,15,Furnished
IN14041,Bangalore,779,3,2,15,Semi
IN14042,Delhi,300,2,3,15,Furnished
IN14043,Chennai,749,3,3,15,Furnished
IN14044,Delhi,1468,2,2,15,Semi
IN14045,Hyderabad,1243,1,2,15,Furnished
IN14046,Kolkata,1495,2,2,15,Furnished
IN14047,Chennai,1239,3,2,28.26,Furnished
IN14048,Delhi,921,4,2,15,Furnished
IN14049,Chennai,1061,4,1,15,Unfurnished
IN14050,Bangalore,561,4,2,15,Unfurnished
IN14051,Bangalore,898,3,2,17.21,Unfurnished
IN14052,Delhi,1395,2,1,15,Furnished
IN14053,Kolkata,1573,3,1,25.21,Semi
IN14054,Chennai,300,4,1,15,Furnished
IN14055,Chennai,966,1,2,20.17,Semi
IN14056,Bangalore,1381,3,2,21.92,Semi
IN14057,Delhi,1425,2,2,24.75,Semi
IN14058,Kolkata,350,1,2,15,Semi
IN14059,Chennai,1394,4,1,20.2,Furnished
IN14060,Delhi,1687,3,3,16.51,Furnished
IN14061,Bangalore,1292,4,1,15.9,Unfurnished
IN14062,Hyderabad,779,3,2,15,Semi
IN14063,Hyderabad,1575,3,3,17.23,Semi
IN14064,Kolkata,1072,3,3,15,Unfurnished
IN14065,Mumbai,880,1,2,15,Furnished
IN14066,Hyderabad,972,2,2,15,Unfurnished
IN14067,Hyderabad,785,2,3,15,Semi
IN14068,Chennai,1352,1,2,16.79,Unfurnished
IN14069,Delhi,769,1,1,15,Unfurnished
IN14070,Delhi,300,3,1,15,Unfurnished
IN14071,Mumbai,694,1,1,15,Furnished
IN14072,Chennai,2157,2,1,27.9,Furnished
IN14073,Hyderabad,1116,2,3,15,Unfurnished
IN14074,Hyderabad,878,1,3,15,Unfurnished
IN14075,Delhi,958,3,3,15,Semi
IN14076,Mumbai,1589,2,2,30.25,Unfurnished
IN14077,Bangalore,1139,2,2,15,Semi
IN14078,Kolkata,1276,3,2,19.36,Furnished
IN14079,Kolkata,1454,4,1,26.81,Unfurnished
IN14080,Kolkata,859,3,2,15,Unfurnished
IN14081,Delhi,454,3,2,15,Unfurnished
IN14082,Bangalore,1623,4,1,20.42,Semi
IN14083,Mumbai,752,4,3,15,Unfurnished
IN14084,Mumbai,536,1,1,15,Unfurnished
IN14085,Mumbai,912,1,1,15,Semi
IN14086,Hyderabad,859,3,3,15.28,Unfurnished
IN14087,Mumbai,1022,2,2,15,Semi
IN14088,Delhi,734,2,1,15,Furnished
IN14089,Kolkata,1533,2,1,18.8,Unfurnished
IN14090,Mumbai,1542,3,3,23.65,Unfurnished
IN14091,Bangalore,1206,3,3,15,Furnished
IN14092,Bangalore,1141,2,3,15,Semi
IN14093,Hyderabad,964,3,1,17.2,Furnished
IN14094,Bangalore,458,3,2,15,Furnished
IN14095,Bangalore,666,3,3,15,Furnished
IN14096,Hyderabad,883,2,1,15,Unfurnished
IN14097,Hyderabad,1118,2,2,15,Unfurnished
IN14098,Hyderabad,508,4,2,15,Furnished
IN14099,Chennai,300,3,2,15,Semi
IN14100,Chennai,577,4,2,15,Semi
IN14101,Kolkata,1291,2,2,18.35,Semi
IN14102,Delhi,300,2,2,15,Furnished
IN14103,Chennai,1158,4,2,19.7,Semi
IN14104,Bangalore,1378,4,3,15,Semi
IN14105,Mumbai,1237,1,1,15,Unfurnished
IN14106,Chennai,1195,2,2,21.63,Unfurnished
IN14107,Delhi,300,3,2,15,Unfurnished
IN14108,Kolkata,2030,3,2,16.08,Semi
IN14109,Kolkata,1340,3,1,15,Semi
IN14110,Hyderabad,844,3,3,15,Furnished
IN14111,Kolkata,841,2,3,15,Semi
IN14112,Bangalore,1207,3,3,17.72,Furnished
IN14113,Hyderabad,1778,3,2,17.5,Unfurnished
IN14114,Kolkata,881,3,2,15,Unfurnished
IN14115,Mumbai,1257,2,2,18.18,Unfurnished
IN14116,Hyderabad,1519,3,3,15,Unfurnished
IN14117,Delhi,1267,3,3,15.46,Unfurnished
IN14118,Chennai,1176,3,2,15,Unfurnished
IN14119,Hyderabad,1597,1,3,22.03,Semi
IN14120,Kolkata,948,2,3,16.06,Semi
IN14121,Kolkata,1726,1,1,15,Unfurnished
IN14122,Delhi,1944,2,3,31.57,Unfurnished
IN14123,Chennai,853,2,2,17.96,Unfurnished
IN14124,Bangalore,1404,2,2,21.0,Furnished
IN14125,Hyderabad,1250,3,2,15,Furnished
IN14126,Bangalore,849,1,2,15,Unfurnished
IN14127,Bangalore,1256,1,1,15,Semi
IN14128,Hyderabad,834,2,2,15,Furnished
IN14129,Delhi,1409,2,1,15,Semi
IN14130,Mumbai,683,3,2,15,Semi
IN14131,Hyderabad,530,4,2,15,Semi
IN14132,Chennai,1060,2,2,15,Unfurnished
IN14133,Chennai,1523,3,1,15,Unfurnished
IN14134,Hyderabad,483,2,1,15,Unfurnished
IN14135,Hyderabad,649,4,2,15,Furnished
IN14136,Mumbai,868,1,2,15,Furnished
IN14137,Hyderabad,1305,4,2,15,Unfurnished
IN14138,Chennai,1141,1,2,16.06,Furnished
IN14139,Chennai,1694,3,3,22.87,Semi
IN14140,Mumbai,1017,2,2,20.21,Semi
IN14141,Kolkata,1296,3,3,17.63,Semi
IN14142,Delhi,924,2,2,15,Semi
IN14143,Bangalore,551,2,1,15,Unfurnished
IN14144,Mumbai,1379,1,3,15,Unfurnished
IN14145,Chennai,974,3,3,15,Semi
IN14146,Hyderabad,1172,1,1,23.0,Unfurnished
IN14147,Chennai,1013,2,1,18.37,Furnished
IN14148,Chennai,1091,3,3,15,Furnished
IN14149,Bangalore,639,3,3,15,Unfurnished
IN14150,Hyderabad,300,3,3,15,Semi
IN14151,Delhi,582,4,1,15,Unfurnished
IN14152,Chennai,526,2,3,15,Semi
IN14153,Chennai,1057,2,2,15,Semi
IN14154,Mumbai,791,4,1,15,Semi
IN14155,Delhi,300,4,2,15,Furnished
IN14156,Mumbai,1481,2,2,15,Semi
IN14157,Chennai,300,2,2,15,Semi
IN14158,Hyderabad,1693,2,1,25.31,Unfurnished
IN14159,Hyderabad,1476,2,3,16.89,Unfurnished
IN14160,Delhi,942,2,1,15,Furnished
IN14161,Delhi,518,3,3,15,Unfurnished
IN14162,Mumbai,300,3,3,15,Furnished
IN14163,Delhi,1743,1,2,15,Unfurnished
IN14164,Bangalore,1121,2,1,15,Semi
IN14165,Kolkata,1387,1,2,15,Unfurnished
IN14166,Mumbai,819,2,2,15,Unfurnished
IN14167,Hyderabad,1017,2,1,15,Semi
IN14168,Mumbai,2246,3,2,18.99,Unfurnished
IN14169,Mumbai,300,4,2,15,Furnished
IN14170,Mumbai,1151,3,2,15,Unfurnished
IN14171,Kolkata,900,2,2,15,Unfurnished
IN14172,Delhi,933,4,2,15,Semi
IN14173,Kolkata,977,2,2,15,Unfurnished
IN14174,Delhi,1210,1,3,20.44,Semi
IN14175,Mumbai,1166,3,1,15,Unfurnished
IN14176,Chennai,1183,1,2,18.01,Furnished
IN14177,Bangalore,1298,3,2,17.53,Semi
IN14178,Chennai,450,3,1,15,Furnished
IN14179,Kolkata,1440,1,2,21.88,Unfurnished
IN14180,Delhi,1336,1,3,15,Furnished
IN14181,Hyderabad,1344,3,1,15,Semi
IN14182,Mumbai,1749,3,3,23.65,Unfurnished
IN14183,Bangalore,897,2,2,15,Unfurnished
IN14184,Kolkata,1736,1,3,15,Furnished
IN14185,Delhi,1076,1,3,15,Unfurnished
IN14186,Chennai,1568,3,3,15,Unfurnished
IN14187,Delhi,865,3,3,15,Furnished
IN14188,Hyderabad,1998,3,2,20.49,Semi
IN14189,Kolkata,1337,4,2,15.28,Semi
IN14190,Delhi,546,4,2,15,Unfurnished
IN14191,Delhi,721,2,3,15,Furnished
IN14192,Kolkata,920,2,2,15,Semi
IN14193,Delhi,1324,4,3,15,Furnished
IN14194,Kolkata,1786,2,2,15,Furnished
IN14195,Chennai,1415,4,2,15,Semi
IN14196,Mumbai,1888,3,2,18.91,Furnished
IN14197,Delhi,1443,1,1,15,Semi
IN14198,Mumbai,1722,3,3,15,Unfurnished
IN14199,Bangalore,817,2,2,15,Semi
IN14200,Hyderabad,931,4,1,15,Unfurnished
IN14201,Delhi,958,3,2,15,Furnished
IN14202,Mumbai,1005,1,2,15.02,Furnished
IN14203,Chennai,1592,3,1,23.65,Semi
IN14204,Mumbai,1028,2,1,16.49,Furnished
IN14205,Delhi,1043,2,2,15,Semi
IN14206,Mumbai,300,4,1,15,Unfurnished
IN14207,Mumbai,300,4,3,15,Unfurnished
IN14208,Kolkata,300,2,3,15,Semi
IN14209,Kolkata,849,2,3,15,Semi
IN14210,Bangalore,1282,3,2,15,Semi
IN14211,Bangalore,1431,2,2,20.6,Unfurnished
IN14212,Delhi,1579,3,1,15,Semi
IN14213,Mumbai,771,3,2,15,Semi
IN14214,Kolkata,988,3,2,15,Unfurnished
IN14215,Mumbai,739,3,1,15,Semi
IN14216,Delhi,1360,2,2,17.19,Furnished
IN14217,Kolkata,843,3,2,15,Unfurnished
IN14218,Chennai,386,3,3,15,Semi
IN14219,Hyderabad,876,2,2,15.28,Unfurnished
IN14220,Kolkata,771,2,3,15,Unfurnished
IN14221,Hyderabad,1175,3,3,15,Unfurnished
IN14222,Mumbai,750,3,3,15,Semi
IN14223,Delhi,814,4,2,15,Semi
IN14224,Hyderabad,907,3,3,15,Unfurnished
IN14225,Mumbai,548,2,3,15,Furnished
IN14226,Hyderabad,924,1,1,15,Unfurnished
IN14227,Hyderabad,1512,2,2,15,Unfurnished
IN14228,Chennai,1268,1,2,15,Semi
IN14229,Bangalore,1303,3,2,15,Semi
IN14230,Delhi,1510,2,2,15,Unfurnished
IN14231,Chennai,1842,2,2,31.4,Semi
IN14232,Mumbai,2110,2,2,16.06,Unfurnished
IN14233,Kolkata,742,2,2,15,Semi
IN14234,Mumbai,1646,2,2,21.96,Furnished
IN14235,Kolkata,1637,4,3,23.28,Furnished
IN14236,Mumbai,1035,1,1,15,Furnished
IN14237,Mumbai,1683,2,1,24.0,Furnished
IN14238,Delhi,1787,1,2,32.73,Furnished
IN14239,Hyderabad,1625,4,2,20.58,Semi
IN14240,Kolkata,312,2,3,15,Semi
IN14241,Chennai,1214,2,2,19.56,Unfurnished
IN14242,Bangalore,906,1,3,15,Unfurnished
IN14243,Delhi,1328,3,2,16.43,Furnished
IN14244,Hyderabad,897,4,1,15,Unfurnished
IN14245,Hyderabad,1680,2,2,27.82,Furnished
IN14246,Hyderabad,1292,3,2,15,Semi
IN14247,Hyderabad,1308,4,1,15,Unfurnished
IN14248,Kolkata,531,2,3,15,Semi
IN14249,Chennai,955,2,3,15,Furnished
IN14250,Delhi,1584,3,2,20.37,Semi
IN14251,Hyderabad,300,4,2,15,Furnished
IN14252,Mumbai,1137,4,1,18.58,Furnished
IN14253,Chennai,630,4,2,15,Semi
IN14254,Mumbai,1136,3,2,16.75,Semi
IN14255,Mumbai,995,3,2,16.98,Unfurnished
IN14256,Mumbai,1375,4,2,21.49,Furnished
IN14257,Chennai,671,3,3,15,Unfurnished
IN14258,Bangalore,704,3,2,15,Semi
IN14259,Hyderabad,1669,3,2,15.79,Semi
IN14260,Mumbai,1245,3,3,18.33,Semi
IN14261,Mumbai,1580,4,3,15,Furnished
IN14262,Mumbai,588,3,2,15,Unfurnished
IN14263,Bangalore,1815,2,3,22.53,Furnished
IN14264,Bangalore,1006,3,2,15,Semi
IN14265,Chennai,1375,2,3,15,Furnished
IN14266,Kolkata,573,3,3,15,Semi
IN14267,Bangalore,883,3,2,15,Unfurnished
IN14268,Hyderabad,1320,1,2,15,Semi
IN14269,Hyderabad,1208,1,2,17.99,Unfurnished
IN14270,Bangalore,1216,4,1,15,Semi
IN14271,Delhi,1155,4,2,15,Semi
IN14272,Hyderabad,417,2,3,15,Unfurnished
IN14273,Chennai,818,1,1,15,Semi
IN14274,Kolkata,1280,1,2,22.16,Semi
IN14275,Hyderabad,1498,1,2,22.04,Unfurnished
IN14276,Kolkata,1374,2,3,19.03,Furnished
IN14277,Chennai,951,3,2,15,Unfurnished
IN14278,Delhi,807,4,2,15,Furnished
IN14279,Delhi,1334,2,1,19.22,Semi
IN14280,Bangalore,824,2,2,15,Semi
IN14281,Chennai,1256,3,2,15,Furnished
IN14282,Kolkata,874,2,2,15,Furnished
IN14283,Hyderabad,1050,3,2,15.07,Semi
IN14284,Kolkata,902,2,1,15,Furnished
IN14285,Hyderabad,2027,2,2,20.76,Unfurnished
IN14286,Mumbai,1018,2,2,16.67,Semi
IN14287,Bangalore,300,1,2,15,Semi
IN14288,Chennai,1572,2,2,15,Furnished
IN14289,Bangalore,1145,4,3,15,Furnished
IN14290,Bangalore,439,1,1,15,Unfurnished
IN14291,Mumbai,1008,3,2,15,Semi
IN14292,Kolkata,1070,4,2,16.53,Semi
IN14293,Hyderabad,934,3,2,15,Semi
IN14294,Delhi,514,2,1,15,Semi
IN14295,Delhi,1226,1,2,21.03,Semi
IN14296,Kolkata,1545,3,3,15,Furnished
IN14297,Delhi,300,1,2,15,Unfurnished
IN14298,Kolkata,1964,3,3,15,Unfurnished
IN14299,Chennai,443,3,2,15,Unfurnished
IN14300,Hyderabad,1256,2,1,16.48,Semi
IN14301,Delhi,2018,4,2,31.51,Furnished
IN14302,Kolkata,727,3,3,15,Semi
IN14303,Hyderabad,644,1,2,15,Unfurnished
IN14304,Delhi,1099,1,2,15,Unfurnished
IN14305,Mumbai,899,1,2,15,Furnished
IN14306,Kolkata,935,2,2,15,Furnished
IN14307,Kolkata,1911,4,2,24.89,Furnished
IN14308,Kolkata,604,3,1,15,Furnished
IN14309,Chennai,863,4,2,15,Unfurnished
IN14310,Mumbai,616,1,1,15,Semi
IN14311,Chennai,1066,2,2,15.22,Unfurnished
IN14312,Chennai,590,1,2,15,Semi
IN14313,Delhi,1429,3,3,15,Semi
IN14314,Hyderabad,1124,2,1,15,Semi
IN14315,Chennai,843,1,3,15,Semi
IN14316,Mumbai,2246,2,1,28.2,Furnished
IN14317,Bangalore,1685,4,2,23.05,Semi
IN14318,Delhi,509,2,3,15,Furnished
IN14319,Mumbai,1712,2,2,18.6,Furnished
IN14320,Hyderabad,2027,4,1,25.23,Furnished
IN14321,Delhi,653,3,1,15,Furnished
IN14322,Kolkata,639,2,1,15,Furnished
IN14323,Chennai,522,1,2,15,Unfurnished
IN14324,Mumbai,936,4,1,15,Unfurnished
IN14325,Hyderabad,698,2,2,15,Unfurnished
IN14326,Delhi,736,2,2,15,Furnished
IN14327,Delhi,1265,3,1,16.4,Unfurnished
IN14328,Mumbai,1052,3,3,18.68,Semi
IN14329,Hyderabad,1677,3,3,19.4,Semi
IN14330,Delhi,670,2,1,15,Semi
IN14331,Chennai,1152,2,2,22.18,Unfurnished
IN14332,Delhi,1391,3,1,20.12,Semi
IN14333,Mumbai,882,2,2,15,Semi
IN14334,Bangalore,1939,1,2,18.91,Unfurnished
IN14335,Delhi,1122,3,2,15,Unfurnished
IN14336,Mumbai,1342,3,1,17.33,Furnished
IN14337,Mumbai,1507,2,2,15,Unfurnished
IN14338,Delhi,1459,2,2,16.74,Semi
IN14339,Kolkata,567,2,1,15,Furnished
IN14340,Bangalore,452,3,1,15,Semi
IN14341,Hyderabad,1233,2,2,15,Semi
IN14342,Delhi,300,3,2,15,Unfurnished
IN14343,Hyderabad,1467,4,3,23.0,Semi
IN14344,Bangalore,692,4,2,15,Semi
IN14345,Chennai,1306,2,3,15.1,Furnished
IN14346,Hyderabad,967,1,3,15,Furnished
IN14347,Delhi,1027,2,3,16.52,Furnished
IN14348,Mumbai,851,3,3,15,Unfurnished
IN14349,Delhi,1312,3,3,17.32,Furnished
IN14350,Kolkata,379,2,2,15,Semi
IN14351,Chennai,302,2,2,15,Unfurnished
IN14352,Chennai,1724,2,2,21.69,Unfurnished
IN14353,Delhi,1266,4,2,28.05,Unfurnished
IN14354,Kolkata,1420,1,2,24.77,Semi
IN14355,Hyderabad,1462,2,2,15,Furnished
IN14356,Delhi,1058,2,3,15.77,Furnished
IN14357,Delhi,1058,2,3,15,Semi
IN14358,Hyderabad,1548,3,2,15,Semi
IN14359,Kolkata,892,3,2,15,Furnished
IN14360,Hyderabad,714,2,1,15,Furnished
IN14361,Mumbai,736,3,3,15,Unfurnished
IN14362,Chennai,300,3,3,15,Furnished
IN14363,Mumbai,2090,2,2,35.01,Furnished
IN14364,Chennai,1425,3,1,26.45,Semi
IN14365,Chennai,300,3,2,15,Unfurnished
IN14366,Bangalore,997,2,1,16.15,Semi
IN14367,Delhi,742,2,1,15,Semi
IN14368,Bangalore,591,2,3,15,Furnished
IN14369,Chennai,1367,2,2,18.52,Furnished
IN14370,Kolkata,947,2,1,15,Semi
IN14371,Delhi,1052,4,2,15,Furnished
IN14372,Kolkata,1326,4,1,22.43,Furnished
IN14373,Mumbai,662,3,2,15,Unfurnished
IN14374,Mumbai,300,3,1,15,Unfurnished
IN14375,Bangalore,666,4,1,15,Furnished
IN14376,Chennai,1265,4,3,15,Unfurnished
IN14377,Bangalore,1372,3,2,22.82,Furnished
IN14378,Bangalore,1290,1,2,20.9,Semi
IN14379,Hyderabad,929,3,1,15,Furnished
IN14380,Delhi,1053,2,2,15,Furnished
IN14381,Chennai,1443,3,2,26.18,Semi
IN14382,Hyderabad,987,2,2,15,Semi
IN14383,Kolkata,1678,3,2,18.19,Furnished
IN14384,Bangalore,1088,3,2,15,Unfurnished
IN14385,Chennai,1038,4,2,15,Furnished
IN14386,Bangalore,556,3,2,15,Unfurnished
IN14387,Chennai,511,4,2,15,Furnished
IN14388,Hyderabad,1524,3,1,16.9,Unfurnished
IN14389,Chennai,733,2,2,15,Unfurnished
IN14390,Bangalore,721,2,3,15,Unfurnished
IN14391,Chennai,1058,4,3,15,Unfurnished
IN14392,Hyderabad,1969,2,1,17.02,Semi
IN14393,Mumbai,300,3,1,15,Unfurnished
IN14394,Kolkata,1734,2,2,26.06,Unfurnished
IN14395,Delhi,1413,2,3,25.98,Furnished
IN14396,Delhi,580,4,2,15,Semi
IN14397,Kolkata,1195,3,1,20.61,Semi
IN14398,Delhi,1065,2,2,15,Furnished
IN14399,Delhi,802,3,1,15,Semi
IN14400,Bangalore,300,2,3,15,Semi
IN14401,Mumbai,1766,3,3,15,Furnished
IN14402,Bangalore,1416,1,2,15,Furnished
IN14403,Delhi,300,2,3,15,Unfurnished
IN14404,Mumbai,591,3,2,15,Furnished
IN14405,Bangalore,996,3,1,15,Unfurnished
IN14406,Mumbai,300,2,3,15,Unfurnished
IN14407,Bangalore,953,3,1,15,Semi
IN14408,Delhi,915,3,2,15.98,Unfurnished
IN14409,Delhi,542,1,1,15,Semi
IN14410,Hyderabad,1029,3,2,19.55,Furnished
IN14411,Bangalore,1523,3,2,15.51,Semi
IN14412,Hyderabad,990,1,2,15,Furnished
IN14413,Kolkata,1629,3,2,26.33,Unfurnished
IN14414,Delhi,941,4,2,15,Unfurnished
IN14415,Bangalore,1348,1,3,15,Unfurnished
IN14416,Kolkata,691,1,2,15,Semi
IN14417,Delhi,392,4,2,15,Furnished
IN14418,Hyderabad,1691,2,2,29.09,Unfurnished
IN14419,Bangalore,1290,4,3,17.67,Semi
IN14420,Chennai,970,3,1,15,Furnished
IN14421,Kolkata,1560,2,3,29.14,Furnished
IN14422,Delhi,725,3,2,15,Furnished
IN14423,Hyderabad,1418,3,2,16.38,Unfurnished
IN14424,Kolkata,959,2,1,15,Unfurnished
IN14425,Kolkata,1818,2,2,15.43,Furnished
IN14426,Hyderabad,950,2,2,15,Furnished
IN14427,Bangalore,960,3,2,15,Furnished
IN14428,Bangalore,1308,4,1,19.0,Semi
IN14429,Bangalore,779,1,2,15,Semi
IN14430,Chennai,892,1,2,15.93,Unfurnished
IN14431,Mumbai,1359,3,1,17.01,Unfurnished
IN14432,Mumbai,1922,2,2,32.27,Furnished
IN14433,Kolkata,1223,2,2,17.01,Semi
IN14434,Hyderabad,823,3,2,15,Furnished
IN14435,Hyderabad,968,3,3,15,Unfurnished
IN14436,Kolkata,1046,3,2,16.81,Furnished
IN14437,Delhi,1226,3,1,15.65,Semi
IN14438,Chennai,1059,1,1,15,Furnished
IN14439,Chennai,516,2,1,15,Unfurnished
IN14440,Mumbai,1034,2,2,15,Furnished
IN14441,Kolkata,1199,3,1,17.36,Semi
IN14442,Bangalore,708,1,3,15,Unfurnished
IN14443,Mumbai,959,2,2,15,Unfurnished
IN14444,Kolkata,991,3,3,15,Unfurnished
IN14445,Hyderabad,902,3,2,15,Unfurnished
IN14446,Hyderabad,300,1,2,15,Semi
IN14447,Hyderabad,1141,2,3,15.12,Unfurnished
IN14448,Hyderabad,660,4,2,15,Furnished
IN14449,Delhi,413,2,3,15,Semi
IN14450,Hyderabad,765,1,2,16.86,Semi
IN14451,Hyderabad,626,2,2,15,Semi
IN14452,Delhi,1204,3,2,15,Semi
IN14453,Mumbai,1223,4,3,16.58,Semi
IN14454,Kolkata,940,1,3,17.43,Furnished
IN14455,Mumbai,1233,1,1,19.37,Furnished
IN14456,Delhi,1082,1,2,21.99,Furnished
IN14457,Mumbai,2115,2,1,30.29,Furnished
IN14458,Kolkata,300,2,2,15,Furnished
IN14459,Bangalore,1170,1,1,15,Furnished
IN14460,Chennai,1153,2,2,17.39,Furnished
IN14461,Mumbai,1253,3,1,17.73,Unfurnished
IN14462,Mumbai,1217,4,2,18.62,Furnished
IN14463,Mumbai,1032,1,2,15,Semi
IN14464,Chennai,1574,3,2,22.2,Furnished
IN14465,Bangalore,740,1,2,15,Semi
IN14466,Mumbai,1286,3,2,15,Furnished
IN14467,Kolkata,1511,1,2,24.79,Semi
IN14468,Chennai,1186,3,3,20.97,Unfurnished
IN14469,Hyderabad,1122,2,2,15,Furnished
IN14470,Kolkata,1566,4,3,18.3,Furnished
IN14471,Chennai,1205,3,2,22.8,Semi
IN14472,Delhi,1071,2,3,15,Semi
IN14473,Hyderabad,1549,2,2,18.9,Semi
IN14474,Bangalore,305,3,2,15,Unfurnished
IN14475,Delhi,1466,2,2,17.35,Semi
IN14476,Kolkata,430,3,1,15,Unfurnished
IN14477,Mumbai,1339,1,1,22.55,Semi
IN14478,Bangalore,1843,3,2,28.32,Unfurnished
IN14479,Mumbai,1003,3,2,15,Furnished
IN14480,Kolkata,1142,3,3,15,Furnished
IN14481,Delhi,1408,1,2,23.03,Unfurnished
IN14482,Hyderabad,1349,1,3,15,Furnished
IN14483,Bangalore,632,2,2,15,Unfurnished
IN14484,Chennai,912,3,1,15,Semi
IN14485,Bangalore,719,2,1,15,Furnished
IN14486,Bangalore,1032,4,1,17.23,Semi
IN14487,Hyderabad,780,1,2,15,Semi
IN14488,Delhi,1154,2,2,15,Unfurnished
IN14489,Chennai,1381,4,3,15,Furnished
IN14490,Kolkata,1578,1,2,23.07,Semi
IN14491,Delhi,762,4,1,15,Furnished
IN14492,Bangalore,626,4,2,15,Semi
IN14493,Chennai,1259,4,2,15.12,Unfurnished
IN14494,Mumbai,1401,2,1,15,Semi
IN14495,Hyderabad,753,4,1,15,Unfurnished
IN14496,Mumbai,300,3,2,15,Furnished
IN14497,Mumbai,971,2,1,19.02,Unfurnished
IN14498,Mumbai,737,2,2,15,Furnished
IN14499,Mumbai,1593,3,2,25.28,Semi
IN14500,Hyderabad,1205,4,1,15,Unfurnished
IN14501,Delhi,1439,1,1,16.84,Furnished
IN14502,Kolkata,1361,2,1,18.81,Furnished
IN14503,Mumbai,1280,2,1,15,Unfurnished
IN14504,Kolkata,1432,3,2,15,Unfurnished
IN14505,Delhi,1519,2,2,15,Furnished
IN14506,Chennai,1547,1,1,16.29,Semi
IN14507,Chennai,300,1,1,15,Unfurnished
IN14508,Bangalore,1107,2,1,15,Semi
IN14509,Delhi,1684,1,2,15,Furnished
IN14510,Chennai,914,2,3,15,Semi
IN14511,Kolkata,1213,2,3,18.14,Unfurnished
IN14512,Chennai,1944,2,3,24.45,Unfurnished
IN14513,Kolkata,938,3,1,15,Unfurnished
IN14514,Delhi,618,4,2,15,Furnished
IN14515,Kolkata,693,3,2,15,Unfurnished
IN14516,Bangalore,632,3,2,15,Furnished
IN14517,Bangalore,1836,1,3,15,Semi
IN14518,Mumbai,2566,1,3,29.99,Furnished
IN14519,Hyderabad,555,3,3,15,Semi
IN14520,Delhi,1614,3,2,28.94,Furnished
IN14521,Hyderabad,1280,1,1,17.49,Unfurnished
IN14522,Delhi,661,4,2,15,Unfurnished
IN14523,Hyderabad,970,4,3,15,Furnished
IN14524,Bangalore,686,1,2,15,Furnished
IN14525,Bangalore,1457,3,2,24.27,Furnished
IN14526,Chennai,1444,3,3,19.66,Furnished
IN14527,Mumbai,903,3,2,15,Unfurnished
IN14528,Kolkata,1463,3,1,20.26,Furnished
IN14529,Delhi,580,2,1,15,Furnished
IN14530,Hyderabad,1052,3,2,15,Unfurnished
IN14531,Hyderabad,975,3,1,15,Semi
IN14532,Kolkata,1554,4,3,15,Furnished
IN14533,Mumbai,1370,3,2,20.5,Furnished
IN14534,Bangalore,832,1,1,15,Semi
IN14535,Mumbai,1845,2,2,18.14,Unfurnished
IN14536,Hyderabad,1250,3,3,17.93,Semi
IN14537,Delhi,1211,3,2,22.98,Furnished
IN14538,Chennai,924,2,2,15.66,Semi
IN14539,Hyderabad,1071,2,3,16.71,Furnished
IN14540,Delhi,1737,4,1,15,Unfurnished
IN14541,Mumbai,1417,2,3,15,Semi
IN14542,Bangalore,845,2,2,15,Semi
IN14543,Chennai,1053,2,1,15,Unfurnished
IN14544,Hyderabad,1508,3,2,25.28,Semi
IN14545,Kolkata,1164,1,1,15,Semi
IN14546,Bangalore,1376,3,3,20.3,Furnished
IN14547,Kolkata,300,3,2,15,Furnished
IN14548,Kolkata,1088,2,2,15,Furnished
IN14549,Mumbai,1666,1,2,18.79,Semi
IN14550,Mumbai,1623,2,2,20.67,Unfurnished
IN14551,Kolkata,1423,4,3,15,Furnished
IN14552,Delhi,751,3,3,15,Semi
IN14553,Kolkata,864,4,1,15,Semi
IN14554,Mumbai,758,2,2,15,Unfurnished
IN14555,Hyderabad,1042,1,3,19.49,Semi
IN14556,Chennai,1309,2,3,18.28,Furnished
IN14557,Bangalore,1893,4,3,20.1,Furnished
IN14558,Mumbai,888,2,2,15.14,Unfurnished
IN14559,Delhi,752,3,1,15,Semi
IN14560,Kolkata,1092,2,1,15,Semi
IN14561,Hyderabad,300,1,3,15,Semi
IN14562,Chennai,2398,3,1,15,Unfurnished
IN14563,Hyderabad,1364,3,3,26.57,Semi
IN14564,Chennai,950,2,2,16.25,Unfurnished
IN14565,Kolkata,644,2,3,15,Furnished
IN14566,Bangalore,1735,3,2,15,Unfurnished
IN14567,Bangalore,1317,4,2,15,Semi
IN14568,Kolkata,1375,2,1,15,Semi
IN14569,Mumbai,716,3,3,15,Semi
IN14570,Mumbai,847,2,3,15,Furnished
IN14571,Bangalore,400,3,3,15,Semi
IN14572,Hyderabad,913,3,2,15.81,Semi
IN14573,Delhi,696,3,3,15,Unfurnished
IN14574,Bangalore,996,1,1,15,Semi
IN14575,Bangalore,1192,1,1,15,Unfurnished
IN14576,Hyderabad,1205,4,2,18.1,Furnished
IN14577,Delhi,391,2,2,15,Semi
IN14578,Bangalore,1185,1,2,18.98,Semi
IN14579,Bangalore,1658,2,2,15,Unfurnished
IN14580,Delhi,1406,2,2,15,Semi
IN14581,Kolkata,608,1,3,15,Semi
IN14582,Chennai,520,3,2,15,Unfurnished
IN14583,Hyderabad,592,4,3,15,Unfurnished
IN14584,Bangalore,1561,3,1,15,Semi
IN14585,Mumbai,330,4,3,15,Unfurnished
IN14586,Kolkata,1286,1,3,19.66,Semi
IN14587,Kolkata,1630,3,2,25.3,Semi
IN14588,Chennai,1630,2,2,15,Unfurnished
IN14589,Delhi,1436,4,1,18.89,Semi
IN14590,Hyderabad,1488,2,2,18.38,Unfurnished
IN14591,Delhi,1137,4,1,15.45,Furnished
IN14592,Chennai,1545,3,3,15,Semi
IN14593,Hyderabad,758,4,1,15,Unfurnished
IN14594,Mumbai,790,4,2,15,Unfurnished
IN14595,Chennai,1237,3,1,15,Furnished
IN14596,Delhi,1585,3,2,15,Semi
IN14597,Bangalore,1709,4,2,32.89,Unfurnished
IN14598,Bangalore,900,3,1,15,Furnished
IN14599,Mumbai,300,3,3,15,Semi
IN14600,Kolkata,950,4,1,15,Furnished
IN14601,Bangalore,1357,2,2,19.0,Semi
IN14602,Mumbai,1360,3,1,18.87,Semi
IN14603,Bangalore,1197,1,2,15,Furnished
IN14604,Chennai,2127,2,2,20.59,Semi
IN14605,Bangalore,1436,3,1,25.08,Semi
IN14606,Delhi,905,4,2,15,Unfurnished
IN14607,Mumbai,1014,3,2,15,Furnished
IN14608,Hyderabad,393,2,2,15,Semi
IN14609,Hyderabad,1334,4,2,16.06,Furnished
IN14610,Delhi,1788,1,1,20.73,Unfurnished
IN14611,Kolkata,1579,2,3,22.73,Furnished
IN14612,Delhi,1619,1,3,15,Unfurnished
IN14613,Bangalore,1484,2,2,20.31,Unfurnished
IN14614,Hyderabad,959,2,3,15.58,Furnished
IN14615,Chennai,1626,2,3,15,Semi
IN14616,Chennai,1035,1,1,15,Semi
IN14617,Hyderabad,1233,2,2,22.91,Furnished
IN14618,Chennai,1400,4,2,15,Furnished
IN14619,Hyderabad,609,3,1,15,Unfurnished
IN14620,Hyderabad,1266,4,2,15,Unfurnished
IN14621,Hyderabad,1318,2,1,18.0,Furnished
IN14622,Hyderabad,820,1,2,15,Furnished
IN14623,Hyderabad,771,2,1,15,Furnished
IN14624,Mumbai,1340,3,1,15,Semi
IN14625,Delhi,787,2,2,15,Furnished
IN14626,Kolkata,1590,1,2,27.83,Unfurnished
IN14627,Chennai,1788,3,2,32.2,Furnished
IN14628,Chennai,1105,1,1,15,Semi
IN14629,Mumbai,1458,1,3,15,Unfurnished
IN14630,Kolkata,2087,4,2,28.93,Furnished
IN14631,Hyderabad,1607,4,2,23.34,Unfurnished
IN14632,Kolkata,1561,3,1,20.82,Furnished
IN14633,Delhi,1314,3,1,17.89,Semi
IN14634,Kolkata,1571,2,2,22.15,Unfurnished
IN14635,Mumbai,300,2,2,15,Semi
IN14636,Chennai,465,4,1,15,Unfurnished
IN14637,Chennai,1793,4,2,17.58,Semi
IN14638,Chennai,956,4,3,15,Unfurnished
IN14639,Delhi,923,2,2,15,Furnished
IN14640,Mumbai,539,2,2,15,Semi
IN14641,Kolkata,423,4,3,15,Furnished
IN14642,Chennai,1474,2,3,21.33,Furnished
IN14643,Hyderabad,1813,1,1,22.34,Semi
IN14644,Chennai,891,2,2,15,Furnished
IN14645,Hyderabad,1596,3,3,27.08,Furnished
IN14646,Delhi,1699,1,2,29.01,Furnished
IN14647,Mumbai,374,2,3,15,Furnished
IN14648,Delhi,591,3,2,15,Semi
IN14649,Hyderabad,1686,3,3,16.98,Unfurnished
IN14650,Chennai,1022,2,3,15,Semi
IN14651,Delhi,574,3,3,15,Furnished
IN14652,Mumbai,1337,1,1,15,Semi
IN14653,Hyderabad,1685,1,3,20.44,Unfurnished
IN14654,Delhi,1063,2,3,16.0,Unfurnished
IN14655,Mumbai,1434,3,3,15,Semi
IN14656,Chennai,1640,2,3,22.07,Furnished
IN14657,Hyderabad,1223,3,2,15,Unfurnished
IN14658,Kolkata,1290,3,2,19.79,Unfurnished
IN14659,Bangalore,300,3,2,15,Unfurnished
IN14660,Hyderabad,984,3,2,15,Semi
IN14661,Chennai,763,1,1,15,Furnished
IN14662,Kolkata,1359,2,2,17.35,Semi
IN14663,Mumbai,665,3,3,15,Semi
IN14664,Hyderabad,885,4,2,15,Unfurnished
IN14665,Delhi,755,3,1,15,Semi
IN14666,Delhi,918,3,2,16.33,Unfurnished
IN14667,Bangalore,1423,4,2,24.15,Semi
IN14668,Bangalore,1519,2,1,15.25,Furnished
IN14669,Delhi,1548,2,2,17.9,Furnished
IN14670,Hyderabad,300,1,2,15,Unfurnished
IN14671,Hyderabad,525,2,2,15,Furnished
IN14672,Kolkata,300,3,1,15,Furnished
IN14673,Hyderabad,1326,3,3,15,Semi
IN14674,Mumbai,1215,1,2,15,Semi
IN14675,Mumbai,1112,2,2,15,Furnished
IN14676,Bangalore,1410,3,2,15,Furnished
IN14677,Kolkata,998,3,3,15,Furnished
IN14678,Chennai,575,4,2,15,Unfurnished
IN14679,Chennai,1117,3,2,17.44,Semi
IN14680,Hyderabad,1070,1,1,15.68,Unfurnished
IN14681,Delhi,300,4,3,15,Furnished
IN14682,Bangalore,1073,3,1,15,Unfurnished
IN14683,Mumbai,1011,2,3,15,Unfurnished
IN14684,Kolkata,1149,4,1,15,Semi
IN14685,Mumbai,1133,4,2,15,Furnished
IN14686,Mumbai,1584,2,3,15,Semi
IN14687,Mumbai,1298,4,1,15.2,Furnished
IN14688,Chennai,1815,3,3,26.13,Furnished
IN14689,Mumbai,1192,2,1,15,Semi
IN14690,Kolkata,2799,4,3,29.16,Semi
IN14691,Chennai,1093,2,2,15,Semi
IN14692,Delhi,698,3,3,15,Furnished
IN14693,Hyderabad,1280,3,1,15,Unfurnished
IN14694,Mumbai,1103,2,1,18.71,Furnished
IN14695,Bangalore,661,3,1,15,Semi
IN14696,Bangalore,560,3,3,15,Furnished
IN14697,Bangalore,1478,2,2,15,Furnished
IN14698,Mumbai,1156,2,3,15,Furnished
IN14699,Chennai,693,3,1,15,Semi
IN14700,Mumbai,1130,1,1,15,Unfurnished
IN14701,Bangalore,1251,2,3,20.03,Semi
IN14702,Delhi,347,2,3,15,Unfurnished
IN14703,Mumbai,1225,1,3,15,Semi
IN14704,Hyderabad,1156,2,3,15,Semi
IN14705,Kolkata,752,4,3,15,Furnished
IN14706,Hyderabad,1053,2,1,20.99,Furnished
IN14707,Bangalore,1525,3,2,15,Semi
IN14708,Chennai,1698,4,2,15,Unfurnished
IN14709,Bangalore,1653,1,2,17.39,Semi
IN14710,Delhi,456,4,2,15,Furnished
IN14711,Hyderabad,300,2,2,15,Unfurnished
IN14712,Mumbai,557,1,3,15,Unfurnished
IN14713,Bangalore,2085,2,2,29.98,Unfurnished
IN14714,Mumbai,1800,3,3,27.57,Furnished
IN14715,Chennai,300,1,1,15,Unfurnished
IN14716,Delhi,1371,3,3,15,Unfurnished
IN14717,Mumbai,958,3,3,15,Furnished
IN14718,Hyderabad,1057,3,2,15,Furnished
IN14719,Bangalore,922,2,1,15,Unfurnished
IN14720,Delhi,1338,3,2,16.64,Unfurnished
IN14721,Kolkata,849,3,2,15,Unfurnished
IN14722,Chennai,1073,2,1,15.63,Unfurnished
IN14723,Kolkata,1056,3,2,15,Furnished
IN14724,Mumbai,600,3,2,15,Unfurnished
IN14725,Hyderabad,964,1,1,17.08,Unfurnished
IN14726,Kolkata,1499,2,2,22.52,Unfurnished
IN14727,Delhi,1355,3,2,26.76,Furnished
IN14728,Kolkata,394,2,1,15,Unfurnished
IN14729,Hyderabad,1676,2,2,17.57,Semi
IN14730,Mumbai,300,4,2,15,Furnished
IN14731,Chennai,1687,1,2,15,Furnished
IN14732,Bangalore,1654,3,1,15,Unfurnished
IN14733,Mumbai,1513,3,2,21.77,Unfurnished
IN14734,Kolkata,1468,2,1,15,Unfurnished
IN14735,Mumbai,300,4,2,15,Semi
IN14736,Bangalore,1057,2,3,15.29,Semi
IN14737,Hyderabad,1470,1,2,19.88,Unfurnished
IN14738,Bangalore,631,1,2,15,Unfurnished
IN14739,Bangalore,300,2,1,15,Furnished
IN14740,Bangalore,1453,4,2,15,Unfurnished
IN14741,Bangalore,484,2,3,15,Semi
IN14742,Chennai,401,3,2,15,Semi
IN14743,Delhi,1573,3,3,20.06,Semi
IN14744,Mumbai,763,2,2,15,Unfurnished
IN14745,Chennai,863,2,3,15,Semi
IN14746,Mumbai,1785,3,1,32.61,Semi
IN14747,Kolkata,631,2,3,15,Furnished
IN14748,Bangalore,1893,4,2,15,Furnished
IN14749,Chennai,582,1,2,15,Unfurnished
IN14750,Hyderabad,2012,2,2,24.08,Unfurnished
IN14751,Mumbai,1675,2,2,34.67,Unfurnished
IN14752,Kolkata,996,4,1,15,Unfurnished
IN14753,Chennai,1114,2,3,17.85,Furnished
IN14754,Kolkata,1464,1,3,21.36,Semi
IN14755,Mumbai,1060,2,2,15,Semi
IN14756,Bangalore,1134,1,3,15,Furnished
IN14757,Chennai,460,2,1,15,Semi
IN14758,Kolkata,2037,3,1,21.74,Semi
IN14759,Delhi,919,1,1,15,Furnished
IN14760,Mumbai,351,3,1,15,Semi
IN14761,Bangalore,1314,4,2,15.94,Semi
IN14762,Kolkata,1333,3,3,15,Furnished
IN14763,Hyderabad,1822,2,2,21.32,Semi
IN14764,Chennai,300,3,3,15,Semi
IN14765,Delhi,1124,4,1,15,Semi
IN14766,Delhi,300,1,2,15,Semi
IN14767,Bangalore,1367,2,3,15,Furnished
IN14768,Delhi,1018,2,2,15,Semi
IN14769,Kolkata,1109,4,2,15.17,Semi
IN14770,Kolkata,1149,3,2,20.34,Semi
IN14771,Hyderabad,300,1,2,15,Semi
IN14772,Hyderabad,1410,4,1,15,Furnished
IN14773,Kolkata,1390,2,1,22.22,Unfurnished
IN14774,Chennai,1013,3,1,15,Furnished
IN14775,Bangalore,2055,3,2,40.24,Unfurnished
IN14776,Bangalore,519,3,1,15,Unfurnished
IN14777,Bangalore,880,1,1,15,Semi
IN14778,Kolkata,900,3,3,15,Unfurnished
IN14779,Kolkata,1650,2,2,21.57,Semi
IN14780,Hyderabad,1260,1,2,20.48,Unfurnished
IN14781,Hyderabad,826,3,1,15,Furnished
IN14782,Kolkata,791,3,2,15,Furnished
IN14783,Bangalore,1339,3,1,15,Furnished
IN14784,Hyderabad,1038,1,3,15,Semi
IN14785,Mumbai,1258,3,3,15,Furnished
IN14786,Bangalore,1223,3,2,15.71,Unfurnished
IN14787,Chennai,1294,4,3,16.7,Unfurnished
IN14788,Chennai,1284,3,1,15,Semi
IN14789,Mumbai,300,1,2,15,Semi
IN14790,Kolkata,311,3,3,15,Furnished
IN14791,Hyderabad,1003,2,3,15,Semi
IN14792,Delhi,519,4,1,15,Semi
IN14793,Bangalore,1259,4,1,18.36,Semi
IN14794,Delhi,961,3,1,15,Furnished
IN14795,Delhi,1326,3,3,16.44,Furnished
IN14796,Delhi,1742,3,2,23.92,Semi
IN14797,Chennai,1165,1,2,15,Semi
IN14798,Kolkata,1577,3,2,15.52,Semi
IN14799,Delhi,1729,1,2,15,Unfurnished
IN14800,Kolkata,1167,4,3,15,Furnished
IN14801,Hyderabad,1640,4,2,15,Unfurnished
IN14802,Bangalore,1812,2,2,16.22,Unfurnished
IN14803,Delhi,1470,2,2,15,Semi
IN14804,Hyderabad,1153,4,2,15,Unfurnished
IN14805,Bangalore,537,3,3,15,Furnished
IN14806,Mumbai,480,3,2,15,Semi
IN14807,Mumbai,879,3,3,15,Semi
IN14808,Hyderabad,998,3,2,15.15,Unfurnished
IN14809,Delhi,1792,2,2,19.46,Semi
IN14810,Bangalore,1605,2,2,17.93,Unfurnished
IN14811,Kolkata,1077,2,2,15,Furnished
IN14812,Hyderabad,769,3,2,15,Furnished
IN14813,Delhi,420,3,1,15,Unfurnished
IN14814,Chennai,872,2,1,15,Unfurnished
IN14815,Delhi,1611,4,1,27.1,Furnished
IN14816,Bangalore,1414,3,3,15,Unfurnished
IN14817,Hyderabad,1531,3,2,27.71,Unfurnished
IN14818,Hyderabad,2251,2,2,15,Unfurnished
IN14819,Delhi,749,4,1,15,Unfurnished
IN14820,Kolkata,1842,4,2,15.54,Furnished
IN14821,Bangalore,1672,4,2,24.23,Unfurnished
IN14822,Chennai,1041,4,3,15,Semi
IN14823,Chennai,1342,4,2,15,Furnished
IN14824,Kolkata,1593,1,3,25.4,Semi
IN14825,Bangalore,1012,2,2,18.01,Unfurnished
IN14826,Hyderabad,716,4,2,15,Semi
IN14827,Mumbai,1514,2,1,15,Semi
IN14828,Hyderabad,1080,3,1,21.4,Unfurnished
IN14829,Delhi,2062,2,3,38.21,Furnished
IN14830,Bangalore,1088,2,1,16.85,Unfurnished
IN14831,Kolkata,1327,2,2,27.01,Semi
IN14832,Chennai,630,3,3,15,Furnished
IN14833,Delhi,1240,3,2,15.13,Furnished
IN14834,Hyderabad,1373,3,3,17.22,Furnished
IN14835,Bangalore,700,3,2,15,Unfurnished
IN14836,Bangalore,752,4,2,15,Unfurnished
IN14837,Hyderabad,447,2,2,15,Unfurnished
IN14838,Mumbai,1310,4,1,19.59,Furnished
IN14839,Chennai,350,3,3,15,Semi
IN14840,Kolkata,1147,4,2,26.21,Semi
IN14841,Kolkata,929,2,2,15,Semi
IN14842,Kolkata,319,4,1,15,Unfurnished
IN14843,Bangalore,300,4,2,15,Unfurnished
IN14844,Mumbai,1193,2,1,15.55,Semi
IN14845,Delhi,473,4,1,15,Furnished
IN14846,Chennai,300,4,1,15,Unfurnished
IN14847,Hyderabad,300,3,3,15,Semi
IN14848,Chennai,1157,2,2,15,Furnished
IN14849,Hyderabad,1187,3,3,23.46,Furnished
IN14850,Bangalore,999,3,2,15,Semi
IN14851,Kolkata,1656,2,3,15,Unfurnished
IN14852,Delhi,949,2,2,15,Unfurnished
IN14853,Chennai,1282,1,2,16.86,Semi
IN14854,Mumbai,902,4,2,15,Unfurnished
IN14855,Mumbai,300,2,2,15,Furnished
IN14856,Delhi,692,3,3,15,Unfurnished
IN14857,Mumbai,300,2,1,15,Furnished
IN14858,Bangalore,1072,4,2,15,Semi
IN14859,Hyderabad,300,3,2,15,Semi
IN14860,Bangalore,941,1,1,15,Semi
IN14861,Bangalore,781,2,2,15,Furnished
IN14862,Bangalore,1311,3,2,15,Unfurnished
IN14863,Mumbai,1634,3,2,28.33,Furnished
IN14864,Chennai,1312,4,2,16.85,Furnished
IN14865,Kolkata,991,2,2,16.23,Furnished
IN14866,Kolkata,817,1,3,15,Furnished
IN14867,Delhi,1879,4,3,24.24,Semi
IN14868,Mumbai,635,1,2,15,Furnished
IN14869,Delhi,1362,2,1,15,Furnished
IN14870,Delhi,1617,4,2,31.78,Furnished
IN14871,Delhi,1095,2,2,15,Unfurnished
IN14872,Chennai,1297,2,2,15,Furnished
IN14873,Chennai,1228,4,2,15,Unfurnished
IN14874,Kolkata,1448,4,1,15,Unfurnished
IN14875,Chennai,724,4,1,15,Unfurnished
IN14876,Bangalore,1395,1,3,16.71,Unfurnished
IN14877,Mumbai,1260,3,3,15,Furnished
IN14878,Kolkata,1271,1,1,15,Furnished
IN14879,Delhi,754,2,1,15,Unfurnished
IN14880,Hyderabad,767,3,2,15,Furnished
IN14881,Hyderabad,1548,3,3,15,Unfurnished
IN14882,Chennai,1071,2,3,15,Unfurnished
IN14883,Chennai,1269,4,3,16.93,Unfurnished
IN14884,Chennai,1355,1,2,15,Furnished
IN14885,Kolkata,2303,3,2,26.11,Unfurnished
IN14886,Bangalore,832,4,2,15,Furnished
IN14887,Hyderabad,1344,1,2,15,Unfurnished
IN14888,Bangalore,1465,3,2,16.61,Furnished
IN14889,Hyderabad,1094,4,3,15.61,Semi
IN14890,Hyderabad,423,4,2,15,Furnished
IN14891,Kolkata,639,4,1,15,Unfurnished
IN14892,Delhi,300,3,1,15,Semi
IN14893,Chennai,1132,1,2,15,Furnished
IN14894,Mumbai,823,1,2,15,Unfurnished
IN14895,Kolkata,608,4,1,15,Furnished
IN14896,Chennai,1223,1,1,22.86,Semi
IN14897,Delhi,1146,3,2,15,Semi
IN14898,Chennai,937,3,1,15,Semi
IN14899,Kolkata,803,4,1,15,Semi
IN14900,Chennai,572,3,1,15,Furnished
IN14901,Kolkata,300,4,3,15,Furnished
IN14902,Mumbai,1498,1,3,23.14,Unfurnished
IN14903,Bangalore,677,2,3,15,Unfurnished
IN14904,Mumbai,1220,3,1,15,Furnished
IN14905,Bangalore,1511,2,1,25.91,Furnished
IN14906,Chennai,824,3,2,15,Furnished
IN14907,Kolkata,866,4,3,15,Furnished
IN14908,Kolkata,741,1,2,15,Unfurnished
IN14909,Delhi,1911,4,3,32.45,Unfurnished
IN14910,Hyderabad,1313,1,1,17.87,Unfurnished
IN14911,Mumbai,1506,2,2,15,Unfurnished
IN14912,Bangalore,1623,2,2,21.93,Furnished
IN14913,Hyderabad,1163,4,2,15,Unfurnished
IN14914,Kolkata,773,3,1,15,Semi
IN14915,Chennai,1058,2,1,15,Unfurnished
IN14916,Hyderabad,1416,1,1,15.76,Semi
IN14917,Bangalore,1231,3,2,15,Unfurnished
IN14918,Bangalore,664,2,3,15,Furnished
IN14919,Chennai,1122,2,2,15,Unfurnished
IN14920,Kolkata,1447,2,3,15.47,Semi
IN14921,Chennai,418,4,1,15,Semi
IN14922,Delhi,1688,1,3,19.7,Unfurnished
IN14923,Hyderabad,1141,1,1,15,Unfurnished
IN14924,Chennai,1108,3,2,15,Semi
IN14925,Kolkata,300,3,1,15,Unfurnished
IN14926,Kolkata,1042,2,3,15.4,Unfurnished
IN14927,Kolkata,300,2,3,15,Furnished
IN14928,Bangalore,300,1,2,15,Unfurnished
IN14929,Delhi,692,2,3,15,Furnished
IN14930,Mumbai,692,2,1,15,Furnished
IN14931,Bangalore,1340,2,2,15,Furnished
IN14932,Chennai,1480,3,2,17.61,Unfurnished
IN14933,Kolkata,919,4,1,16.93,Furnished
IN14934,Chennai,1404,1,2,20.41,Semi
IN14935,Delhi,1774,2,2,29.52,Semi
IN14936,Hyderabad,1173,3,2,15,Unfurnished
IN14937,Delhi,1137,4,1,15,Furnished
IN14938,Chennai,433,3,1,15,Semi
IN14939,Mumbai,300,3,3,15,Furnished
IN14940,Hyderabad,706,3,3,15,Furnished
IN14941,Mumbai,300,3,1,15,Furnished
IN14942,Delhi,1424,3,2,24.79,Semi
IN14943,Hyderabad,2246,3,2,35.57,Semi
IN14944,Bangalore,1242,1,1,15,Semi
IN14945,Kolkata,1182,2,2,26.26,Semi
IN14946,Bangalore,1081,1,2,15,Unfurnished
IN14947,Mumbai,604,2,2,15,Semi
IN14948,Hyderabad,1224,2,3,21.67,Furnished
IN14949,Chennai,1237,2,2,15,Semi
IN14950,Hyderabad,1278,2,2,17.91,Furnished
IN14951,Bangalore,1092,3,2,15,Semi
IN14952,Hyderabad,1431,2,3,15,Furnished
IN14953,Hyderabad,694,2,1,15,Unfurnished
IN14954,Chennai,1973,1,2,31.48,Furnished
IN14955,Hyderabad,954,4,2,15,Unfurnished
IN14956,Mumbai,529,1,2,15,Furnished
IN14957,Kolkata,500,1,3,15,Unfurnished
IN14958,Bangalore,937,4,3,15,Unfurnished
IN14959,Hyderabad,457,3,2,15,Unfurnished
IN14960,Mumbai,1097,3,2,15,Furnished
IN14961,Kolkata,571,2,2,15,Furnished
IN14962,Mumbai,1336,3,3,16.87,Furnished
IN14963,Hyderabad,1247,4,2,15,Semi
IN14964,Kolkata,1236,3,3,20.57,Unfurnished
IN14965,Hyderabad,1955,4,1,17.5,Semi
IN14966,Chennai,1468,2,2,29.19,Unfurnished
IN14967,Kolkata,781,2,3,15,Semi
IN14968,Mumbai,607,4,1,15,Semi
IN14969,Delhi,653,3,1,15,Furnished
IN14970,Hyderabad,928,1,1,15,Unfurnished
IN14971,Chennai,1493,1,3,28.36,Semi
IN14972,Kolkata,1392,2,2,19.76,Unfurnished
IN14973,Delhi,889,2,3,15,Semi
IN14974,Mumbai,1062,4,3,15,Semi
IN14975,Kolkata,802,2,1,15,Furnished
IN14976,Chennai,1026,2,3,15,Unfurnished
IN14977,Delhi,1282,3,2,15.87,Semi
IN14978,Chennai,740,3,3,15,Semi
IN14979,Mumbai,1031,1,2,15,Unfurnished
IN14980,Mumbai,941,2,2,15,Semi
IN14981,Chennai,1385,4,3,16.74,Semi
IN14982,Mumbai,1500,1,1,19.79,Furnished
IN14983,Delhi,1046,3,2,18.92,Semi
IN14984,Mumbai,1658,1,1,24.9,Furnished
IN14985,Delhi,1309,2,3,15.06,Unfurnished
IN14986,Mumbai,1577,3,2,24.34,Unfurnished
IN14987,Hyderabad,1043,2,2,15,Semi
IN14988,Hyderabad,1547,4,2,15,Furnished
IN14989,Hyderabad,1190,1,1,16.73,Furnished
IN14990,Mumbai,725,2,2,15,Furnished
IN14991,Hyderabad,1275,1,1,15,Unfurnished
IN14992,Mumbai,1691,1,2,26.01,Unfurnished
IN14993,Bangalore,727,3,2,15,Furnished
IN14994,Chennai,556,4,2,15,Semi
IN14995,Bangalore,689,3,1,15,Furnished
IN14996,Kolkata,992,1,2,15,Unfurnished
IN14997,Kolkata,557,2,2,15,Unfurnished
IN14998,Bangalore,1204,4,3,15,Unfurnished
IN14999,Hyderabad,633,3,2,15,Unfurnished
IN15000,Mumbai,1088,2,3,21.38,Unfurnished
IN15001,Chennai,702,1,2,15,Semi
IN15002,Mumbai,1074,1,3,15,Unfurnished
IN15003,Chennai,2346,2,1,28.2,Furnished
IN15004,Chennai,1642,2,1,23.84,Unfurnished
IN15005,Hyderabad,573,3,3,15,Semi
IN15006,Kolkata,750,4,2,15,Furnished
IN15007,Kolkata,778,2,2,15,Furnished
IN15008,Hyderabad,1263,2,2,16.37,Unfurnished
IN15009,Chennai,982,2,2,15,Semi
IN15010,Chennai,552,3,3,15,Unfurnished
IN15011,Delhi,1339,2,2,15,Furnished
IN15012,Mumbai,1296,3,1,15,Unfurnished
IN15013,Bangalore,1710,2,3,25.98,Unfurnished
IN15014,Chennai,561,1,3,15,Unfurnished
IN15015,Chennai,371,2,2,15,Furnished
IN15016,Mumbai,1152,3,1,15,Semi
IN15017,Delhi,1408,2,2,18.05,Semi
IN15018,Delhi,1784,4,1,15.73,Furnished
IN15019,Hyderabad,1503,2,3,15,Unfurnished
IN15020,Chennai,1818,2,1,23.14,Furnished
IN15021,Delhi,2510,4,2,32.63,Furnished
IN15022,Delhi,1341,1,1,22.54,Semi
IN15023,Kolkata,1006,3,3,15,Furnished
IN15024,Mumbai,1307,4,1,20.43,Unfurnished
IN15025,Chennai,1662,2,2,21.65,Furnished
IN15026,Chennai,872,2,2,15,Semi
IN15027,Bangalore,1430,4,2,22.24,Semi
IN15028,Kolkata,300,4,1,15,Furnished
IN15029,Chennai,1432,3,2,15,Semi
IN15030,Kolkata,1755,1,3,31.45,Unfurnished
IN15031,Mumbai,965,2,2,15,Unfurnished
IN15032,Delhi,791,3,2,15,Furnished
IN15033,Delhi,1579,2,3,15.62,Semi
IN15034,Chennai,616,3,3,15,Furnished
IN15035,Mumbai,1683,1,1,18.98,Semi
IN15036,Kolkata,958,3,3,15.24,Furnished
IN15037,Bangalore,717,3,2,15,Unfurnished
IN15038,Chennai,300,3,1,15,Unfurnished
IN15039,Chennai,337,3,2,15,Furnished
IN15040,Bangalore,1676,3,3,16.09,Furnished
IN15041,Hyderabad,1706,2,2,35.52,Unfurnished
IN15042,Hyderabad,1445,3,1,17.53,Furnished
IN15043,Delhi,1419,3,1,15,Semi
IN15044,Bangalore,1515,3,3,15,Furnished
IN15045,Mumbai,1241,2,2,15,Furnished
IN15046,Chennai,1073,4,2,18.7,Semi
IN15047,Chennai,902,3,2,15,Furnished
IN15048,Hyderabad,782,4,2,15,Semi
IN15049,Mumbai,1409,2,2,20.89,Unfurnished
IN15050,Chennai,1256,3,2,15,Furnished
IN15051,Kolkata,1454,3,2,16.63,Unfurnished
IN15052,Bangalore,1854,1,3,22.38,Furnished
IN15053,Chennai,1459,2,2,15.8,Unfurnished
IN15054,Hyderabad,1154,4,1,15,Furnished
IN15055,Delhi,720,3,2,15,Unfurnished
IN15056,Kolkata,1027,2,1,15,Furnished
IN15057,Delhi,627,3,2,15,Semi
IN15058,Hyderabad,1400,2,2,20.26,Unfurnished
IN15059,Hyderabad,2010,2,3,22.0,Semi
IN15060,Kolkata,1348,2,2,15.68,Unfurnished
IN15061,Delhi,1166,3,2,15,Unfurnished
IN15062,Hyderabad,777,2,2,15,Furnished
IN15063,Chennai,1487,4,2,21.27,Unfurnished
IN15064,Hyderabad,758,1,2,15,Furnished
IN15065,Chennai,726,3,3,15,Furnished
IN15066,Kolkata,944,3,3,15,Furnished
IN15067,Chennai,1891,2,3,21.0,Unfurnished
IN15068,Delhi,1063,2,2,15,Semi
IN15069,Delhi,1334,2,2,15,Furnished
IN15070,Bangalore,916,2,1,15,Semi
IN15071,Chennai,1376,3,2,15,Semi
IN15072,Chennai,300,4,3,15,Furnished
IN15073,Mumbai,300,4,2,15,Furnished
IN15074,Kolkata,780,3,3,15,Semi
IN15075,Mumbai,829,3,2,15,Unfurnished
IN15076,Mumbai,975,3,2,15,Furnished
IN15077,Kolkata,596,2,2,15,Semi
IN15078,Hyderabad,1845,2,1,15,Semi
IN15079,Delhi,1175,4,2,15,Furnished
IN15080,Delhi,1584,3,2,15,Unfurnished
IN15081,Delhi,431,2,2,15,Furnished
IN15082,Chennai,1125,2,3,17.92,Furnished
IN15083,Mumbai,741,3,2,15,Unfurnished
IN15084,Delhi,871,1,3,15,Furnished
IN15085,Delhi,937,2,2,15,Semi
IN15086,Chennai,395,2,3,15,Furnished
IN15087,Chennai,1353,3,3,15,Unfurnished
IN15088,Chennai,1303,3,2,15,Unfurnished
IN15089,Mumbai,418,3,3,15,Unfurnished
IN15090,Kolkata,869,1,2,15,Unfurnished
IN15091,Kolkata,712,2,2,15,Unfurnished
IN15092,Bangalore,1067,2,2,15,Unfurnished
IN15093,Delhi,939,2,2,15,Furnished
IN15094,Mumbai,300,4,1,15,Semi
IN15095,Kolkata,1510,2,3,15.32,Furnished
IN15096,Chennai,1620,2,3,15.82,Furnished
IN15097,Hyderabad,663,3,2,15,Semi
IN15098,Kolkata,1181,2,3,15,Furnished
IN15099,Chennai,987,1,3,19.46,Furnished
IN15100,Hyderabad,1031,3,3,15,Semi
IN15101,Bangalore,756,3,2,15,Semi
IN15102,Chennai,905,2,1,15,Furnished
IN15103,Chennai,690,2,2,15,Semi
IN15104,Chennai,1437,3,3,15,Unfurnished
IN15105,Bangalore,814,2,1,15,Unfurnished
IN15106,Bangalore,1972,2,2,21.8,Unfurnished
IN15107,Kolkata,1127,4,2,21.66,Unfurnished
IN15108,Kolkata,1796,3,2,15.23,Unfurnished
IN15109,Kolkata,1362,4,1,15,Furnished
IN15110,Chennai,973,4,3,15,Furnished
IN15111,Hyderabad,851,2,2,15,Furnished
IN15112,Kolkata,1565,1,2,20.97,Unfurnished
IN15113,Mumbai,1405,3,3,17.93,Furnished
IN15114,Chennai,960,3,2,15,Unfurnished
IN15115,Kolkata,1316,4,2,15,Furnished
IN15116,Kolkata,1035,1,2,15,Unfurnished
IN15117,Hyderabad,1076,2,3,15,Furnished
IN15118,Kolkata,722,1,1,15,Furnished
IN15119,Hyderabad,468,2,1,15,Furnished
IN15120,Chennai,1108,2,2,21.63,Unfurnished
IN15121,Bangalore,995,2,3,15,Unfurnished
IN15122,Kolkata,646,3,1,15,Furnished
IN15123,Hyderabad,946,4,2,15,Unfurnished
IN15124,Delhi,1055,2,2,16.21,Furnished
IN15125,Hyderabad,1125,4,2,15,Unfurnished
IN15126,Kolkata,2026,2,3,38.77,Unfurnished
IN15127,Delhi,300,2,2,15,Unfurnished
IN15128,Delhi,798,4,2,15,Furnished
IN15129,Delhi,1114,2,2,15,Semi
IN15130,Chennai,1331,4,2,15,Unfurnished
IN15131,Hyderabad,1089,2,2,17.94,Semi
IN15132,Delhi,1516,3,2,15,Unfurnished
IN15133,Delhi,1111,4,2,15,Unfurnished
IN15134,Mumbai,877,4,2,15,Furnished
IN15135,Mumbai,1868,3,3,18.0,Semi
IN15136,Kolkata,1143,4,1,15,Unfurnished
IN15137,Chennai,1655,2,3,29.29,Semi
IN15138,Mumbai,683,4,3,15,Unfurnished
IN15139,Bangalore,816,3,2,15,Semi
IN15140,Mumbai,1376,1,1,16.05,Unfurnished
IN15141,Delhi,749,2,1,15,Semi
IN15142,Kolkata,1202,2,2,15,Unfurnished
IN15143,Chennai,1703,4,1,15.55,Unfurnished
IN15144,Mumbai,1301,1,1,15,Semi
IN15145,Mumbai,1256,2,2,15,Unfurnished
IN15146,Kolkata,1151,3,3,16.56,Semi
IN15147,Bangalore,950,3,3,15,Furnished
IN15148,Hyderabad,1117,2,2,15.41,Unfurnished
IN15149,Bangalore,1383,4,2,23.9,Semi
IN15150,Kolkata,300,4,2,15,Furnished
IN15151,Delhi,875,2,3,15,Unfurnished
IN15152,Kolkata,373,3,1,15,Unfurnished
IN15153,Hyderabad,1611,1,2,25.35,Semi
IN15154,Hyderabad,1646,3,2,19.0,Furnished
IN15155,Kolkata,300,4,1,15,Semi
IN15156,Bangalore,300,4,1,15,Furnished
IN15157,Delhi,811,3,2,15,Furnished
IN15158,Bangalore,475,3,2,15,Semi
IN15159,Bangalore,1340,2,1,15.18,Semi
IN15160,Kolkata,1023,1,3,15,Semi
IN15161,Chennai,1391,3,1,15.77,Semi
IN15162,Delhi,1123,1,1,15,Unfurnished
IN15163,Chennai,1268,2,2,18.2,Semi
IN15164,Delhi,1008,2,2,15,Semi
IN15165,Bangalore,1002,3,1,15,Furnished
IN15166,Hyderabad,1165,2,1,15,Semi
IN15167,Delhi,1220,2,2,20.58,Furnished
IN15168,Hyderabad,1110,2,3,15,Furnished
IN15169,Delhi,938,3,1,15,Semi
IN15170,Delhi,1471,2,2,35.7,Semi
IN15171,Bangalore,1124,1,2,15,Unfurnished
IN15172,Delhi,1841,3,3,15,Unfurnished
IN15173,Chennai,629,3,3,15,Semi
IN15174,Hyderabad,939,2,2,15,Semi
IN15175,Mumbai,442,3,2,15,Semi
IN15176,Hyderabad,1421,1,2,25.72,Semi
IN15177,Kolkata,621,1,1,15,Unfurnished
IN15178,Mumbai,1122,3,3,18.7,Furnished
IN15179,Bangalore,903,3,3,15,Semi
IN15180,Chennai,300,3,2,15,Furnished
IN15181,Delhi,2007,3,2,19.61,Furnished
IN15182,Kolkata,835,2,2,15,Unfurnished
IN15183,Mumbai,2032,3,2,25.93,Furnished
IN15184,Delhi,1304,4,2,21.98,Semi
IN15185,Mumbai,300,2,1,15,Unfurnished
IN15186,Chennai,455,3,1,15,Semi
IN15187,Mumbai,886,1,1,15,Furnished
IN15188,Mumbai,1214,2,2,15,Unfurnished
IN15189,Delhi,479,2,2,15,Unfurnished
IN15190,Hyderabad,1493,3,3,15,Semi
IN15191,Bangalore,1514,3,1,25.23,Semi
IN15192,Hyderabad,1066,4,1,15,Semi
IN15193,Delhi,643,2,1,15,Semi
IN15194,Chennai,775,4,2,15,Unfurnished
IN15195,Hyderabad,1050,2,2,15,Semi
IN15196,Mumbai,973,3,2,15,Furnished
IN15197,Chennai,1641,1,1,24.42,Semi
IN15198,Hyderabad,923,1,2,15.77,Semi
IN15199,Hyderabad,323,2,3,15,Unfurnished
IN15200,Chennai,915,2,2,15,Unfurnished
IN15201,Mumbai,1387,2,1,19.95,Furnished
IN15202,Mumbai,541,3,2,15,Furnished
IN15203,Bangalore,902,3,2,15,Unfurnished
IN15204,Chennai,1455,2,3,25.82,Furnished
IN15205,Chennai,1869,1,2,23.14,Unfurnished
IN15206,Kolkata,705,1,2,15,Semi
IN15207,Hyderabad,814,3,1,15,Furnished
IN15208,Mumbai,1204,3,1,19.96,Unfurnished
IN15209,Mumbai,615,3,2,15,Unfurnished
IN15210,Bangalore,1190,4,1,15,Semi
IN15211,Bangalore,637,1,2,15,Semi
IN15212,Hyderabad,574,3,2,15,Semi
IN15213,Mumbai,364,2,2,15,Furnished
IN15214,Hyderabad,300,1,2,15,Furnished
IN15215,Mumbai,1878,3,1,24.74,Unfurnished
IN15216,Hyderabad,1177,4,2,15,Unfurnished
IN15217,Kolkata,985,3,3,15,Unfurnished
IN15218,Hyderabad,1260,2,2,15,Unfurnished
IN15219,Bangalore,1382,3,1,15,Unfurnished
IN15220,Delhi,1679,2,2,25.96,Furnished
IN15221,Delhi,1543,3,2,21.11,Unfurnished
IN15222,Chennai,1246,1,2,15,Semi
IN15223,Mumbai,880,2,3,15,Unfurnished
IN15224,Bangalore,1494,1,3,26.08,Furnished
IN15225,Chennai,1903,4,2,33.92,Unfurnished
IN15226,Delhi,1531,2,2,21.16,Unfurnished
IN15227,Bangalore,1476,3,2,26.69,Furnished
IN15228,Mumbai,1338,4,1,19.68,Semi
IN15229,Bangalore,1214,1,3,15,Furnished
IN15230,Chennai,1328,2,2,15,Semi
IN15231,Bangalore,1771,4,2,27.24,Unfurnished
IN15232,Hyderabad,876,1,2,17.51,Furnished
IN15233,Kolkata,1317,2,1,16.73,Semi
IN15234,Delhi,927,1,2,15,Unfurnished
IN15235,Delhi,1082,3,2,15,Furnished
IN15236,Kolkata,2020,4,2,19.13,Unfurnished
IN15237,Hyderabad,1848,2,2,30.84,Furnished
IN15238,Kolkata,2481,4,2,27.62,Semi
IN15239,Kolkata,2200,3,2,31.12,Unfurnished
IN15240,Chennai,927,3,3,15,Unfurnished
IN15241,Hyderabad,1224,4,2,23.28,Furnished
IN15242,Delhi,474,3,2,15,Unfurnished
IN15243,Chennai,1572,2,2,29.09,Unfurnished
IN15244,Mumbai,1855,2,1,20.88,Unfurnished
IN15245,Hyderabad,776,3,3,15,Furnished
IN15246,Mumbai,1589,4,3,15,Furnished
IN15247,Mumbai,1373,3,3,19.43,Semi
IN15248,Mumbai,921,3,2,15,Furnished
IN15249,Bangalore,1470,2,2,15,Unfurnished
IN15250,Chennai,631,1,2,15,Unfurnished
IN15251,Mumbai,1870,1,2,22.28,Semi
IN15252,Bangalore,1474,4,1,15.67,Semi
IN15253,Hyderabad,1197,2,1,22.29,Unfurnished
IN15254,Mumbai,1416,3,2,15.78,Semi
IN15255,Bangalore,1856,3,2,33.32,Furnished
IN15256,Delhi,1225,4,2,15.91,Semi
IN15257,Hyderabad,1357,2,3,15,Furnished
IN15258,Mumbai,1042,3,2,15,Unfurnished
IN15259,Chennai,666,3,3,15,Furnished
IN15260,Chennai,898,2,2,15.42,Semi
IN15261,Chennai,1615,2,1,25.65,Unfurnished
IN15262,Delhi,936,1,2,15,Unfurnished
IN15263,Mumbai,1641,2,2,15,Unfurnished
IN15264,Mumbai,1509,4,1,23.96,Furnished
IN15265,Delhi,597,3,2,15,Semi
IN15266,Mumbai,725,3,1,15,Furnished
IN15267,Kolkata,980,3,3,15,Unfurnished
IN15268,Delhi,468,2,2,15,Semi
IN15269,Hyderabad,1004,2,2,15,Furnished
IN15270,Mumbai,1403,3,3,20.23,Unfurnished
IN15271,Kolkata,499,3,3,15,Unfurnished
IN15272,Hyderabad,1568,3,3,19.45,Unfurnished
IN15273,Hyderabad,666,4,1,15,Unfurnished
IN15274,Mumbai,1883,2,2,33.89,Unfurnished
IN15275,Kolkata,902,1,2,15.25,Unfurnished
IN15276,Delhi,1142,3,1,15,Unfurnished
IN15277,Delhi,1044,4,2,15,Unfurnished
IN15278,Bangalore,1914,1,2,22.08,Semi
IN15279,Kolkata,1155,3,2,15,Furnished
IN15280,Mumbai,1258,3,1,15,Semi
IN15281,Chennai,1781,1,2,19.96,Semi
IN15282,Bangalore,1053,1,2,15,Unfurnished
IN15283,Delhi,862,4,2,15,Furnished
IN15284,Mumbai,300,1,3,15,Unfurnished
IN15285,Chennai,1257,3,2,18.79,Furnished
IN15286,Kolkata,942,3,1,15,Furnished
IN15287,Mumbai,1001,2,1,15,Semi
IN15288,Delhi,670,3,2,15,Semi
IN15289,Bangalore,1879,2,1,16.34,Unfurnished
IN15290,Bangalore,1353,2,3,16.8,Unfurnished
IN15291,Chennai,523,1,2,15,Unfurnished
IN15292,Delhi,931,2,2,15,Semi
IN15293,Bangalore,1237,3,2,17.16,Furnished
IN15294,Mumbai,1881,1,2,16.2,Furnished
IN15295,Mumbai,1322,2,3,15.63,Unfurnished
IN15296,Chennai,1604,2,2,25.96,Unfurnished
IN15297,Bangalore,1105,1,1,15,Furnished
IN15298,Delhi,954,3,2,15,Unfurnished
IN15299,Kolkata,1191,3,1,16.4,Semi
IN15300,Bangalore,1257,2,2,15,Furnished
IN15301,Chennai,971,3,2,15,Semi
IN15302,Chennai,988,4,2,15,Unfurnished
IN15303,Bangalore,1471,2,2,23.56,Unfurnished
IN15304,Chennai,1577,4,2,32.39,Furnished
IN15305,Chennai,776,2,2,15,Semi
IN15306,Hyderabad,1719,2,1,18.67,Furnished
IN15307,Delhi,1540,1,2,15,Semi
IN15308,Mumbai,1096,3,3,15,Furnished
IN15309,Delhi,685,3,1,15,Semi
IN15310,Kolkata,300,3,2,15,Unfurnished
IN15311,Delhi,1092,2,3,18.42,Unfurnished
IN15312,Hyderabad,1740,2,3,36.25,Semi
IN15313,Hyderabad,851,3,1,15,Unfurnished
IN15314,Kolkata,1037,2,2,15,Furnished
IN15315,Bangalore,912,1,2,15,Semi
IN15316,Delhi,591,4,2,15,Semi
IN15317,Chennai,1574,3,3,25.73,Unfurnished
IN15318,Hyderabad,1456,4,3,20.44,Unfurnished
IN15319,Chennai,838,2,2,15,Unfurnished
IN15320,Hyderabad,853,3,3,15,Semi
IN15321,Hyderabad,300,3,3,15,Semi
IN15322,Kolkata,981,2,3,15,Furnished
IN15323,Bangalore,1740,3,2,22.46,Furnished
IN15324,Chennai,688,4,2,15,Furnished
IN15325,Chennai,1336,1,2,15,Unfurnished
IN15326,Hyderabad,1408,2,2,18.28,Semi
IN15327,Mumbai,743,2,2,15,Furnished
IN15328,Mumbai,1362,4,1,21.1,Furnished
IN15329,Chennai,1645,4,3,21.11,Unfurnished
IN15330,Delhi,959,2,1,15,Furnished
IN15331,Delhi,1249,2,2,15,Semi
IN15332,Delhi,1107,3,2,15,Unfurnished
IN15333,Chennai,834,4,2,15,Furnished
IN15334,Bangalore,1334,2,1,17.11,Semi
IN15335,Mumbai,1087,4,3,16.78,Furnished
IN15336,Mumbai,1616,2,2,15,Furnished
IN15337,Hyderabad,1723,1,2,23.7,Unfurnished
IN15338,Hyderabad,718,2,2,15,Unfurnished
IN15339,Chennai,1714,3,1,20.97,Unfurnished
IN15340,Chennai,1197,4,1,18.4,Unfurnished
IN15341,Delhi,946,2,2,15,Semi
IN15342,Chennai,1714,3,1,18.2,Furnished
IN15343,Kolkata,1401,3,2,20.26,Semi
IN15344,Mumbai,1427,3,2,20.71,Semi
IN15345,Bangalore,852,4,1,15,Unfurnished
IN15346,Mumbai,1123,3,3,15,Furnished
IN15347,Bangalore,870,2,1,15,Unfurnished
IN15348,Hyderabad,761,2,3,15,Furnished
IN15349,Chennai,1527,3,3,15,Unfurnished
IN15350,Kolkata,1781,3,2,15,Semi
IN15351,Hyderabad,721,4,1,15,Semi
IN15352,Hyderabad,300,3,2,15,Furnished
IN15353,Mumbai,1705,1,1,23.75,Unfurnished
IN15354,Chennai,1928,2,2,17.64,Semi
IN15355,Hyderabad,1415,4,2,28.26,Unfurnished
IN15356,Kolkata,552,3,2,15,Unfurnished
IN15357,Delhi,1026,2,2,15,Semi
IN15358,Hyderabad,1354,2,2,15,Unfurnished
IN15359,Hyderabad,1499,3,2,21.99,Unfurnished
IN15360,Delhi,1263,2,3,15.94,Furnished
IN15361,Hyderabad,1620,3,2,24.79,Unfurnished
IN15362,Chennai,1070,3,1,16.2,Semi
IN15363,Hyderabad,1537,3,3,15,Unfurnished
IN15364,Delhi,2110,2,2,20.41,Semi
IN15365,Mumbai,2039,4,2,25.39,Semi
IN15366,Bangalore,1703,2,2,15,Semi
IN15367,Kolkata,799,4,3,15,Furnished
IN15368,Hyderabad,1514,2,2,15.08,Unfurnished
IN15369,Mumbai,2379,1,3,19.5,Unfurnished
IN15370,Mumbai,1370,1,2,17.77,Semi
IN15371,Kolkata,1118,1,2,16.38,Semi
IN15372,Hyderabad,1326,1,2,17.53,Semi
IN15373,Delhi,922,3,2,15,Unfurnished
IN15374,Chennai,528,3,1,15,Semi
IN15375,Bangalore,843,2,2,15,Unfurnished
IN15376,Kolkata,1191,3,3,15,Furnished
IN15377,Hyderabad,1697,2,2,32.24,Furnished
IN15378,Mumbai,777,3,2,15,Semi
IN15379,Kolkata,1799,2,2,15,Unfurnished
IN15380,Kolkata,1450,2,2,16.9,Unfurnished
IN15381,Delhi,1084,3,3,17.92,Unfurnished
IN15382,Bangalore,541,3,2,15,Unfurnished
IN15383,Mumbai,300,2,2,15,Semi
IN15384,Delhi,1053,2,2,18.73,Furnished
IN15385,Hyderabad,1043,3,2,17.77,Furnished
IN15386,Chennai,1575,4,2,15,Semi
IN15387,Chennai,1642,1,3,22.14,Semi
IN15388,Hyderabad,1592,3,2,29.05,Semi
IN15389,Kolkata,300,2,1,15,Unfurnished
IN15390,Kolkata,1562,3,2,25.1,Unfurnished
IN15391,Kolkata,1203,2,1,23.07,Unfurnished
IN15392,Kolkata,487,4,3,15,Semi
IN15393,Delhi,796,2,2,15,Furnished
IN15394,Mumbai,1345,2,2,15,Semi
IN15395,Mumbai,844,4,2,15,Unfurnished
IN15396,Hyderabad,1626,2,3,24.6,Unfurnished
IN15397,Kolkata,1173,2,3,16.98,Furnished
IN15398,Bangalore,1258,3,1,15,Semi
IN15399,Mumbai,700,2,1,15,Furnished
IN15400,Chennai,1292,1,1,17.3,Unfurnished
IN15401,Chennai,827,1,2,15,Unfurnished
IN15402,Bangalore,1206,3,2,15,Semi
IN15403,Mumbai,1850,2,2,17.0,Semi
IN15404,Delhi,1760,3,2,27.84,Unfurnished
IN15405,Kolkata,442,3,2,15,Semi
IN15406,Hyderabad,300,2,3,15,Unfurnished
IN15407,Mumbai,300,2,3,15,Unfurnished
IN15408,Kolkata,1741,3,2,15.12,Semi
IN15409,Kolkata,300,4,2,15,Furnished
IN15410,Kolkata,860,4,3,15,Furnished
IN15411,Hyderabad,938,3,3,15,Furnished
IN15412,Mumbai,1241,1,3,29.75,Furnished
IN15413,Bangalore,949,3,2,15,Unfurnished
IN15414,Mumbai,1221,3,3,15,Furnished
IN15415,Mumbai,590,3,1,15,Semi
IN15416,Kolkata,1040,2,2,15,Semi
IN15417,Chennai,1571,3,3,15,Semi
IN15418,Bangalore,1113,3,3,19.33,Unfurnished
IN15419,Bangalore,1240,3,2,26.82,Semi
IN15420,Chennai,1475,2,3,15,Furnished
IN15421,Kolkata,610,4,3,15,Semi
IN15422,Hyderabad,1865,4,2,26.02,Furnished
IN15423,Kolkata,1132,1,3,19.96,Furnished
IN15424,Mumbai,634,4,3,15,Unfurnished
IN15425,Chennai,590,3,1,15,Unfurnished
IN15426,Mumbai,1727,4,1,28.83,Semi
IN15427,Chennai,2134,1,1,24.85,Unfurnished
IN15428,Delhi,433,3,2,15,Semi
IN15429,Delhi,300,1,2,15,Furnished
IN15430,Mumbai,1054,4,3,15,Unfurnished
IN15431,Bangalore,300,3,2,15,Unfurnished
IN15432,Delhi,1380,4,2,20.61,Unfurnished
IN15433,Kolkata,410,2,1,15,Unfurnished
IN15434,Kolkata,1152,2,2,17.96,Furnished
IN15435,Mumbai,695,2,2,15,Furnished
IN15436,Mumbai,1073,2,2,15,Furnished
IN15437,Mumbai,594,2,1,15,Unfurnished
IN15438,Delhi,960,2,2,15,Furnished
IN15439,Hyderabad,1791,4,2,25.34,Semi
IN15440,Hyderabad,300,1,1,15,Semi
IN15441,Chennai,818,1,2,15,Semi
IN15442,Kolkata,1341,3,2,15,Unfurnished
IN15443,Delhi,1398,1,1,15,Unfurnished
IN15444,Mumbai,1607,2,2,19.54,Unfurnished
IN15445,Hyderabad,1124,2,2,16.38,Unfurnished
IN15446,Mumbai,1602,2,2,22.16,Unfurnished
IN15447,Hyderabad,1157,2,1,15,Furnished
IN15448,Chennai,1249,1,1,18.12,Unfurnished
IN15449,Hyderabad,1382,4,1,30.99,Furnished
IN15450,Chennai,1075,3,2,18.8,Unfurnished
IN15451,Chennai,2350,3,2,29.89,Furnished
IN15452,Delhi,981,4,3,15,Semi
IN15453,Kolkata,1247,4,3,15.51,Semi
IN15454,Hyderabad,990,3,2,17.46,Semi
IN15455,Hyderabad,1022,4,2,15,Semi
IN15456,Hyderabad,1140,4,2,15,Unfurnished
IN15457,Bangalore,681,2,2,15,Furnished
IN15458,Kolkata,544,2,2,15,Unfurnished
IN15459,Bangalore,1619,3,3,21.97,Semi
IN15460,Mumbai,1266,3,2,15,Semi
IN15461,Hyderabad,926,3,2,15.87,Semi
IN15462,Chennai,1256,3,2,15.77,Furnished
IN15463,Delhi,1443,2,3,30.09,Semi
IN15464,Hyderabad,607,3,1,15,Semi
IN15465,Bangalore,1526,2,1,22.35,Furnished
IN15466,Mumbai,1699,2,3,15,Semi
IN15467,Bangalore,420,3,1,15,Semi
IN15468,Bangalore,1656,1,3,27.28,Furnished
IN15469,Mumbai,1419,3,3,16.32,Unfurnished
IN15470,Chennai,407,1,2,15,Furnished
IN15471,Mumbai,1082,2,1,19.3,Unfurnished
IN15472,Chennai,901,2,1,15,Unfurnished
IN15473,Hyderabad,1132,4,2,15,Furnished
IN15474,Chennai,1183,2,3,18.56,Furnished
IN15475,Delhi,753,4,1,15,Semi
IN15476,Bangalore,1145,3,2,15,Unfurnished
IN15477,Chennai,300,1,3,15,Semi
IN15478,Mumbai,699,3,2,15,Unfurnished
IN15479,Mumbai,1188,2,3,15,Furnished
IN15480,Bangalore,1590,3,3,27.68,Unfurnished
IN15481,Hyderabad,643,1,2,15,Unfurnished
IN15482,Kolkata,1695,1,3,15,Semi
IN15483,Kolkata,1484,3,3,21.82,Furnished
IN15484,Hyderabad,1129,4,2,15,Semi
IN15485,Kolkata,2315,3,2,15,Semi
IN15486,Chennai,1223,1,2,15,Unfurnished
IN15487,Delhi,1353,3,1,15.39,Unfurnished
IN15488,Bangalore,1688,2,1,15,Semi
IN15489,Bangalore,300,3,3,15,Furnished
IN15490,Hyderabad,1114,4,1,16.18,Semi
IN15491,Chennai,1056,4,2,21.85,Semi
IN15492,Kolkata,650,2,2,15,Furnished
IN15493,Bangalore,531,1,2,15,Furnished
IN15494,Delhi,1036,3,3,17.15,Unfurnished
IN15495,Bangalore,1174,2,3,15,Semi
IN15496,Bangalore,889,2,1,15,Semi
IN15497,Kolkata,1084,2,3,15,Semi
IN15498,Hyderabad,1394,2,1,15,Furnished
IN15499,Bangalore,1011,4,1,15,Semi
IN15500,Mumbai,2104,4,2,18.4,Unfurnished
IN15501,Mumbai,568,3,3,15,Semi
IN15502,Delhi,898,2,1,15,Furnished
IN15503,Kolkata,1238,3,2,17.61,Semi
IN15504,Hyderabad,1518,1,2,21.06,Unfurnished
IN15505,Kolkata,765,4,1,15,Semi
IN15506,Chennai,1335,4,2,20.79,Semi
IN15507,Kolkata,577,3,2,15,Furnished
IN15508,Kolkata,1376,2,1,16.32,Furnished
IN15509,Hyderabad,888,1,2,15,Unfurnished
IN15510,Bangalore,1180,4,3,15,Unfurnished
IN15511,Bangalore,889,1,3,15,Furnished
IN15512,Hyderabad,840,2,2,15,Semi
IN15513,Bangalore,772,4,2,15,Semi
IN15514,Chennai,1428,2,3,15,Furnished
IN15515,Chennai,1608,3,3,15,Unfurnished
IN15516,Mumbai,773,3,2,15,Furnished
IN15517,Delhi,1153,3,1,15,Furnished
IN15518,Mumbai,1375,1,2,17.97,Unfurnished
IN15519,Bangalore,1187,3,2,15,Semi
IN15520,Kolkata,902,3,1,15,Furnished
IN15521,Mumbai,300,1,1,15,Furnished
IN15522,Mumbai,731,3,2,15,Furnished
IN15523,Delhi,1762,4,2,26.03,Furnished
IN15524,Hyderabad,1612,3,3,15.4,Unfurnished
IN15525,Hyderabad,821,3,1,15,Unfurnished
IN15526,Hyderabad,491,3,3,15,Unfurnished
IN15527,Delhi,1940,1,1,21.48,Furnished
IN15528,Chennai,1385,2,3,18.47,Furnished
IN15529,Delhi,1567,1,2,23.43,Unfurnished
IN15530,Hyderabad,1728,3,2,15,Unfurnished
IN15531,Bangalore,1680,2,1,18.53,Semi
IN15532,Chennai,2298,2,2,33.75,Semi
IN15533,Mumbai,914,4,3,15,Semi
IN15534,Kolkata,1102,2,2,16.03,Furnished
IN15535,Bangalore,1409,2,2,22.02,Furnished
IN15536,Delhi,1046,3,1,15,Furnished
IN15537,Delhi,1135,3,2,17.45,Unfurnished
IN15538,Kolkata,827,1,2,19.3,Unfurnished
IN15539,Kolkata,806,2,3,15,Unfurnished
IN15540,Chennai,739,1,3,15,Unfurnished
IN15541,Chennai,1611,2,2,21.12,Unfurnished
IN15542,Bangalore,2061,1,2,30.88,Furnished
IN15543,Bangalore,1366,3,3,15,Semi
IN15544,Mumbai,742,1,1,15,Unfurnished
IN15545,Mumbai,786,3,2,15,Semi
IN15546,Hyderabad,448,2,2,15,Unfurnished
IN15547,Bangalore,924,3,2,15,Semi
IN15548,Chennai,625,2,2,15,Furnished
IN15549,Hyderabad,1805,4,2,19.89,Semi
IN15550,Mumbai,801,2,2,15,Unfurnished
IN15551,Hyderabad,1399,2,2,19.58,Unfurnished
IN15552,Delhi,1102,3,2,15,Unfurnished
IN15553,Hyderabad,1333,1,2,24.09,Unfurnished
IN15554,Mumbai,950,2,3,15,Unfurnished
IN15555,Kolkata,1293,2,2,15,Semi
IN15556,Bangalore,1508,3,3,22.89,Furnished
IN15557,Bangalore,1086,4,2,15,Furnished
IN15558,Chennai,1548,2,3,17.51,Semi
IN15559,Delhi,1255,2,2,18.25,Unfurnished
IN15560,Hyderabad,1056,3,3,15,Furnished
IN15561,Kolkata,1225,4,2,20.35,Semi
IN15562,Chennai,1531,3,2,21.93,Unfurnished
IN15563,Kolkata,949,2,2,15,Semi
IN15564,Mumbai,1634,3,2,15,Semi
IN15565,Bangalore,2197,2,1,27.75,Semi
IN15566,Delhi,649,1,1,15,Unfurnished
IN15567,Delhi,1471,1,2,15,Unfurnished
IN15568,Kolkata,863,3,2,15,Furnished
IN15569,Delhi,1277,2,3,15,Furnished
IN15570,Kolkata,1102,1,2,16.75,Semi
IN15571,Kolkata,1284,2,1,18.16,Semi
IN15572,Mumbai,1474,3,2,16.93,Furnished
IN15573,Kolkata,1159,1,1,15,Semi
IN15574,Chennai,711,3,2,15,Unfurnished
IN15575,Hyderabad,395,3,2,15,Semi
IN15576,Bangalore,1026,4,1,19.32,Semi
IN15577,Bangalore,1519,1,2,17.38,Unfurnished
IN15578,Delhi,910,3,3,15,Unfurnished
IN15579,Kolkata,600,2,2,15,Unfurnished
IN15580,Chennai,1065,1,2,15,Semi
IN15581,Bangalore,963,1,3,18.91,Unfurnished
IN15582,Kolkata,965,2,2,15,Unfurnished
IN15583,Mumbai,1133,2,3,23.83,Furnished
IN15584,Hyderabad,875,1,1,15,Unfurnished
IN15585,Kolkata,1133,3,1,15,Unfurnished
IN15586,Delhi,857,2,1,15,Unfurnished
IN15587,Bangalore,1440,2,1,15,Furnished
IN15588,Delhi,1090,3,2,15,Furnished
IN15589,Bangalore,1205,2,1,15,Unfurnished
IN15590,Chennai,1470,3,3,15,Unfurnished
IN15591,Bangalore,1550,3,3,19.32,Unfurnished
IN15592,Mumbai,410,4,2,15,Semi
IN15593,Hyderabad,1259,4,3,15,Semi
IN15594,Mumbai,1219,4,1,15,Semi
IN15595,Delhi,1532,2,2,24.29,Semi
IN15596,Delhi,1515,3,1,26.64,Semi
IN15597,Chennai,890,3,3,15,Semi
IN15598,Delhi,1001,2,1,15,Semi
IN15599,Kolkata,1250,3,2,15,Unfurnished
IN15600,Chennai,1627,1,3,17.73,Unfurnished
IN15601,Bangalore,1176,2,3,16.51,Semi
IN15602,Bangalore,1827,3,3,19.82,Unfurnished
IN15603,Kolkata,1291,1,3,15,Furnished
IN15604,Chennai,755,4,1,15,Unfurnished
IN15605,Delhi,1062,3,3,15,Semi
IN15606,Mumbai,802,3,3,15,Semi
IN15607,Kolkata,1955,3,1,15,Semi
IN15608,Delhi,1009,1,1,15,Furnished
IN15609,Hyderabad,1319,1,2,19.64,Semi
IN15610,Mumbai,588,1,3,15,Furnished
IN15611,Mumbai,300,2,1,15,Semi
IN15612,Bangalore,527,3,2,15,Semi
IN15613,Kolkata,1060,2,1,15,Semi
IN15614,Delhi,2054,3,2,34.52,Furnished
IN15615,Hyderabad,1368,1,2,15.54,Semi
IN15616,Delhi,714,3,3,15,Unfurnished
IN15617,Bangalore,1396,1,2,15,Semi
IN15618,Delhi,1395,1,3,16.0,Semi
IN15619,Hyderabad,300,2,3,15,Unfurnished
IN15620,Bangalore,1007,3,2,15,Furnished
IN15621,Delhi,1242,1,2,15,Unfurnished
IN15622,Hyderabad,1582,3,2,15,Semi
IN15623,Mumbai,1182,1,1,16.18,Semi
IN15624,Bangalore,1205,4,1,19.71,Unfurnished
IN15625,Delhi,1248,3,2,17.49,Semi
IN15626,Kolkata,611,1,2,15,Semi
IN15627,Kolkata,1313,3,1,15,Unfurnished
IN15628,Delhi,1112,1,3,17.38,Unfurnished
IN15629,Chennai,1760,1,1,18.44,Semi
IN15630,Kolkata,1317,3,3,15,Furnished
IN15631,Chennai,1884,3,2,18.8,Semi
IN15632,Delhi,1334,3,3,20.76,Semi
IN15633,Hyderabad,1380,2,2,15,Furnished
IN15634,Mumbai,1210,3,2,15,Semi
IN15635,Hyderabad,894,2,2,15,Semi
IN15636,Mumbai,1281,3,2,18.1,Furnished
IN15637,Delhi,413,3,3,15,Furnished
IN15638,Kolkata,1302,1,3,19.05,Furnished
IN15639,Mumbai,992,3,1,15.42,Semi
IN15640,Hyderabad,430,3,2,15,Unfurnished
IN15641,Chennai,305,4,2,15,Furnished
IN15642,Hyderabad,1062,4,2,15,Furnished
IN15643,Chennai,990,1,2,15,Unfurnished
IN15644,Kolkata,1060,2,2,15,Semi
IN15645,Mumbai,882,2,2,16.72,Unfurnished
IN15646,Kolkata,872,3,2,15,Unfurnished
IN15647,Kolkata,644,4,2,15,Unfurnished
IN15648,Chennai,1510,3,2,16.87,Unfurnished
IN15649,Chennai,1318,1,2,15,Unfurnished
IN15650,Kolkata,1060,2,1,15,Unfurnished
IN15651,Mumbai,2098,2,2,15,Semi
IN15652,Mumbai,743,3,1,15,Furnished
IN15653,Chennai,1211,3,2,15,Unfurnished
IN15654,Chennai,1339,4,3,15,Furnished
IN15655,Hyderabad,1893,1,3,24.69,Semi
IN15656,Chennai,1263,3,3,17.41,Unfurnished
IN15657,Delhi,1205,1,1,15,Semi
IN15658,Kolkata,1343,2,1,15,Semi
IN15659,Mumbai,1347,2,2,15,Unfurnished
IN15660,Hyderabad,719,4,3,15,Furnished
IN15661,Delhi,862,4,2,15,Semi
IN15662,Bangalore,993,1,1,15,Unfurnished
IN15663,Hyderabad,1424,2,2,21.79,Furnished
IN15664,Mumbai,1148,3,2,16.18,Semi
IN15665,Mumbai,1949,3,1,15,Unfurnished
IN15666,Kolkata,1450,3,1,15,Furnished
IN15667,Hyderabad,1407,1,1,20.87,Semi
IN15668,Chennai,970,3,1,15,Unfurnished
IN15669,Delhi,932,1,3,19.08,Semi
IN15670,Hyderabad,300,4,3,15,Unfurnished
IN15671,Kolkata,406,2,2,15,Unfurnished
IN15672,Kolkata,1318,2,2,15,Furnished
IN15673,Delhi,698,2,2,15,Furnished
IN15674,Delhi,2458,3,2,26.93,Unfurnished
IN15675,Delhi,1412,2,1,22.01,Unfurnished
IN15676,Kolkata,1521,1,1,15.35,Unfurnished
IN15677,Hyderabad,1849,3,2,22.43,Unfurnished
IN15678,Chennai,1200,2,3,15,Unfurnished
IN15679,Hyderabad,876,4,2,15,Semi
IN15680,Chennai,659,3,3,15,Unfurnished
IN15681,Delhi,831,1,3,15,Semi
IN15682,Bangalore,614,4,2,15,Semi
IN15683,Hyderabad,819,1,2,15,Furnished
IN15684,Mumbai,963,1,3,15,Semi
IN15685,Bangalore,696,3,2,15,Furnished
IN15686,Kolkata,889,2,2,15,Furnished
IN15687,Bangalore,1259,2,2,20.29,Unfurnished
IN15688,Chennai,682,3,2,15,Unfurnished
IN15689,Bangalore,927,4,1,15,Semi
IN15690,Bangalore,964,3,3,15,Unfurnished
IN15691,Hyderabad,1536,2,1,20.37,Furnished
IN15692,Delhi,692,2,2,15,Furnished
IN15693,Hyderabad,1175,2,2,16.27,Unfurnished
IN15694,Hyderabad,1580,2,1,27.61,Furnished
IN15695,Mumbai,1098,4,1,15,Furnished
IN15696,Kolkata,1120,4,2,15,Semi
IN15697,Mumbai,300,2,3,15,Unfurnished
IN15698,Mumbai,300,4,1,15,Semi
IN15699,Delhi,1128,2,2,15,Furnished
IN15700,Chennai,2041,3,2,36.78,Semi
IN15701,Mumbai,558,3,3,15,Semi
IN15702,Kolkata,1747,4,2,19.04,Semi
IN15703,Hyderabad,300,2,2,15,Furnished
IN15704,Mumbai,1519,3,1,23.75,Unfurnished
IN15705,Kolkata,846,3,2,15,Furnished
IN15706,Mumbai,688,4,3,15,Semi
IN15707,Delhi,2026,2,3,15,Semi
IN15708,Delhi,1433,2,2,15,Unfurnished
IN15709,Hyderabad,1160,4,3,16.96,Furnished
IN15710,Delhi,377,4,3,15,Furnished
IN15711,Chennai,1124,3,3,15,Semi
IN15712,Delhi,895,2,3,15,Semi
IN15713,Hyderabad,963,2,3,15.51,Unfurnished
IN15714,Delhi,1017,2,1,15,Semi
IN15715,Chennai,1411,3,2,15,Furnished
IN15716,Mumbai,872,2,1,15,Semi
IN15717,Kolkata,1073,1,1,15,Unfurnished
IN15718,Hyderabad,704,1,3,15,Furnished
IN15719,Chennai,1095,1,2,15.77,Semi
IN15720,Mumbai,1054,2,2,16.84,Unfurnished
IN15721,Mumbai,1040,3,2,15,Unfurnished
IN15722,Hyderabad,861,2,1,15,Unfurnished
IN15723,Bangalore,1532,3,1,26.64,Semi
IN15724,Mumbai,1980,1,2,33.12,Unfurnished
IN15725,Mumbai,504,2,1,15,Furnished
IN15726,Bangalore,1304,4,3,15,Unfurnished
IN15727,Delhi,994,1,3,15,Semi
IN15728,Mumbai,873,4,3,15,Unfurnished
IN15729,Mumbai,1590,3,3,18.47,Semi
IN15730,Kolkata,998,3,2,15,Unfurnished
IN15731,Mumbai,1011,1,3,15,Semi
IN15732,Mumbai,1462,2,1,18.34,Semi
IN15733,Mumbai,1211,1,2,16.18,Semi
IN15734,Kolkata,1094,4,3,15,Semi
IN15735,Kolkata,1845,1,3,31.95,Semi
IN15736,Bangalore,1172,2,3,15,Unfurnished
IN15737,Delhi,1202,3,2,15,Unfurnished
IN15738,Delhi,1518,1,2,25.2,Furnished
IN15739,Mumbai,1721,2,2,16.39,Semi
IN15740,Chennai,574,2,3,15,Semi
IN15741,Delhi,1200,2,1,20.06,Semi
IN15742,Delhi,1043,4,2,15,Furnished
IN15743,Mumbai,2143,2,3,23.35,Semi
IN15744,Kolkata,1069,2,3,15,Furnished
IN15745,Hyderabad,300,2,2,15,Unfurnished
IN15746,Mumbai,1011,2,3,15,Unfurnished
IN15747,Kolkata,1999,2,1,22.51,Unfurnished
IN15748,Hyderabad,1173,2,2,15.62,Furnished
IN15749,Delhi,1218,3,3,15.43,Semi
IN15750,Bangalore,1716,2,2,29.74,Furnished
IN15751,Kolkata,1615,2,3,15,Unfurnished
IN15752,Hyderabad,1568,4,3,28.73,Unfurnished
IN15753,Mumbai,856,2,3,15,Furnished
IN15754,Chennai,1721,2,2,25.93,Furnished
IN15755,Delhi,1570,2,2,19.25,Unfurnished
IN15756,Mumbai,1532,3,3,22.64,Furnished
IN15757,Delhi,1233,4,2,15,Semi
IN15758,Delhi,1141,3,2,15,Semi
IN15759,Delhi,1470,2,3,17.05,Semi
IN15760,Hyderabad,702,3,2,15,Furnished
IN15761,Hyderabad,1444,3,1,21.48,Unfurnished
IN15762,Bangalore,450,3,1,15,Furnished
IN15763,Chennai,1393,4,2,23.88,Unfurnished
IN15764,Mumbai,1688,3,3,24.21,Furnished
IN15765,Chennai,1327,3,3,15,Furnished
IN15766,Chennai,478,4,3,15,Unfurnished
IN15767,Chennai,560,3,2,15,Unfurnished
IN15768,Chennai,843,2,3,15,Furnished
IN15769,Hyderabad,494,3,1,15,Semi
IN15770,Kolkata,876,3,2,15,Unfurnished
IN15771,Delhi,1094,2,3,15.01,Semi
IN15772,Chennai,1836,3,2,28.05,Furnished
IN15773,Delhi,300,3,1,15,Furnished
IN15774,Kolkata,1157,3,2,15,Unfurnished
IN15775,Kolkata,700,1,2,15,Furnished
IN15776,Delhi,1536,4,1,20.94,Unfurnished
IN15777,Bangalore,1204,2,1,23.5,Furnished
IN15778,Delhi,1474,4,2,17.49,Furnished
IN15779,Bangalore,1126,3,2,15,Furnished
IN15780,Hyderabad,339,3,1,15,Unfurnished
IN15781,Bangalore,1435,2,3,25.19,Unfurnished
IN15782,Chennai,997,4,2,17.26,Semi
IN15783,Mumbai,1210,3,1,15,Semi
IN15784,Kolkata,733,2,1,15,Semi
IN15785,Hyderabad,960,1,1,15,Furnished
IN15786,Chennai,1001,2,2,15,Furnished
IN15787,Chennai,1759,1,1,25.48,Unfurnished
IN15788,Delhi,1574,4,1,24.62,Furnished
IN15789,Mumbai,794,2,2,15,Unfurnished
IN15790,Bangalore,1564,2,2,24.7,Semi
IN15791,Kolkata,648,3,3,15,Unfurnished
IN15792,Bangalore,300,2,3,15,Unfurnished
IN15793,Bangalore,1847,4,2,30.28,Semi
IN15794,Hyderabad,300,1,2,15,Furnished
IN15795,Delhi,1324,3,3,17.83,Unfurnished
IN15796,Bangalore,1479,4,3,15,Unfurnished
IN15797,Delhi,1493,2,1,20.0,Semi
IN15798,Mumbai,1989,3,3,27.48,Semi
IN15799,Chennai,733,3,2,15,Furnished
IN15800,Kolkata,1498,3,3,23.05,Semi
IN15801,Delhi,1226,2,2,15,Semi
IN15802,Kolkata,971,3,2,15.08,Furnished
IN15803,Mumbai,765,3,2,15,Furnished
IN15804,Hyderabad,775,1,1,15,Semi
IN15805,Mumbai,444,2,3,15,Semi
IN15806,Mumbai,1115,3,1,15.57,Semi
IN15807,Chennai,615,3,2,15,Semi
IN15808,Bangalore,655,3,2,15,Furnished
IN15809,Hyderabad,1601,2,3,15,Unfurnished
IN15810,Kolkata,1213,2,2,17.23,Furnished
IN15811,Hyderabad,1260,1,3,17.82,Furnished
IN15812,Hyderabad,1328,2,2,22.21,Semi
IN15813,Delhi,1677,4,3,25.53,Unfurnished
IN15814,Kolkata,300,1,2,15,Furnished
IN15815,Mumbai,1686,2,2,15.44,Semi
IN15816,Bangalore,985,3,2,15,Unfurnished
IN15817,Kolkata,1338,3,2,17.19,Unfurnished
IN15818,Delhi,1923,2,2,15,Furnished
IN15819,Delhi,1199,2,3,18.64,Furnished
IN15820,Kolkata,1482,3,3,15.61,Furnished
IN15821,Hyderabad,690,3,1,15,Unfurnished
IN15822,Mumbai,1106,2,3,15,Furnished
IN15823,Chennai,1451,1,2,26.57,Unfurnished
IN15824,Hyderabad,1265,3,2,15,Unfurnished
IN15825,Bangalore,1649,3,2,20.26,Unfurnished
IN15826,Mumbai,1411,2,2,15,Semi
IN15827,Delhi,1221,3,1,18.21,Unfurnished
IN15828,Kolkata,656,2,3,15,Semi
IN15829,Hyderabad,962,4,2,15,Unfurnished
IN15830,Bangalore,1323,2,2,15,Unfurnished
IN15831,Mumbai,617,3,2,15,Semi
IN15832,Delhi,1070,2,2,18.04,Semi
IN15833,Chennai,388,3,2,15,Semi
IN15834,Bangalore,1202,2,3,21.62,Furnished
IN15835,Delhi,1513,2,2,20.47,Furnished
IN15836,Chennai,1001,3,2,15,Unfurnished
IN15837,Bangalore,1325,1,2,15,Furnished
IN15838,Chennai,1011,2,2,15,Unfurnished
IN15839,Bangalore,1251,3,3,25.09,Semi
IN15840,Hyderabad,813,3,1,15,Furnished
IN15841,Mumbai,1470,4,1,15,Unfurnished
IN15842,Mumbai,951,2,3,15,Semi
IN15843,Hyderabad,1216,3,2,16.11,Unfurnished
IN15844,Kolkata,1558,1,1,23.81,Unfurnished
IN15845,Hyderabad,1125,3,3,15,Furnished
IN15846,Mumbai,2065,3,2,17.25,Furnished
IN15847,Delhi,1351,2,2,15.03,Semi
IN15848,Delhi,1600,1,2,16.7,Furnished
IN15849,Chennai,1533,3,1,22.98,Semi
IN15850,Bangalore,1229,2,1,15,Unfurnished
IN15851,Hyderabad,1467,1,1,15,Unfurnished
IN15852,Mumbai,1016,2,2,15,Semi
IN15853,Mumbai,1028,3,3,15,Semi
IN15854,Mumbai,1383,1,2,15,Semi
IN15855,Hyderabad,420,4,2,15,Semi
IN15856,Delhi,1372,2,2,22.18,Furnished
IN15857,Mumbai,300,2,2,15,Furnished
IN15858,Hyderabad,1175,2,3,15,Semi
IN15859,Chennai,382,4,2,15,Unfurnished
IN15860,Chennai,703,1,3,15,Unfurnished
IN15861,Chennai,1528,3,1,22.98,Unfurnished
IN15862,Hyderabad,845,4,1,15,Semi
IN15863,Chennai,1541,3,1,22.18,Semi
IN15864,Bangalore,892,4,2,17.44,Semi
IN15865,Mumbai,611,1,3,15,Semi
IN15866,Kolkata,733,3,2,15,Furnished
IN15867,Mumbai,1687,2,2,19.92,Unfurnished
IN15868,Hyderabad,1205,1,2,15,Furnished
IN15869,Chennai,913,3,1,15,Semi
IN15870,Bangalore,1934,1,1,21.5,Unfurnished
IN15871,Kolkata,788,4,1,15,Unfurnished
IN15872,Hyderabad,1194,2,3,15,Unfurnished
IN15873,Kolkata,1193,2,1,25.06,Semi
IN15874,Chennai,961,4,2,15,Unfurnished
IN15875,Mumbai,1563,4,2,18.69,Unfurnished
IN15876,Kolkata,1987,2,2,15,Semi
IN15877,Hyderabad,875,2,1,15,Unfurnished
IN15878,Kolkata,1424,3,2,17.95,Semi
IN15879,Bangalore,1423,2,2,18.52,Unfurnished
IN15880,Bangalore,1308,2,1,16.4,Semi
IN15881,Delhi,1039,2,2,18.94,Semi
IN15882,Delhi,2058,2,2,18.45,Unfurnished
IN15883,Bangalore,637,2,2,15,Semi
IN15884,Chennai,1903,3,2,32.34,Furnished
IN15885,Mumbai,976,2,1,15,Unfurnished
IN15886,Hyderabad,1463,2,2,20.38,Semi
IN15887,Chennai,1265,2,2,16.82,Furnished
IN15888,Delhi,1538,1,1,15,Semi
IN15889,Hyderabad,1112,2,1,15,Furnished
IN15890,Kolkata,1188,3,3,18.02,Furnished
IN15891,Bangalore,901,1,2,15,Unfurnished
IN15892,Chennai,2146,4,2,36.5,Furnished
IN15893,Mumbai,1018,4,2,15,Semi
IN15894,Mumbai,1425,3,1,15,Furnished
IN15895,Bangalore,1029,1,2,17.54,Furnished
IN15896,Hyderabad,1175,1,2,15,Unfurnished
IN15897,Delhi,426,2,3,15,Semi
IN15898,Chennai,651,3,1,15,Semi
IN15899,Bangalore,1847,2,2,22.77,Semi
IN15900,Mumbai,1571,1,2,15.05,Unfurnished
IN15901,Chennai,977,4,2,15.11,Semi
IN15902,Hyderabad,617,3,2,15,Unfurnished
IN15903,Delhi,1117,3,1,18.78,Furnished
IN15904,Mumbai,1241,2,3,21.94,Semi
IN15905,Delhi,1312,3,2,22.62,Semi
IN15906,Bangalore,1483,3,2,27.36,Semi
IN15907,Mumbai,651,3,3,15,Unfurnished
IN15908,Chennai,1360,3,2,24.81,Unfurnished
IN15909,Hyderabad,964,3,2,15,Unfurnished
IN15910,Bangalore,300,2,3,15,Unfurnished
IN15911,Chennai,817,1,1,15,Furnished
IN15912,Bangalore,1111,3,2,20.36,Semi
IN15913,Hyderabad,2228,3,3,19.21,Unfurnished
IN15914,Bangalore,1936,2,1,24.86,Unfurnished
IN15915,Delhi,1171,3,3,18.54,Unfurnished
IN15916,Hyderabad,1825,3,2,31.99,Unfurnished
IN15917,Chennai,1750,4,2,15.23,Unfurnished
IN15918,Mumbai,1219,2,2,21.35,Furnished
IN15919,Bangalore,2073,3,2,19.24,Furnished
IN15920,Kolkata,828,1,2,15,Unfurnished
IN15921,Hyderabad,300,1,3,15,Unfurnished
IN15922,Bangalore,1632,2,2,15,Furnished
IN15923,Hyderabad,1072,3,2,15,Furnished
IN15924,Bangalore,1574,2,3,26.67,Unfurnished
IN15925,Chennai,1435,1,1,15,Furnished
IN15926,Bangalore,1287,3,2,18.74,Semi
IN15927,Delhi,1161,3,2,15,Unfurnished
IN15928,Hyderabad,314,2,1,15,Unfurnished
IN15929,Kolkata,1551,1,2,15,Furnished
IN15930,Kolkata,1379,2,3,15,Unfurnished
IN15931,Chennai,985,2,1,16.66,Unfurnished
IN15932,Bangalore,772,4,3,15,Semi
IN15933,Chennai,634,2,3,15,Unfurnished
IN15934,Chennai,1093,2,3,18.8,Unfurnished
IN15935,Hyderabad,905,1,3,15,Semi
IN15936,Chennai,1419,4,2,15,Unfurnished
IN15937,Mumbai,1642,1,2,15,Furnished
IN15938,Chennai,300,3,2,15,Furnished
IN15939,Hyderabad,546,2,2,15,Unfurnished
IN15940,Mumbai,1270,2,2,19.02,Furnished
IN15941,Delhi,1050,4,2,15,Furnished
IN15942,Chennai,511,3,2,15,Semi
IN15943,Hyderabad,422,3,2,15,Unfurnished
IN15944,Delhi,1814,3,2,19.29,Furnished
IN15945,Mumbai,2115,3,2,22.78,Semi
IN15946,Chennai,2144,3,3,34.19,Furnished
IN15947,Delhi,1901,4,2,18.54,Unfurnished
IN15948,Bangalore,1266,3,2,15,Semi
IN15949,Delhi,300,1,2,15,Unfurnished
IN15950,Delhi,300,4,3,15,Unfurnished
IN15951,Chennai,323,1,2,15,Furnished
IN15952,Bangalore,468,2,1,15,Furnished
IN15953,Chennai,300,3,2,15,Furnished
IN15954,Chennai,1305,4,1,15,Unfurnished
IN15955,Hyderabad,880,3,3,15,Semi
IN15956,Mumbai,1607,4,2,15,Semi
IN15957,Delhi,1175,3,3,15,Unfurnished
IN15958,Mumbai,1737,2,1,16.71,Unfurnished
IN15959,Mumbai,813,2,2,15,Furnished
IN15960,Kolkata,865,4,2,15.17,Furnished
IN15961,Delhi,1315,2,1,15,Semi
IN15962,Chennai,300,1,3,15,Furnished
IN15963,Delhi,1469,4,2,22.86,Furnished
IN15964,Bangalore,1426,3,3,15,Unfurnished
IN15965,Hyderabad,799,4,3,15,Unfurnished
IN15966,Delhi,1072,2,2,17.9,Unfurnished
IN15967,Chennai,1073,3,2,17.97,Unfurnished
IN15968,Kolkata,2033,2,3,24.2,Furnished
IN15969,Chennai,1173,4,1,15,Furnished
IN15970,Mumbai,1379,1,2,15.79,Semi
IN15971,Mumbai,545,3,3,15,Semi
IN15972,Mumbai,1144,4,2,15,Furnished
IN15973,Bangalore,968,2,1,15,Furnished
IN15974,Bangalore,1348,2,2,27.3,Furnished
IN15975,Mumbai,385,2,3,15,Furnished
IN15976,Chennai,995,2,2,15,Unfurnished
IN15977,Mumbai,1424,2,2,15.15,Furnished
IN15978,Mumbai,610,4,2,15,Semi
IN15979,Chennai,722,1,1,15,Furnished
IN15980,Delhi,959,1,2,15,Unfurnished
IN15981,Mumbai,1728,2,1,23.66,Semi
IN15982,Bangalore,2150,4,2,31.87,Semi
IN15983,Delhi,984,3,3,15,Unfurnished
IN15984,Bangalore,1583,1,2,20.27,Semi
IN15985,Bangalore,1147,4,2,15,Unfurnished
IN15986,Delhi,1985,3,2,20.43,Unfurnished
IN15987,Delhi,668,3,1,15,Unfurnished
IN15988,Kolkata,1360,2,2,15,Semi
IN15989,Delhi,675,1,2,15,Unfurnished
IN15990,Hyderabad,458,4,2,15,Semi
IN15991,Bangalore,837,1,3,15,Furnished
IN15992,Hyderabad,1551,3,2,17.11,Semi
IN15993,Bangalore,663,3,2,15,Semi
IN15994,Hyderabad,704,3,3,15,Unfurnished
IN15995,Kolkata,1709,1,1,17.53,Unfurnished
IN15996,Bangalore,300,2,2,15,Unfurnished
IN15997,Mumbai,910,1,2,15,Furnished
IN15998,Bangalore,1919,4,2,30.72,Semi
IN15999,Hyderabad,1466,2,3,23.94,Furnished
IN16000,Hyderabad,876,2,3,18.08,Furnished
IN16001,Hyderabad,728,2,2,15,Furnished
IN16002,Hyderabad,300,4,2,15,Semi
IN16003,Chennai,1181,4,2,16.35,Unfurnished
IN16004,Bangalore,1535,1,2,15,Unfurnished
IN16005,Bangalore,1125,2,2,15,Furnished
IN16006,Bangalore,458,3,2,15,Unfurnished
IN16007,Chennai,1103,2,2,15,Furnished
IN16008,Mumbai,300,4,1,15,Furnished
IN16009,Delhi,801,3,2,15,Furnished
IN16010,Chennai,300,1,2,15,Furnished
IN16011,Kolkata,673,2,2,15,Furnished
IN16012,Chennai,1072,2,2,15,Semi
IN16013,Kolkata,776,2,2,15,Furnished
IN16014,Bangalore,1582,2,2,15,Unfurnished
IN16015,Kolkata,1077,2,1,15,Semi
IN16016,Kolkata,1222,1,2,15,Unfurnished
IN16017,Chennai,1560,2,3,21.68,Semi
IN16018,Hyderabad,805,2,2,15,Semi
IN16019,Chennai,871,1,3,15,Furnished
IN16020,Delhi,910,1,2,15,Furnished
IN16021,Bangalore,761,2,3,15,Semi
IN16022,Bangalore,861,3,2,15,Unfurnished
IN16023,Delhi,1686,3,2,15,Unfurnished
IN16024,Delhi,568,2,2,15,Furnished
IN16025,Delhi,1444,1,3,16.9,Semi
IN16026,Mumbai,300,4,2,15,Semi
IN16027,Kolkata,510,3,1,15,Semi
IN16028,Chennai,1213,1,2,15,Unfurnished
IN16029,Delhi,1747,3,3,17.01,Unfurnished
IN16030,Mumbai,1858,2,3,15,Semi
IN16031,Kolkata,727,3,2,15,Unfurnished
IN16032,Bangalore,1060,4,3,15,Semi
IN16033,Chennai,1679,2,1,18.14,Furnished
IN16034,Hyderabad,569,2,2,15,Semi
IN16035,Bangalore,1397,4,1,21.05,Furnished
IN16036,Delhi,1093,2,2,17.25,Furnished
IN16037,Mumbai,762,2,2,15,Unfurnished
IN16038,Kolkata,872,2,2,15,Furnished
IN16039,Chennai,1427,1,1,15,Unfurnished
IN16040,Kolkata,916,3,2,16.67,Unfurnished
IN16041,Hyderabad,541,2,2,15,Unfurnished
IN16042,Bangalore,1415,3,2,17.51,Furnished
IN16043,Mumbai,618,2,2,15,Unfurnished
IN16044,Chennai,978,4,3,15,Unfurnished
IN16045,Hyderabad,715,2,2,15,Furnished
IN16046,Bangalore,821,1,2,15,Furnished
IN16047,Hyderabad,1277,2,2,15,Furnished
IN16048,Delhi,1053,2,3,15,Furnished
IN16049,Delhi,609,3,2,15,Furnished
IN16050,Mumbai,913,2,2,15,Unfurnished
IN16051,Kolkata,962,3,2,15,Unfurnished
IN16052,Bangalore,1006,3,1,15,Furnished
IN16053,Bangalore,896,1,3,15,Unfurnished
IN16054,Mumbai,1478,4,3,15,Semi
IN16055,Delhi,788,3,2,15,Semi
IN16056,Chennai,1553,4,3,20.05,Furnished
IN16057,Delhi,764,2,2,15,Unfurnished
IN16058,Bangalore,1046,2,2,15,Furnished
IN16059,Mumbai,1199,4,3,15,Unfurnished
IN16060,Chennai,936,1,1,15,Unfurnished
IN16061,Kolkata,1653,2,1,28.38,Semi
IN16062,Hyderabad,1605,2,2,15.05,Semi
IN16063,Hyderabad,846,4,3,15,Furnished
IN16064,Delhi,1205,4,1,17.1,Furnished
IN16065,Kolkata,1130,2,1,18.25,Furnished
IN16066,Delhi,855,3,2,18.79,Semi
IN16067,Chennai,621,3,3,15,Semi
IN16068,Chennai,900,2,3,15,Unfurnished
IN16069,Kolkata,729,3,2,15,Semi
IN16070,Mumbai,1253,1,2,15,Unfurnished
IN16071,Bangalore,1463,3,2,15,Furnished
IN16072,Bangalore,1495,2,3,21.23,Unfurnished
IN16073,Kolkata,1286,4,1,15,Furnished
IN16074,Delhi,1013,3,1,18.23,Semi
IN16075,Kolkata,1103,3,2,15,Semi
IN16076,Kolkata,379,3,3,15,Unfurnished
IN16077,Delhi,856,1,2,15,Unfurnished
IN16078,Kolkata,1126,3,1,16.85,Semi
IN16079,Mumbai,1274,2,3,15.8,Furnished
IN16080,Chennai,1062,4,2,15.07,Furnished
IN16081,Chennai,1037,3,1,15,Unfurnished
IN16082,Kolkata,698,2,3,15,Unfurnished
IN16083,Mumbai,1145,2,3,17.67,Unfurnished
IN16084,Delhi,600,2,2,15,Semi
IN16085,Chennai,1276,4,1,15,Semi
IN16086,Mumbai,624,2,1,15,Semi
IN16087,Hyderabad,1043,3,3,16.65,Furnished
IN16088,Mumbai,1614,1,1,28.1,Semi
IN16089,Chennai,948,2,2,15,Semi
IN16090,Chennai,453,2,2,15,Unfurnished
IN16091,Chennai,691,3,3,15,Furnished
IN16092,Mumbai,1067,2,2,15,Furnished
IN16093,Chennai,967,2,2,18.62,Furnished
IN16094,Chennai,859,2,2,17.01,Unfurnished
IN16095,Chennai,1683,2,2,15,Unfurnished
IN16096,Delhi,787,3,1,15,Furnished
IN16097,Delhi,1479,1,3,16.4,Semi
IN16098,Chennai,910,1,1,15,Semi
IN16099,Mumbai,1030,4,3,15,Semi
IN16100,Kolkata,1433,1,2,22.02,Unfurnished
IN16101,Bangalore,2343,1,3,25.91,Unfurnished
IN16102,Kolkata,1015,3,1,15,Semi
IN16103,Delhi,453,2,3,15,Semi
IN16104,Bangalore,300,3,2,15,Unfurnished
IN16105,Kolkata,1023,4,1,15,Furnished
IN16106,Chennai,841,4,2,15,Semi
IN16107,Bangalore,1739,4,3,15,Semi
IN16108,Mumbai,301,3,2,15,Unfurnished
IN16109,Mumbai,1091,1,3,15,Unfurnished
IN16110,Kolkata,1023,4,2,16.48,Semi
IN16111,Delhi,300,4,2,15,Furnished
IN16112,Chennai,877,2,3,15,Unfurnished
IN16113,Chennai,1077,2,1,18.66,Furnished
IN16114,Chennai,300,4,2,15,Unfurnished
IN16115,Mumbai,618,3,2,15,Furnished
IN16116,Delhi,1344,2,2,15,Furnished
IN16117,Kolkata,430,2,1,15,Semi
IN16118,Mumbai,686,3,1,15,Unfurnished
IN16119,Chennai,1835,1,2,15,Semi
IN16120,Bangalore,396,1,2,15,Furnished
IN16121,Kolkata,1639,1,3,15,Unfurnished
IN16122,Mumbai,1020,3,3,15,Furnished
IN16123,Delhi,1347,2,1,15.92,Unfurnished
IN16124,Mumbai,899,2,2,15,Furnished
IN16125,Kolkata,1223,3,2,16.59,Unfurnished
IN16126,Kolkata,1261,4,2,15,Semi
IN16127,Delhi,1050,1,2,15,Furnished
IN16128,Kolkata,816,1,2,15,Unfurnished
IN16129,Mumbai,895,2,2,15,Furnished
IN16130,Kolkata,1673,3,1,22.75,Furnished
IN16131,Bangalore,1113,2,2,15,Unfurnished
IN16132,Kolkata,1506,2,2,19.5,Unfurnished
IN16133,Delhi,1102,2,2,21.99,Semi
IN16134,Chennai,577,4,2,15,Furnished
IN16135,Delhi,2195,1,1,36.2,Semi
IN16136,Delhi,655,3,2,15,Unfurnished
IN16137,Hyderabad,1076,3,2,15,Furnished
IN16138,Delhi,1308,1,2,15,Unfurnished
IN16139,Delhi,1165,3,1,16.71,Semi
IN16140,Delhi,2322,2,2,38.76,Unfurnished
IN16141,Hyderabad,878,2,3,15,Unfurnished
IN16142,Chennai,918,4,1,15,Furnished
IN16143,Mumbai,1081,2,3,15,Unfurnished
IN16144,Mumbai,2189,2,2,29.02,Unfurnished
IN16145,Hyderabad,1048,1,2,19.06,Unfurnished
IN16146,Chennai,628,4,2,15,Furnished
IN16147,Delhi,1159,4,3,16.22,Furnished
IN16148,Mumbai,1187,2,2,15.48,Furnished
IN16149,Mumbai,1084,3,1,15,Semi
IN16150,Bangalore,2038,2,3,19.45,Semi
IN16151,Delhi,1327,3,2,23.45,Semi
IN16152,Delhi,920,4,2,17.69,Unfurnished
IN16153,Delhi,660,2,2,15,Semi
IN16154,Hyderabad,1246,2,3,15,Unfurnished
IN16155,Kolkata,1433,4,2,17.45,Unfurnished
IN16156,Hyderabad,749,4,1,15,Unfurnished
IN16157,Chennai,1614,2,2,15,Unfurnished
IN16158,Bangalore,1066,2,3,17.75,Semi
IN16159,Bangalore,559,4,3,15,Unfurnished
IN16160,Mumbai,601,3,2,15,Unfurnished
IN16161,Chennai,917,2,1,15,Semi
IN16162,Bangalore,496,1,2,15,Unfurnished
IN16163,Hyderabad,921,2,2,15,Semi
IN16164,Delhi,1550,1,2,17.14,Semi
IN16165,Delhi,923,4,2,15,Unfurnished
IN16166,Hyderabad,300,2,2,15,Furnished
IN16167,Kolkata,300,3,2,15,Unfurnished
IN16168,Chennai,889,3,3,15,Semi
IN16169,Kolkata,1199,3,2,16.52,Semi
IN16170,Kolkata,1541,2,3,18.31,Unfurnished
IN16171,Chennai,923,4,2,15,Unfurnished
IN16172,Mumbai,2055,1,2,15,Furnished
IN16173,Delhi,765,2,2,15,Semi
IN16174,Delhi,1228,4,2,24.52,Semi
IN16175,Bangalore,1193,1,2,20.11,Unfurnished
IN16176,Delhi,1225,3,1,18.5,Furnished
IN16177,Mumbai,790,4,2,15,Unfurnished
IN16178,Delhi,1390,3,2,15,Furnished
IN16179,Mumbai,833,4,3,15,Semi
IN16180,Bangalore,482,4,2,15,Semi
IN16181,Kolkata,1244,3,1,17.77,Unfurnished
IN16182,Chennai,910,1,2,15,Unfurnished
IN16183,Chennai,478,3,3,15,Furnished
IN16184,Mumbai,754,4,2,15,Semi
IN16185,Chennai,670,3,2,15,Furnished
IN16186,Delhi,1234,1,1,15,Furnished
IN16187,Chennai,1462,3,2,15,Semi
IN16188,Hyderabad,1560,2,2,23.45,Semi
IN16189,Hyderabad,891,2,3,15,Semi
IN16190,Kolkata,2234,1,2,22.94,Semi
IN16191,Hyderabad,1228,1,1,15,Furnished
IN16192,Chennai,908,2,1,15,Unfurnished
IN16193,Mumbai,1615,3,1,18.72,Unfurnished
IN16194,Mumbai,872,4,2,15,Semi
IN16195,Chennai,1740,3,3,26.2,Furnished
IN16196,Chennai,1156,2,2,18.55,Semi
IN16197,Mumbai,300,3,3,15,Furnished
IN16198,Kolkata,1206,2,2,15,Unfurnished
IN16199,Kolkata,875,2,2,15,Furnished
IN16200,Kolkata,1825,1,2,31.38,Semi
IN16201,Delhi,1055,3,2,18.67,Semi
IN16202,Delhi,1428,3,2,25.66,Unfurnished
IN16203,Hyderabad,547,2,1,15,Semi
IN16204,Delhi,1000,4,2,15,Furnished
IN16205,Hyderabad,2226,1,1,20.86,Furnished
IN16206,Chennai,1572,3,1,24.31,Semi
IN16207,Mumbai,300,2,2,15,Furnished
IN16208,Kolkata,574,3,2,15,Semi
IN16209,Delhi,1624,3,1,16.68,Semi
IN16210,Chennai,1413,3,1,16.18,Unfurnished
IN16211,Mumbai,791,4,3,15,Furnished
IN16212,Chennai,1511,2,1,26.97,Unfurnished
IN16213,Chennai,1399,2,2,15,Furnished
IN16214,Delhi,1683,4,3,22.92,Unfurnished
IN16215,Bangalore,1417,4,2,22.79,Unfurnished
IN16216,Chennai,1009,2,2,15,Semi
IN16217,Kolkata,1380,2,1,18.07,Furnished
IN16218,Chennai,863,1,2,15,Furnished
IN16219,Mumbai,1062,2,1,15,Unfurnished
IN16220,Mumbai,1284,1,1,15,Unfurnished
IN16221,Delhi,1634,2,2,17.01,Furnished
IN16222,Hyderabad,1601,2,1,15.31,Furnished
IN16223,Delhi,1096,1,2,15,Semi
IN16224,Chennai,1552,2,2,22.1,Unfurnished
IN16225,Chennai,663,2,2,15,Unfurnished
IN16226,Bangalore,1682,3,2,26.25,Semi
IN16227,Hyderabad,1713,3,3,16.55,Furnished
IN16228,Hyderabad,1634,3,2,21.85,Semi
IN16229,Chennai,1229,2,2,19.02,Unfurnished
IN16230,Chennai,1208,2,3,15,Furnished
IN16231,Chennai,882,1,2,15,Furnished
IN16232,Hyderabad,1560,2,1,27.48,Unfurnished
IN16233,Delhi,1333,3,2,15,Semi
IN16234,Bangalore,1209,3,2,16.09,Furnished
IN16235,Delhi,1700,4,2,19.23,Unfurnished
IN16236,Hyderabad,1019,2,2,15,Furnished
IN16237,Delhi,1192,4,3,17.91,Furnished
IN16238,Chennai,1361,3,2,24.93,Furnished
IN16239,Delhi,1573,1,2,19.29,Furnished
IN16240,Bangalore,515,3,1,15,Furnished
IN16241,Chennai,866,3,3,15,Furnished
IN16242,Hyderabad,517,1,2,15,Semi
IN16243,Mumbai,995,3,2,15,Unfurnished
IN16244,Hyderabad,1166,3,1,15,Unfurnished
IN16245,Mumbai,1620,1,2,15,Semi
IN16246,Kolkata,1596,3,3,19.4,Semi
IN16247,Chennai,1420,1,3,15,Unfurnished
IN16248,Kolkata,1342,3,2,15,Furnished
IN16249,Chennai,2039,1,2,33.4,Unfurnished
IN16250,Mumbai,673,1,2,15,Furnished
IN16251,Hyderabad,329,3,3,15,Furnished
IN16252,Bangalore,1005,1,2,15,Unfurnished
IN16253,Hyderabad,1685,1,2,15,Semi
IN16254,Hyderabad,847,3,2,15,Semi
IN16255,Hyderabad,964,2,1,17.0,Unfurnished
IN16256,Mumbai,1079,3,2,15,Unfurnished
IN16257,Chennai,1231,3,1,21.83,Unfurnished
IN16258,Bangalore,756,3,3,15,Semi
IN16259,Mumbai,1194,1,2,19.08,Unfurnished
IN16260,Chennai,931,3,2,15,Furnished
IN16261,Hyderabad,973,1,3,15,Unfurnished
IN16262,Bangalore,1035,1,2,15,Furnished
IN16263,Kolkata,671,3,1,15,Semi
IN16264,Bangalore,1135,4,1,15,Unfurnished
IN16265,Chennai,1550,1,2,17.37,Furnished
IN16266,Delhi,786,2,3,15,Unfurnished
IN16267,Chennai,1403,1,2,17.77,Furnished
IN16268,Chennai,1383,3,1,15,Furnished
IN16269,Mumbai,1377,1,3,15,Furnished
IN16270,Mumbai,1243,2,3,22.84,Furnished
IN16271,Bangalore,608,3,1,15,Unfurnished
IN16272,Hyderabad,300,1,3,15,Furnished
IN16273,Hyderabad,1082,4,3,15,Semi
IN16274,Delhi,1027,3,2,18.57,Semi
IN16275,Hyderabad,1188,2,2,18.61,Semi
IN16276,Delhi,1153,3,3,15,Furnished
IN16277,Kolkata,1268,2,2,15,Semi
IN16278,Chennai,1232,4,2,15,Unfurnished
IN16279,Delhi,1526,3,2,19.38,Furnished
IN16280,Bangalore,1551,3,3,15,Semi
IN16281,Kolkata,519,3,1,15,Semi
IN16282,Hyderabad,1548,3,2,15,Furnished
IN16283,Mumbai,675,2,1,15,Unfurnished
IN16284,Kolkata,1341,3,2,15,Unfurnished
IN16285,Hyderabad,672,4,2,15,Semi
IN16286,Hyderabad,1218,3,1,15,Semi
IN16287,Kolkata,1560,3,3,18.11,Unfurnished
IN16288,Hyderabad,899,1,2,15,Furnished
IN16289,Delhi,978,3,3,15,Unfurnished
IN16290,Chennai,1431,3,1,17.73,Semi
IN16291,Delhi,748,2,2,15,Semi
IN16292,Delhi,1612,1,2,29.13,Furnished
IN16293,Kolkata,837,3,1,15.82,Unfurnished
IN16294,Chennai,773,1,3,15,Unfurnished
IN16295,Mumbai,1054,3,2,15,Semi
IN16296,Bangalore,1868,2,1,30.43,Furnished
IN16297,Delhi,1798,4,1,26.7,Furnished
IN16298,Mumbai,1311,2,2,15,Furnished
IN16299,Delhi,347,2,3,15,Semi
IN16300,Bangalore,808,2,3,15,Unfurnished
IN16301,Bangalore,426,2,2,15,Semi
IN16302,Chennai,1276,3,2,16.89,Furnished
IN16303,Mumbai,899,3,1,15,Semi
IN16304,Chennai,1209,4,2,15,Semi
IN16305,Kolkata,1050,3,1,15,Semi
IN16306,Kolkata,661,3,2,15,Semi
IN16307,Delhi,1053,3,3,18.62,Semi
IN16308,Chennai,1912,2,3,38.76,Semi
IN16309,Mumbai,873,2,2,15,Furnished
IN16310,Chennai,1379,1,3,15,Unfurnished
IN16311,Bangalore,1525,3,3,15,Furnished
IN16312,Hyderabad,673,4,2,15,Semi
IN16313,Mumbai,912,2,1,15.51,Semi
IN16314,Bangalore,1547,2,3,17.9,Semi
IN16315,Delhi,1088,2,2,15,Semi
IN16316,Kolkata,983,1,3,15,Semi
IN16317,Chennai,805,1,1,15,Semi
IN16318,Chennai,1292,4,3,15.09,Furnished
IN16319,Hyderabad,958,3,2,15,Semi
IN16320,Delhi,1272,1,2,15,Furnished
IN16321,Hyderabad,839,4,1,15,Semi
IN16322,Chennai,1265,1,2,15,Semi
IN16323,Hyderabad,1136,3,2,16.96,Unfurnished
IN16324,Bangalore,1399,1,2,16.79,Semi
IN16325,Bangalore,1528,1,2,22.68,Unfurnished
IN16326,Delhi,1457,3,2,19.73,Semi
IN16327,Delhi,740,3,2,15,Unfurnished
IN16328,Hyderabad,1611,2,2,15,Furnished
IN16329,Bangalore,1090,4,1,15,Furnished
IN16330,Chennai,1049,1,2,15,Semi
IN16331,Delhi,1488,2,2,23.61,Furnished
IN16332,Mumbai,327,1,3,15,Furnished
IN16333,Kolkata,300,3,2,15,Semi
IN16334,Bangalore,1091,1,2,15,Furnished
IN16335,Chennai,878,4,1,15,Semi
IN16336,Bangalore,1812,3,1,31.82,Unfurnished
IN16337,Chennai,1522,4,2,15,Unfurnished
IN16338,Bangalore,1257,3,3,15,Semi
IN16339,Delhi,1246,3,3,15,Unfurnished
IN16340,Chennai,392,4,1,15,Unfurnished
IN16341,Delhi,701,2,2,15,Unfurnished
IN16342,Bangalore,1029,4,1,15,Furnished
IN16343,Chennai,1098,2,2,15,Unfurnished
IN16344,Delhi,407,2,3,15,Furnished
IN16345,Kolkata,313,4,3,15,Unfurnished
IN16346,Chennai,1310,1,2,15,Unfurnished
IN16347,Mumbai,712,1,2,15,Unfurnished
IN16348,Chennai,1272,2,2,16.24,Semi
IN16349,Hyderabad,1100,4,3,16.05,Unfurnished
IN16350,Kolkata,878,3,3,15,Unfurnished
IN16351,Kolkata,666,3,2,15,Unfurnished
IN16352,Bangalore,1475,2,1,15,Furnished
IN16353,Delhi,1045,1,2,15,Furnished
IN16354,Hyderabad,937,2,1,15,Unfurnished
IN16355,Hyderabad,1320,2,2,15,Semi
IN16356,Mumbai,1724,2,2,24.59,Unfurnished
IN16357,Chennai,1036,3,1,15.72,Furnished
IN16358,Kolkata,1067,4,1,15,Furnished
IN16359,Mumbai,457,3,1,15,Semi
IN16360,Bangalore,1399,1,2,15,Unfurnished
IN16361,Hyderabad,1320,2,2,15,Furnished
IN16362,Hyderabad,591,3,3,15,Semi
IN16363,Chennai,1076,3,1,16.66,Semi
IN16364,Delhi,1030,3,2,15,Semi
IN16365,Kolkata,300,3,2,15,Semi
IN16366,Mumbai,1007,2,2,15,Semi
IN16367,Kolkata,2144,3,2,24.8,Furnished
IN16368,Chennai,1006,2,2,15,Furnished
IN16369,Hyderabad,1042,2,2,17.49,Unfurnished
IN16370,Bangalore,1325,3,3,15.58,Unfurnished
IN16371,Mumbai,2002,3,1,27.32,Unfurnished
IN16372,Kolkata,1240,1,2,15,Unfurnished
IN16373,Hyderabad,1236,2,2,19.85,Furnished
IN16374,Kolkata,572,2,3,15,Semi
IN16375,Mumbai,1021,3,2,15,Semi
IN16376,Kolkata,1377,1,3,17.77,Semi
IN16377,Bangalore,1081,1,3,15,Furnished
IN16378,Mumbai,977,3,2,16.13,Furnished
IN16379,Hyderabad,305,3,1,15,Furnished
IN16380,Bangalore,1073,3,3,15,Furnished
IN16381,Bangalore,453,4,1,15,Furnished
IN16382,Mumbai,637,1,2,15,Unfurnished
IN16383,Hyderabad,552,2,1,15,Semi
IN16384,Mumbai,1655,3,3,28.5,Unfurnished
IN16385,Chennai,322,3,1,15,Furnished
IN16386,Delhi,591,2,2,15,Furnished
IN16387,Hyderabad,727,4,2,15,Semi
IN16388,Hyderabad,1346,3,2,17.18,Unfurnished
IN16389,Bangalore,829,2,3,15,Unfurnished
IN16390,Hyderabad,545,3,2,15,Semi
IN16391,Hyderabad,943,3,1,15,Furnished
IN16392,Chennai,907,3,2,15,Semi
IN16393,Mumbai,846,1,3,15,Furnished
IN16394,Mumbai,1160,3,2,15,Semi
IN16395,Kolkata,1840,3,1,34.37,Unfurnished
IN16396,Kolkata,520,3,2,15,Furnished
IN16397,Delhi,2059,3,2,30.32,Unfurnished
IN16398,Chennai,697,1,2,15,Unfurnished
IN16399,Bangalore,1017,2,2,15,Furnished
IN16400,Chennai,1550,3,2,18.66,Furnished
IN16401,Mumbai,2519,4,3,35.97,Semi
IN16402,Chennai,634,3,1,15,Furnished
IN16403,Kolkata,1407,3,2,16.39,Furnished
IN16404,Kolkata,936,3,2,15,Unfurnished
IN16405,Kolkata,827,3,3,15,Furnished
IN16406,Delhi,767,4,1,15,Furnished
IN16407,Bangalore,1224,3,2,15.05,Unfurnished
IN16408,Hyderabad,751,4,3,15,Furnished
IN16409,Delhi,787,4,1,15,Unfurnished
IN16410,Bangalore,1047,3,2,17.81,Furnished
IN16411,Bangalore,1219,1,2,15.46,Furnished
IN16412,Delhi,1146,4,1,15.18,Unfurnished
IN16413,Hyderabad,866,3,3,15,Semi
IN16414,Delhi,1396,1,2,22.9,Furnished
IN16415,Bangalore,833,2,1,15,Unfurnished
IN16416,Hyderabad,1209,2,3,20.75,Semi
IN16417,Mumbai,1528,2,2,25.77,Furnished
IN16418,Bangalore,1254,2,2,15,Unfurnished
IN16419,Mumbai,1112,4,2,15,Unfurnished
IN16420,Chennai,300,4,2,15,Furnished
IN16421,Bangalore,1206,3,3,15,Unfurnished
IN16422,Kolkata,1062,4,2,15,Unfurnished
IN16423,Hyderabad,1735,1,2,15,Unfurnished
IN16424,Hyderabad,1395,2,3,17.59,Unfurnished
IN16425,Mumbai,1237,3,2,16.03,Furnished
IN16426,Delhi,350,3,2,15,Semi
IN16427,Kolkata,2658,4,3,32.02,Semi
IN16428,Hyderabad,717,1,1,15,Semi
IN16429,Chennai,300,4,2,15,Furnished
IN16430,Delhi,680,3,1,15,Furnished
IN16431,Mumbai,1319,2,1,25.97,Unfurnished
IN16432,Bangalore,1264,1,2,15,Furnished
IN16433,Kolkata,1135,3,2,15,Unfurnished
IN16434,Mumbai,1758,3,3,23.49,Unfurnished
IN16435,Chennai,2020,3,1,31.36,Furnished
IN16436,Delhi,1539,2,2,15,Furnished
IN16437,Kolkata,1447,4,1,15,Semi
IN16438,Bangalore,815,1,3,15,Unfurnished
IN16439,Bangalore,1310,4,3,15,Furnished
IN16440,Chennai,1235,2,2,21.38,Unfurnished
IN16441,Hyderabad,922,3,3,15,Semi
IN16442,Kolkata,657,3,3,15,Furnished
IN16443,Bangalore,513,3,2,15,Unfurnished
IN16444,Mumbai,1071,4,3,15,Furnished
IN16445,Kolkata,849,3,1,15,Unfurnished
IN16446,Mumbai,1507,1,2,26.22,Furnished
IN16447,Chennai,735,3,2,15,Furnished
IN16448,Chennai,1038,1,1,15,Furnished
IN16449,Kolkata,1658,1,2,18.69,Semi
IN16450,Hyderabad,1534,2,2,23.16,Semi
IN16451,Kolkata,475,3,3,15,Semi
IN16452,Bangalore,859,3,2,15,Unfurnished
IN16453,Hyderabad,1596,3,3,23.95,Semi
IN16454,Bangalore,1587,4,3,27.6,Semi
IN16455,Bangalore,1516,2,1,15,Furnished
IN16456,Chennai,937,2,3,15,Unfurnished
IN16457,Mumbai,1357,3,3,15.89,Semi
IN16458,Hyderabad,1878,1,1,30.75,Unfurnished
IN16459,Chennai,519,4,1,15,Semi
IN16460,Bangalore,889,2,3,15,Unfurnished
IN16461,Delhi,1128,2,2,15,Furnished
IN16462,Hyderabad,1152,1,2,17.72,Unfurnished
IN16463,Chennai,614,3,1,15,Unfurnished
IN16464,Mumbai,1765,2,3,15,Furnished
IN16465,Hyderabad,1510,3,2,15,Furnished
IN16466,Bangalore,1275,3,1,15,Furnished
IN16467,Chennai,635,2,3,15,Semi
IN16468,Hyderabad,1433,1,3,15.17,Semi
IN16469,Delhi,1187,1,1,15,Furnished
IN16470,Mumbai,300,1,2,15,Semi
IN16471,Kolkata,1139,2,2,15,Furnished
IN16472,Mumbai,1076,3,1,15,Unfurnished
IN16473,Chennai,667,1,2,15,Furnished
IN16474,Chennai,936,1,3,15,Semi
IN16475,Kolkata,867,3,2,15,Furnished
IN16476,Bangalore,1400,2,1,15.25,Semi
IN16477,Bangalore,1388,4,1,19.12,Furnished
IN16478,Bangalore,712,4,3,15,Unfurnished
IN16479,Chennai,732,1,3,15,Unfurnished
IN16480,Chennai,300,3,3,15,Furnished
IN16481,Chennai,989,3,2,15,Furnished
IN16482,Chennai,1277,2,3,15,Furnished
IN16483,Chennai,909,1,2,15,Furnished
IN16484,Chennai,1047,3,2,17.71,Furnished
IN16485,Mumbai,1355,3,2,18.77,Semi
IN16486,Bangalore,2122,4,2,22.03,Unfurnished
IN16487,Kolkata,890,1,2,15,Furnished
IN16488,Bangalore,1947,4,3,15,Unfurnished
IN16489,Chennai,844,2,3,15,Unfurnished
IN16490,Kolkata,1341,2,2,15,Unfurnished
IN16491,Bangalore,770,1,2,15,Semi
IN16492,Mumbai,1173,2,3,15,Unfurnished
IN16493,Hyderabad,648,3,3,15,Unfurnished
IN16494,Mumbai,1342,2,1,15,Furnished
IN16495,Mumbai,439,1,1,15,Semi
IN16496,Mumbai,1199,2,3,18.55,Unfurnished
IN16497,Kolkata,495,4,2,15,Semi
IN16498,Hyderabad,944,2,3,15,Furnished
IN16499,Hyderabad,1121,4,3,15,Unfurnished
IN16500,Delhi,361,2,2,15,Furnished
IN16501,Delhi,1605,1,2,24.62,Semi
IN16502,Bangalore,1922,4,2,15,Unfurnished
IN16503,Mumbai,1606,1,1,15,Furnished
IN16504,Hyderabad,1173,4,3,15,Furnished
IN16505,Mumbai,625,2,2,15,Semi
IN16506,Chennai,764,4,2,15,Unfurnished
IN16507,Delhi,1795,1,2,36.82,Unfurnished
IN16508,Hyderabad,1673,2,1,15.4,Furnished
IN16509,Hyderabad,1297,3,3,15,Furnished
IN16510,Delhi,460,3,2,15,Unfurnished
IN16511,Chennai,1201,2,1,15.66,Semi
IN16512,Bangalore,1290,2,1,15,Semi
IN16513,Hyderabad,1762,3,2,15,Unfurnished
IN16514,Chennai,626,2,2,15,Furnished
IN16515,Delhi,1979,4,1,29.08,Unfurnished
IN16516,Bangalore,1184,2,2,15,Unfurnished
IN16517,Bangalore,826,3,2,15.02,Furnished
IN16518,Bangalore,1254,2,3,17.4,Unfurnished
IN16519,Mumbai,1257,1,3,15,Unfurnished
IN16520,Chennai,917,1,2,15,Unfurnished
IN16521,Delhi,1297,2,2,15,Unfurnished
IN16522,Mumbai,1413,3,1,18.41,Semi
IN16523,Bangalore,885,2,3,15,Furnished
IN16524,Mumbai,820,4,3,17.4,Semi
IN16525,Delhi,858,1,3,15,Semi
IN16526,Bangalore,609,4,2,15,Semi
IN16527,Bangalore,1269,1,1,20.65,Semi
IN16528,Kolkata,1457,2,2,21.26,Unfurnished
IN16529,Chennai,1116,4,3,15,Furnished
IN16530,Kolkata,911,4,2,15,Semi
IN16531,Hyderabad,332,2,1,15,Furnished
IN16532,Bangalore,1849,1,3,31.72,Unfurnished
IN16533,Delhi,2000,2,3,42.58,Semi
IN16534,Hyderabad,1192,2,2,15,Unfurnished
IN16535,Chennai,2247,3,2,19.84,Semi
IN16536,Bangalore,930,3,2,15,Semi
IN16537,Bangalore,300,3,2,15,Unfurnished
IN16538,Hyderabad,321,3,2,15,Unfurnished
IN16539,Bangalore,1514,3,2,15.57,Furnished
IN16540,Mumbai,1266,1,3,15,Semi
IN16541,Delhi,788,3,1,15,Furnished
IN16542,Chennai,464,1,1,15,Furnished
IN16543,Delhi,1902,4,3,15,Unfurnished
IN16544,Mumbai,1035,2,3,15,Semi
IN16545,Bangalore,788,4,2,15,Unfurnished
IN16546,Delhi,1488,2,2,26.82,Unfurnished
IN16547,Hyderabad,915,3,3,15,Unfurnished
IN16548,Bangalore,830,2,3,15,Furnished
IN16549,Hyderabad,884,2,3,15,Furnished
IN16550,Delhi,300,3,2,15,Semi
IN16551,Mumbai,1940,2,1,28.27,Furnished
IN16552,Chennai,1668,2,1,17.9,Furnished
IN16553,Hyderabad,1617,2,2,28.98,Unfurnished
IN16554,Kolkata,500,4,3,15,Semi
IN16555,Kolkata,1702,2,2,17.29,Semi
IN16556,Chennai,1640,2,2,20.99,Semi
IN16557,Kolkata,1558,4,1,15,Semi
IN16558,Kolkata,1340,2,1,15,Semi
IN16559,Delhi,1148,3,3,15,Unfurnished
IN16560,Delhi,1075,4,3,16.5,Semi
IN16561,Mumbai,577,1,2,15,Semi
IN16562,Kolkata,814,4,3,15,Furnished
IN16563,Delhi,1400,3,3,15,Semi
IN16564,Delhi,1842,2,1,22.22,Semi
IN16565,Kolkata,376,3,3,15,Semi
IN16566,Hyderabad,300,4,2,15,Semi
IN16567,Chennai,881,2,2,15.6,Unfurnished
IN16568,Mumbai,1015,3,1,16.57,Unfurnished
IN16569,Mumbai,1545,3,2,15,Unfurnished
IN16570,Bangalore,1223,2,1,15,Semi
IN16571,Bangalore,711,3,1,15,Semi
IN16572,Mumbai,1310,2,2,15,Furnished
IN16573,Kolkata,1420,1,2,16.06,Semi
IN16574,Delhi,993,3,1,15,Semi
IN16575,Delhi,1207,1,3,15,Unfurnished
IN16576,Chennai,709,3,3,15,Furnished
IN16577,Kolkata,683,1,2,15,Semi
IN16578,Mumbai,940,4,2,15.8,Furnished
IN16579,Kolkata,1604,4,2,15,Unfurnished
IN16580,Hyderabad,680,2,3,15,Unfurnished
IN16581,Kolkata,894,2,1,15,Semi
IN16582,Kolkata,444,2,2,15,Furnished
IN16583,Mumbai,1511,1,3,16.9,Unfurnished
IN16584,Mumbai,1663,2,3,23.38,Furnished
IN16585,Delhi,349,4,2,15,Furnished
IN16586,Kolkata,1631,3,2,22.47,Unfurnished
IN16587,Delhi,1325,3,1,15,Unfurnished
IN16588,Hyderabad,783,3,2,15,Unfurnished
IN16589,Kolkata,1319,3,2,17.87,Semi
IN16590,Mumbai,1658,2,2,15,Unfurnished
IN16591,Bangalore,1775,4,3,26.01,Unfurnished
IN16592,Hyderabad,364,3,2,15,Semi
IN16593,Bangalore,1835,2,2,15,Unfurnished
IN16594,Mumbai,1157,2,3,15,Furnished
IN16595,Delhi,1008,1,2,15,Semi
IN16596,Chennai,1624,2,2,16.91,Unfurnished
IN16597,Bangalore,793,3,1,15,Furnished
IN16598,Chennai,760,1,2,16.04,Furnished
IN16599,Chennai,455,4,2,15,Furnished
IN16600,Delhi,1754,3,3,33.34,Semi
IN16601,Mumbai,1344,2,2,16.82,Unfurnished
IN16602,Kolkata,1519,2,2,24.72,Semi
IN16603,Chennai,916,3,3,15.57,Unfurnished
IN16604,Bangalore,1523,2,2,22.83,Semi
IN16605,Bangalore,300,2,3,15,Furnished
IN16606,Chennai,763,3,3,15,Furnished
IN16607,Mumbai,1002,3,3,15,Furnished
IN16608,Delhi,962,4,1,15.79,Semi
IN16609,Chennai,1983,2,3,17.71,Unfurnished
IN16610,Hyderabad,300,4,2,15,Semi
IN16611,Kolkata,1318,2,1,15,Furnished
IN16612,Chennai,776,3,3,15,Semi
IN16613,Hyderabad,778,3,3,15,Semi
IN16614,Bangalore,300,1,2,15,Unfurnished
IN16615,Bangalore,613,1,2,15,Unfurnished
IN16616,Bangalore,1439,3,3,24.23,Unfurnished
IN16617,Chennai,1256,2,1,15,Unfurnished
IN16618,Delhi,636,3,1,15,Semi
IN16619,Kolkata,1251,3,2,15,Unfurnished
IN16620,Bangalore,938,2,2,15,Unfurnished
IN16621,Hyderabad,703,3,3,15,Unfurnished
IN16622,Mumbai,1480,3,2,27.58,Unfurnished
IN16623,Mumbai,1315,3,2,15,Semi
IN16624,Bangalore,925,1,2,18.57,Furnished
IN16625,Hyderabad,1400,3,2,15,Semi
IN16626,Mumbai,1281,2,3,15,Semi
IN16627,Mumbai,439,4,1,15,Furnished
IN16628,Kolkata,1261,2,3,15.35,Furnished
IN16629,Mumbai,846,3,3,15,Unfurnished
IN16630,Hyderabad,780,1,1,15,Unfurnished
IN16631,Chennai,894,2,3,15,Furnished
IN16632,Chennai,1793,3,2,20.48,Unfurnished
IN16633,Mumbai,1145,4,2,15,Unfurnished
IN16634,Bangalore,1265,3,1,15,Furnished
IN16635,Delhi,1738,4,2,25.1,Unfurnished
IN16636,Mumbai,1405,3,3,15,Furnished
IN16637,Hyderabad,1285,4,2,20.51,Unfurnished
IN16638,Kolkata,979,3,1,15,Unfurnished
IN16639,Chennai,639,3,2,15,Semi
IN16640,Hyderabad,1317,3,2,16.49,Unfurnished
IN16641,Kolkata,440,1,1,15,Semi
IN16642,Bangalore,1468,1,3,22.82,Furnished
IN16643,Kolkata,1002,3,2,15,Furnished
IN16644,Delhi,722,3,2,15,Unfurnished
IN16645,Delhi,1198,2,3,21.66,Semi
IN16646,Chennai,1573,3,2,22.42,Semi
IN16647,Delhi,957,3,2,15.85,Semi
IN16648,Delhi,1168,4,1,15,Furnished
IN16649,Hyderabad,1353,4,2,15,Unfurnished
IN16650,Hyderabad,1126,1,1,15,Unfurnished
IN16651,Kolkata,1192,2,2,15,Furnished
IN16652,Hyderabad,1097,4,2,15,Furnished
IN16653,Delhi,300,1,2,15,Semi
IN16654,Mumbai,1100,1,2,19.15,Semi
IN16655,Kolkata,1149,2,2,15,Furnished
IN16656,Hyderabad,675,4,3,15,Unfurnished
IN16657,Hyderabad,447,3,2,15,Semi
IN16658,Bangalore,1378,2,2,28.51,Semi
IN16659,Delhi,1009,1,1,15,Unfurnished
IN16660,Bangalore,1354,4,1,26.99,Semi
IN16661,Mumbai,2014,1,3,16.49,Unfurnished
IN16662,Kolkata,1411,4,1,15,Semi
IN16663,Hyderabad,1736,3,2,20.61,Unfurnished
IN16664,Kolkata,931,2,2,15,Semi
IN16665,Mumbai,931,3,1,15,Semi
IN16666,Chennai,1232,3,3,15,Furnished
IN16667,Delhi,1434,3,1,28.18,Semi
IN16668,Bangalore,1305,3,3,17.68,Unfurnished
IN16669,Bangalore,1028,1,2,19.76,Semi
IN16670,Kolkata,1530,4,2,15,Unfurnished
IN16671,Delhi,682,1,2,15,Unfurnished
IN16672,Delhi,300,2,2,15,Unfurnished
IN16673,Hyderabad,1046,3,3,15,Unfurnished
IN16674,Chennai,1002,1,2,15,Furnished
IN16675,Mumbai,389,3,1,15,Furnished
IN16676,Hyderabad,1026,4,2,15,Semi
IN16677,Chennai,876,1,2,15,Furnished
IN16678,Chennai,2121,4,2,39.3,Unfurnished
IN16679,Delhi,953,2,1,15,Unfurnished
IN16680,Chennai,1249,1,3,15,Furnished
IN16681,Mumbai,1729,3,2,18.03,Furnished
IN16682,Mumbai,300,2,2,15,Semi
IN16683,Bangalore,1076,3,2,15,Furnished
IN16684,Chennai,1678,2,2,24.18,Unfurnished
IN16685,Mumbai,309,4,2,15,Furnished
IN16686,Mumbai,1454,1,2,15.32,Furnished
IN16687,Kolkata,938,1,2,15,Unfurnished
IN16688,Chennai,760,3,2,15,Furnished
IN16689,Mumbai,1238,2,3,28.57,Unfurnished
IN16690,Bangalore,950,3,1,15,Furnished
IN16691,Bangalore,1504,2,2,22.73,Furnished
IN16692,Bangalore,546,1,3,15,Unfurnished
IN16693,Hyderabad,1293,3,2,22.07,Furnished
IN16694,Chennai,605,2,3,15,Unfurnished
IN16695,Delhi,300,2,2,15,Unfurnished
IN16696,Mumbai,376,4,3,15,Unfurnished
IN16697,Hyderabad,524,3,1,15,Unfurnished
IN16698,Delhi,1377,3,2,22.2,Furnished
IN16699,Chennai,497,3,2,15,Furnished
IN16700,Delhi,1287,2,3,16.69,Unfurnished
IN16701,Chennai,1599,4,1,15,Unfurnished
IN16702,Kolkata,1029,2,2,17.47,Furnished
IN16703,Mumbai,880,3,3,15,Unfurnished
IN16704,Kolkata,1545,2,3,22.25,Semi
IN16705,Delhi,1123,2,1,15,Unfurnished
IN16706,Hyderabad,1487,3,1,20.21,Unfurnished
IN16707,Delhi,1398,4,3,24.36,Unfurnished
IN16708,Delhi,880,1,1,15,Unfurnished
IN16709,Chennai,1840,2,2,15,Semi
IN16710,Mumbai,1408,2,2,15,Semi
IN16711,Mumbai,1020,1,3,15,Furnished
IN16712,Chennai,1313,1,3,15,Furnished
IN16713,Bangalore,615,4,2,15,Furnished
IN16714,Bangalore,1247,1,1,16.23,Semi
IN16715,Mumbai,1028,4,3,17.42,Unfurnished
IN16716,Hyderabad,948,3,2,15,Semi
IN16717,Chennai,1186,3,2,15.64,Unfurnished
IN16718,Chennai,1339,4,2,15,Furnished
IN16719,Hyderabad,1922,2,2,27.98,Semi
IN16720,Delhi,1418,3,2,15,Furnished
IN16721,Kolkata,560,2,2,15,Semi
IN16722,Hyderabad,1261,2,1,16.98,Unfurnished
IN16723,Bangalore,1030,3,2,15,Furnished
IN16724,Delhi,715,2,2,15,Unfurnished
IN16725,Mumbai,1771,2,3,31.84,Unfurnished
IN16726,Delhi,336,4,2,15,Unfurnished
IN16727,Mumbai,1012,4,2,15.83,Furnished
IN16728,Chennai,889,4,2,15,Unfurnished
IN16729,Kolkata,1540,3,3,26.08,Furnished
IN16730,Kolkata,1233,2,2,15,Furnished
IN16731,Chennai,636,2,2,15,Unfurnished
IN16732,Hyderabad,1578,3,3,23.46,Furnished
IN16733,Chennai,1110,2,1,15,Furnished
IN16734,Bangalore,1847,3,1,25.37,Furnished
IN16735,Chennai,874,3,2,15,Furnished
IN16736,Kolkata,956,1,2,15,Semi
IN16737,Hyderabad,1158,2,2,18.12,Furnished
IN16738,Hyderabad,300,2,2,15,Furnished
IN16739,Mumbai,1081,1,1,15,Semi
IN16740,Chennai,1384,2,3,18.02,Furnished
IN16741,Delhi,1830,3,2,15,Semi
IN16742,Kolkata,1839,3,1,15,Furnished
IN16743,Bangalore,1797,2,2,25.6,Unfurnished
IN16744,Kolkata,1491,4,2,20.71,Furnished
IN16745,Delhi,1325,3,3,19.73,Unfurnished
IN16746,Kolkata,1192,3,2,21.49,Furnished
IN16747,Chennai,834,1,1,15,Furnished
IN16748,Bangalore,627,3,3,15,Furnished
IN16749,Kolkata,2620,2,2,26.96,Furnished
IN16750,Bangalore,1656,3,1,19.84,Unfurnished
IN16751,Chennai,1135,2,2,20.35,Semi
IN16752,Mumbai,1230,3,2,15,Unfurnished
IN16753,Mumbai,1213,3,2,15,Semi
IN16754,Hyderabad,560,4,2,15,Semi
IN16755,Delhi,854,2,2,15,Unfurnished
IN16756,Delhi,467,1,2,15,Furnished
IN16757,Kolkata,300,4,1,15,Semi
IN16758,Mumbai,591,4,3,15,Semi
IN16759,Mumbai,1109,2,2,18.42,Semi
IN16760,Chennai,845,1,2,15,Semi
IN16761,Hyderabad,720,2,2,15,Semi
IN16762,Chennai,721,2,2,15,Furnished
IN16763,Bangalore,1268,1,1,15,Furnished
IN16764,Mumbai,519,2,2,15,Unfurnished
IN16765,Mumbai,415,3,3,15,Semi
IN16766,Kolkata,397,2,2,15,Semi
IN16767,Chennai,1262,2,3,19.31,Furnished
IN16768,Hyderabad,1196,2,2,15,Furnished
IN16769,Bangalore,733,2,1,15,Unfurnished
IN16770,Chennai,1133,2,1,15,Furnished
IN16771,Bangalore,1883,4,1,22.8,Unfurnished
IN16772,Kolkata,1214,2,2,20.39,Semi
IN16773,Mumbai,1679,3,3,15,Furnished
IN16774,Delhi,1541,3,3,28.55,Semi
IN16775,Mumbai,1351,2,2,21.79,Unfurnished
IN16776,Kolkata,412,3,3,15,Unfurnished
IN16777,Delhi,1030,3,2,15,Unfurnished
IN16778,Mumbai,608,3,1,15,Unfurnished
IN16779,Kolkata,1337,3,2,19.48,Unfurnished
IN16780,Bangalore,1167,3,1,15,Unfurnished
IN16781,Chennai,753,2,2,15,Semi
IN16782,Hyderabad,1001,3,2,15.57,Unfurnished
IN16783,Bangalore,968,3,2,15,Unfurnished
IN16784,Kolkata,1907,1,1,18.03,Semi
IN16785,Kolkata,1146,1,2,19.39,Unfurnished
IN16786,Delhi,1710,3,3,32.36,Unfurnished
IN16787,Chennai,1031,2,1,15,Furnished
IN16788,Kolkata,1614,3,3,20.29,Furnished
IN16789,Hyderabad,1860,3,3,27.53,Semi
IN16790,Kolkata,694,4,2,15,Unfurnished
IN16791,Mumbai,546,2,3,15,Furnished
IN16792,Kolkata,538,4,2,15,Furnished
IN16793,Kolkata,1171,1,2,15,Semi
IN16794,Kolkata,346,1,3,15,Semi
IN16795,Kolkata,1162,3,2,15.89,Furnished
IN16796,Chennai,1311,4,3,15,Furnished
IN16797,Mumbai,1125,4,2,15,Unfurnished
IN16798,Bangalore,1070,2,3,15,Unfurnished
IN16799,Bangalore,1151,4,1,15,Semi
IN16800,Chennai,1458,3,2,18.73,Unfurnished
IN16801,Delhi,300,1,2,15,Furnished
IN16802,Delhi,663,3,2,15,Semi
IN16803,Delhi,792,3,2,15,Unfurnished
IN16804,Chennai,1098,1,1,15,Furnished
IN16805,Delhi,500,3,2,15,Semi
IN16806,Mumbai,836,1,2,17.39,Furnished
IN16807,Chennai,1454,2,2,21.0,Furnished
IN16808,Hyderabad,1619,1,3,18.55,Unfurnished
IN16809,Mumbai,1346,1,2,18.37,Semi
IN16810,Hyderabad,1222,2,2,15,Furnished
IN16811,Delhi,366,4,1,15,Furnished
IN16812,Delhi,750,2,2,15,Semi
IN16813,Delhi,807,2,2,15,Furnished
IN16814,Mumbai,920,4,2,15,Semi
IN16815,Hyderabad,1372,3,2,17.05,Furnished
IN16816,Bangalore,1446,3,2,18.37,Unfurnished
IN16817,Chennai,1046,4,2,15,Furnished
IN16818,Bangalore,1353,1,2,15.68,Semi
IN16819,Bangalore,1334,2,2,20.03,Furnished
IN16820,Kolkata,1983,1,2,15,Furnished
IN16821,Kolkata,1241,4,3,15,Semi
IN16822,Kolkata,854,3,2,15,Unfurnished
IN16823,Chennai,929,1,2,15,Semi
IN16824,Chennai,698,2,2,15,Semi
IN16825,Bangalore,999,3,3,15,Unfurnished
IN16826,Kolkata,1512,4,1,20.06,Semi
IN16827,Chennai,1314,4,3,19.69,Unfurnished
IN16828,Kolkata,1634,4,1,17.61,Unfurnished
IN16829,Hyderabad,1260,2,1,24.53,Furnished
IN16830,Delhi,1592,2,2,15,Unfurnished
IN16831,Hyderabad,1769,2,1,15,Unfurnished
IN16832,Kolkata,1293,2,1,15.51,Unfurnished
IN16833,Hyderabad,1453,2,3,22.43,Semi
IN16834,Mumbai,1514,2,2,15,Unfurnished
IN16835,Kolkata,1147,1,1,15,Semi
IN16836,Bangalore,1340,4,3,15,Semi
IN16837,Mumbai,1284,3,2,17.91,Unfurnished
IN16838,Hyderabad,959,2,1,15,Furnished
IN16839,Bangalore,465,4,1,15,Unfurnished
IN16840,Chennai,448,3,3,15,Unfurnished
IN16841,Mumbai,822,1,1,15,Semi
IN16842,Kolkata,1029,4,2,15,Semi
IN16843,Chennai,1711,3,3,15,Unfurnished
IN16844,Chennai,946,4,2,15,Unfurnished
IN16845,Delhi,438,1,1,15,Furnished
IN16846,Bangalore,1343,2,1,26.14,Semi
IN16847,Chennai,1271,4,2,15,Furnished
IN16848,Mumbai,1201,2,1,15,Semi
IN16849,Mumbai,774,3,2,15,Semi
IN16850,Delhi,1738,1,1,21.61,Unfurnished
IN16851,Delhi,1480,2,3,20.96,Furnished
IN16852,Hyderabad,463,1,1,15,Semi
IN16853,Delhi,838,2,1,15,Semi
IN16854,Delhi,1542,2,2,15,Semi
IN16855,Delhi,1265,1,1,18.31,Furnished
IN16856,Delhi,1089,2,1,15,Furnished
IN16857,Chennai,1133,3,1,15,Furnished
IN16858,Chennai,1547,1,2,15,Semi
IN16859,Hyderabad,1065,1,3,15,Unfurnished
IN16860,Mumbai,835,3,3,15,Semi
IN16861,Hyderabad,1408,2,1,15,Unfurnished
IN16862,Delhi,1373,1,3,16.16,Unfurnished
IN16863,Bangalore,1257,2,1,15,Semi
IN16864,Bangalore,1595,2,2,27.7,Unfurnished
IN16865,Bangalore,1109,3,2,15,Furnished
IN16866,Delhi,1652,2,3,15,Furnished
IN16867,Mumbai,705,4,1,15,Furnished
IN16868,Kolkata,1474,2,2,29.07,Furnished
IN16869,Bangalore,1432,3,2,15,Semi
IN16870,Hyderabad,1409,3,2,16.21,Furnished
IN16871,Hyderabad,1257,3,2,15,Semi
IN16872,Kolkata,1477,3,1,18.9,Unfurnished
IN16873,Bangalore,619,3,2,15,Furnished
IN16874,Hyderabad,603,3,2,15,Semi
IN16875,Chennai,886,2,3,15,Semi
IN16876,Mumbai,1103,4,2,15,Unfurnished
IN16877,Bangalore,876,3,3,15.26,Furnished
IN16878,Chennai,900,3,3,15,Furnished
IN16879,Kolkata,1518,4,3,15,Semi
IN16880,Mumbai,1096,3,1,15.2,Furnished
IN16881,Mumbai,300,3,2,15,Unfurnished
IN16882,Kolkata,596,3,2,15,Unfurnished
IN16883,Chennai,1603,4,2,15.77,Furnished
IN16884,Hyderabad,1350,3,3,17.66,Semi
IN16885,Chennai,967,3,3,15,Semi
IN16886,Kolkata,934,3,2,15,Unfurnished
IN16887,Mumbai,1254,2,3,15,Semi
IN16888,Bangalore,1006,1,2,16.33,Semi
IN16889,Bangalore,1810,2,2,16.19,Furnished
IN16890,Mumbai,751,2,1,15,Unfurnished
IN16891,Kolkata,1334,3,2,16.39,Unfurnished
IN16892,Mumbai,1753,2,3,15,Unfurnished
IN16893,Bangalore,1188,2,1,15,Semi
IN16894,Mumbai,409,2,1,15,Unfurnished
IN16895,Chennai,300,2,3,15,Furnished
IN16896,Hyderabad,511,2,2,15,Semi
IN16897,Kolkata,1336,2,2,15,Furnished
IN16898,Delhi,1664,2,2,15,Unfurnished
IN16899,Hyderabad,332,3,2,15,Furnished
IN16900,Chennai,1623,4,1,15,Unfurnished
IN16901,Mumbai,1435,2,2,15.88,Semi
IN16902,Mumbai,300,3,2,15,Furnished
IN16903,Mumbai,565,3,2,15,Semi
IN16904,Chennai,1447,2,2,15,Furnished
IN16905,Kolkata,1729,3,3,28.94,Unfurnished
IN16906,Chennai,795,2,3,15,Unfurnished
IN16907,Bangalore,1128,2,2,15,Furnished
IN16908,Hyderabad,1000,2,3,15,Unfurnished
IN16909,Mumbai,1330,2,2,17.03,Furnished
IN16910,Delhi,1196,3,2,16.32,Furnished
IN16911,Chennai,724,2,1,15,Unfurnished
IN16912,Hyderabad,706,2,3,15,Semi
IN16913,Kolkata,1103,1,3,18.34,Semi
IN16914,Kolkata,974,1,3,15,Furnished
IN16915,Chennai,920,2,3,18.31,Unfurnished
IN16916,Delhi,1842,1,2,24.48,Unfurnished
IN16917,Mumbai,1560,2,3,24.22,Semi
IN16918,Kolkata,1379,2,2,19.33,Furnished
IN16919,Delhi,1069,1,1,15,Semi
IN16920,Kolkata,386,2,3,15,Semi
IN16921,Delhi,390,3,1,15,Unfurnished
IN16922,Bangalore,1084,2,1,16.08,Furnished
IN16923,Delhi,566,1,2,15,Unfurnished
IN16924,Delhi,1051,3,2,17.52,Furnished
IN16925,Chennai,1562,2,2,28.47,Semi
IN16926,Delhi,1902,4,2,21.63,Unfurnished
IN16927,Mumbai,373,1,1,15,Unfurnished
IN16928,Delhi,460,2,1,15,Furnished
IN16929,Mumbai,551,4,3,15,Unfurnished
IN16930,Kolkata,984,2,1,15,Unfurnished
IN16931,Mumbai,1826,1,2,17.77,Unfurnished
IN16932,Delhi,863,2,3,15,Furnished
IN16933,Kolkata,1489,4,1,15,Semi
IN16934,Mumbai,625,4,1,15,Furnished
IN16935,Mumbai,1608,3,3,21.08,Unfurnished
IN16936,Hyderabad,447,4,2,15,Unfurnished
IN16937,Mumbai,1113,2,2,15,Unfurnished
IN16938,Mumbai,300,2,1,15,Furnished
IN16939,Kolkata,1533,2,3,15.59,Unfurnished
IN16940,Kolkata,1086,2,1,18.07,Semi
IN16941,Mumbai,1081,2,2,15,Unfurnished
IN16942,Chennai,1010,4,1,15,Semi
IN16943,Chennai,1410,4,3,15,Unfurnished
IN16944,Kolkata,1297,3,1,15,Furnished
IN16945,Delhi,734,3,3,15,Unfurnished
IN16946,Kolkata,1021,3,1,15.67,Unfurnished
IN16947,Kolkata,1679,1,2,27.89,Furnished
IN16948,Bangalore,1057,2,2,15,Semi
IN16949,Delhi,1402,2,2,15,Unfurnished
IN16950,Mumbai,522,3,3,15,Unfurnished
IN16951,Delhi,1193,3,3,15,Unfurnished
IN16952,Mumbai,999,3,3,15,Semi
IN16953,Mumbai,1281,4,1,18.12,Unfurnished
IN16954,Delhi,1240,2,3,15,Semi
IN16955,Bangalore,729,3,3,15,Furnished
IN16956,Mumbai,1432,2,1,15,Furnished
IN16957,Hyderabad,1033,2,1,15,Semi
IN16958,Hyderabad,1386,4,1,16.15,Furnished
IN16959,Kolkata,300,2,1,15,Unfurnished
IN16960,Mumbai,1235,3,2,15,Furnished
IN16961,Chennai,672,3,3,15,Unfurnished
IN16962,Mumbai,796,3,1,15,Furnished
IN16963,Kolkata,711,2,2,15,Unfurnished
IN16964,Kolkata,932,2,2,15,Furnished
IN16965,Delhi,826,4,2,15,Unfurnished
IN16966,Delhi,1350,1,2,18.86,Furnished
IN16967,Chennai,1919,4,2,24.76,Unfurnished
IN16968,Kolkata,1331,2,2,15.95,Furnished
IN16969,Hyderabad,736,4,2,15,Furnished
IN16970,Hyderabad,1368,3,3,20.19,Unfurnished
IN16971,Delhi,430,3,3,15,Unfurnished
IN16972,Hyderabad,428,2,2,15,Furnished
IN16973,Hyderabad,1048,2,2,15.23,Furnished
IN16974,Kolkata,1195,3,2,20.67,Unfurnished
IN16975,Mumbai,952,2,2,15,Unfurnished
IN16976,Delhi,891,2,1,15,Semi
IN16977,Chennai,1226,2,2,15,Semi
IN16978,Hyderabad,1051,3,1,19.91,Unfurnished
IN16979,Chennai,869,4,2,15,Furnished
IN16980,Mumbai,1586,4,2,15,Unfurnished
IN16981,Bangalore,1173,3,2,15,Unfurnished
IN16982,Chennai,1175,3,2,15,Furnished
IN16983,Delhi,1734,1,3,15,Unfurnished
IN16984,Chennai,1064,1,3,15.47,Furnished
IN16985,Hyderabad,1533,2,2,15,Semi
IN16986,Mumbai,1244,1,1,15,Furnished
IN16987,Hyderabad,1210,4,1,15,Furnished
IN16988,Hyderabad,1198,3,1,15,Semi
IN16989,Mumbai,1662,1,1,24.78,Furnished
IN16990,Mumbai,550,3,2,15,Semi
IN16991,Mumbai,612,2,2,15,Unfurnished
IN16992,Delhi,835,4,2,15,Unfurnished
IN16993,Mumbai,761,3,3,15,Semi
IN16994,Bangalore,1607,3,2,15,Semi
IN16995,Delhi,1151,3,2,15,Semi
IN16996,Hyderabad,1760,3,1,15,Semi
IN16997,Delhi,1964,4,2,19.58,Semi
IN16998,Mumbai,1153,2,3,17.6,Furnished
IN16999,Delhi,1426,3,2,15,Semi
IN17000,Delhi,1124,3,2,15,Semi
IN17001,Delhi,1354,4,2,20.6,Unfurnished
IN17002,Kolkata,1328,2,1,16.38,Unfurnished
IN17003,Kolkata,1174,3,2,22.14,Furnished
IN17004,Chennai,1101,3,3,15,Unfurnished
IN17005,Hyderabad,1562,2,2,27.41,Semi
IN17006,Chennai,565,3,2,15,Unfurnished
IN17007,Mumbai,2035,1,2,15,Semi
IN17008,Mumbai,300,3,2,15,Furnished
IN17009,Hyderabad,300,4,2,15,Unfurnished
IN17010,Bangalore,1436,2,2,15,Unfurnished
IN17011,Delhi,713,1,3,15,Unfurnished
IN17012,Chennai,1308,1,3,25.98,Furnished
IN17013,Bangalore,1603,2,2,15,Unfurnished
IN17014,Kolkata,518,2,1,15,Furnished
IN17015,Delhi,1472,2,1,20.36,Furnished
IN17016,Hyderabad,830,4,2,15,Semi
IN17017,Mumbai,1266,1,2,15,Furnished
IN17018,Chennai,1207,2,2,22.83,Semi
IN17019,Mumbai,2173,1,1,33.67,Semi
IN17020,Chennai,1237,3,2,15,Unfurnished
IN17021,Hyderabad,1113,4,1,16.02,Semi
IN17022,Bangalore,695,3,2,15,Furnished
IN17023,Hyderabad,1045,3,2,16.98,Semi
IN17024,Bangalore,723,4,2,15,Unfurnished
IN17025,Hyderabad,1124,4,1,15,Furnished
IN17026,Delhi,1820,3,3,25.34,Semi
IN17027,Delhi,616,4,2,15,Furnished
IN17028,Hyderabad,1892,3,2,15,Furnished
IN17029,Bangalore,722,2,1,15,Furnished
IN17030,Bangalore,1316,2,2,15,Furnished
IN17031,Chennai,1386,1,2,18.54,Unfurnished
IN17032,Chennai,810,2,2,15,Unfurnished
IN17033,Chennai,1033,3,1,15,Semi
IN17034,Bangalore,1220,1,2,15,Semi
IN17035,Mumbai,1860,3,1,15,Furnished
IN17036,Delhi,678,4,2,15,Furnished
IN17037,Bangalore,1747,1,2,19.89,Semi
IN17038,Delhi,842,3,2,15,Unfurnished
IN17039,Delhi,937,3,2,15,Unfurnished
IN17040,Hyderabad,1437,3,1,15,Semi
IN17041,Delhi,1248,4,1,15,Furnished
IN17042,Bangalore,1150,3,1,15,Unfurnished
IN17043,Bangalore,2128,3,2,35.73,Unfurnished
IN17044,Kolkata,2202,4,2,31.95,Semi
IN17045,Kolkata,1246,1,3,19.03,Semi
IN17046,Bangalore,753,3,1,15,Unfurnished
IN17047,Delhi,1410,2,2,15,Furnished
IN17048,Mumbai,1507,2,3,16.61,Semi
IN17049,Bangalore,1092,3,2,15,Furnished
IN17050,Kolkata,1944,1,3,15.94,Furnished
IN17051,Hyderabad,1739,2,3,28.77,Unfurnished
IN17052,Hyderabad,780,2,1,15,Unfurnished
IN17053,Kolkata,734,1,3,15,Furnished
IN17054,Kolkata,1342,4,2,22.91,Unfurnished
IN17055,Bangalore,781,1,2,15,Semi
IN17056,Kolkata,1254,3,3,15,Unfurnished
IN17057,Mumbai,1334,2,2,15,Furnished
IN17058,Kolkata,1175,2,2,15,Unfurnished
IN17059,Kolkata,877,2,2,15,Furnished
IN17060,Chennai,871,4,3,15,Semi
IN17061,Delhi,472,2,2,15,Unfurnished
IN17062,Kolkata,1131,1,2,22.66,Semi
IN17063,Delhi,1221,1,3,15,Semi
IN17064,Bangalore,672,3,1,15,Semi
IN17065,Hyderabad,1695,3,2,19.98,Furnished
IN17066,Kolkata,2175,4,3,22.6,Furnished
IN17067,Chennai,1305,3,2,17.73,Unfurnished
IN17068,Bangalore,1188,3,3,17.04,Furnished
IN17069,Bangalore,1075,2,2,21.79,Unfurnished
IN17070,Chennai,1302,1,1,15,Furnished
IN17071,Hyderabad,692,3,2,15,Semi
IN17072,Hyderabad,1525,1,2,24.36,Unfurnished
IN17073,Kolkata,593,2,3,15,Furnished
IN17074,Chennai,1720,4,1,15,Furnished
IN17075,Chennai,1254,4,1,19.66,Unfurnished
IN17076,Hyderabad,1173,2,2,17.93,Semi
IN17077,Kolkata,1272,2,2,17.57,Semi
IN17078,Delhi,1575,2,2,22.63,Semi
IN17079,Delhi,725,1,2,15,Semi
IN17080,Hyderabad,1981,1,3,23.4,Furnished
IN17081,Chennai,674,2,2,15,Semi
IN17082,Kolkata,663,2,1,15,Unfurnished
IN17083,Delhi,589,2,2,15,Unfurnished
IN17084,Chennai,1139,2,2,15,Unfurnished
IN17085,Delhi,422,3,3,15,Unfurnished
IN17086,Bangalore,1456,2,3,22.13,Semi
IN17087,Delhi,2108,2,2,46.36,Unfurnished
IN17088,Kolkata,390,3,3,15,Semi
IN17089,Chennai,300,2,3,15,Unfurnished
IN17090,Kolkata,956,2,3,15,Unfurnished
IN17091,Hyderabad,666,4,1,15,Furnished
IN17092,Hyderabad,300,2,2,15,Unfurnished
IN17093,Chennai,1115,2,2,21.3,Furnished
IN17094,Chennai,1345,3,2,15,Semi
IN17095,Chennai,753,3,1,15,Semi
IN17096,Hyderabad,942,3,1,15,Furnished
IN17097,Hyderabad,1451,1,1,15,Furnished
IN17098,Delhi,1882,1,1,19.48,Semi
IN17099,Bangalore,300,3,1,15,Semi
IN17100,Bangalore,839,2,2,15,Furnished
IN17101,Kolkata,904,1,3,15,Unfurnished
IN17102,Delhi,1009,3,2,15,Semi
IN17103,Mumbai,1387,1,2,20.49,Unfurnished
IN17104,Delhi,1217,3,3,15,Unfurnished
IN17105,Hyderabad,1387,2,1,28.02,Unfurnished
IN17106,Kolkata,1104,2,2,15,Semi
IN17107,Chennai,1590,3,3,15.77,Furnished
IN17108,Delhi,1872,3,2,25.05,Semi
IN17109,Hyderabad,553,3,2,15,Furnished
IN17110,Mumbai,1170,3,1,16.91,Furnished
IN17111,Kolkata,1373,4,3,20.24,Unfurnished
IN17112,Kolkata,1019,3,3,15,Semi
IN17113,Kolkata,633,4,3,15,Unfurnished
IN17114,Delhi,892,2,2,15,Unfurnished
IN17115,Chennai,582,2,3,15,Semi
IN17116,Kolkata,524,2,2,15,Semi
IN17117,Hyderabad,817,2,2,15,Furnished
IN17118,Mumbai,1665,3,2,34.64,Semi
IN17119,Bangalore,742,3,3,15,Unfurnished
IN17120,Hyderabad,1243,3,3,15,Unfurnished
IN17121,Delhi,1109,2,3,15,Unfurnished
IN17122,Delhi,883,3,3,15,Semi
IN17123,Bangalore,803,2,3,15,Semi
IN17124,Delhi,671,1,2,15,Unfurnished
IN17125,Bangalore,1484,1,2,16.27,Semi
IN17126,Chennai,1000,3,3,15,Furnished
IN17127,Kolkata,641,1,3,15,Semi
IN17128,Delhi,2050,2,2,28.17,Semi
IN17129,Kolkata,1953,2,2,22.11,Semi
IN17130,Mumbai,1835,2,2,22.15,Unfurnished
IN17131,Delhi,1295,2,2,19.84,Semi
IN17132,Chennai,734,3,2,15,Furnished
IN17133,Chennai,1039,3,2,15.17,Unfurnished
IN17134,Delhi,981,3,3,15,Semi
IN17135,Bangalore,1941,1,2,19.47,Furnished
IN17136,Kolkata,300,2,3,15,Unfurnished
IN17137,Bangalore,1498,2,3,15,Furnished
IN17138,Bangalore,1007,2,1,17.15,Furnished
IN17139,Kolkata,838,1,2,15,Semi
IN17140,Delhi,1135,2,3,15,Unfurnished
IN17141,Mumbai,1070,2,3,15,Semi
IN17142,Hyderabad,827,2,2,15,Unfurnished
IN17143,Delhi,1719,4,1,15,Unfurnished
IN17144,Delhi,1845,4,1,23.75,Unfurnished
IN17145,Hyderabad,971,3,1,15,Furnished
IN17146,Kolkata,1456,4,1,26.4,Semi
IN17147,Delhi,1247,4,2,18.49,Semi
IN17148,Kolkata,1374,1,1,26.76,Unfurnished
IN17149,Kolkata,724,2,2,15,Semi
IN17150,Bangalore,890,1,3,15,Semi
IN17151,Kolkata,1413,4,3,17.41,Semi
IN17152,Hyderabad,956,1,2,15.56,Furnished
IN17153,Hyderabad,1282,1,2,17.99,Semi
IN17154,Hyderabad,1014,2,1,15,Furnished
IN17155,Delhi,911,3,2,15,Furnished
IN17156,Kolkata,957,3,2,15,Furnished
IN17157,Bangalore,1457,3,2,23.13,Furnished
IN17158,Chennai,1045,2,2,15,Unfurnished
IN17159,Hyderabad,1246,3,2,15.57,Semi
IN17160,Hyderabad,1144,1,2,15,Furnished
IN17161,Bangalore,1546,2,3,15.36,Unfurnished
IN17162,Hyderabad,1047,1,3,15,Semi
IN17163,Mumbai,591,2,1,15,Furnished
IN17164,Bangalore,1172,3,2,17.67,Furnished
IN17165,Hyderabad,1725,3,2,15,Semi
IN17166,Hyderabad,1292,2,3,16.25,Furnished
IN17167,Chennai,590,3,1,15,Unfurnished
IN17168,Bangalore,1150,2,1,15,Semi
IN17169,Mumbai,1241,1,2,16.09,Unfurnished
IN17170,Hyderabad,794,2,2,15,Semi
IN17171,Hyderabad,1650,1,3,25.26,Unfurnished
IN17172,Bangalore,1182,2,3,15,Furnished
IN17173,Chennai,1123,4,2,15,Unfurnished
IN17174,Delhi,634,1,2,15,Furnished
IN17175,Kolkata,1052,3,3,15,Semi
IN17176,Bangalore,1276,2,2,16.3,Furnished
IN17177,Delhi,1266,4,3,17.48,Furnished
IN17178,Hyderabad,1426,3,3,29.18,Unfurnished
IN17179,Chennai,1427,4,2,15,Semi
IN17180,Bangalore,1287,4,1,20.71,Unfurnished
IN17181,Mumbai,758,1,3,15,Unfurnished
IN17182,Delhi,549,2,2,15,Unfurnished
IN17183,Chennai,1265,3,3,15,Semi
IN17184,Mumbai,1496,1,2,15,Semi
IN17185,Kolkata,1674,3,2,15,Unfurnished
IN17186,Hyderabad,607,3,3,15,Furnished
IN17187,Kolkata,1076,3,1,15,Unfurnished
IN17188,Delhi,605,3,3,15,Unfurnished
IN17189,Hyderabad,1065,2,2,15,Semi
IN17190,Kolkata,1046,4,2,15,Unfurnished
IN17191,Bangalore,1122,3,1,15,Unfurnished
IN17192,Hyderabad,838,2,2,15,Furnished
IN17193,Bangalore,1313,2,3,24.62,Unfurnished
IN17194,Delhi,868,2,3,15,Furnished
IN17195,Hyderabad,1045,2,3,15,Semi
IN17196,Kolkata,799,3,2,15,Semi
IN17197,Mumbai,996,4,3,16.27,Furnished
IN17198,Bangalore,355,1,2,15,Unfurnished
IN17199,Hyderabad,1240,4,2,15,Semi
IN17200,Mumbai,889,3,2,15,Unfurnished
IN17201,Hyderabad,1637,3,2,15.55,Unfurnished
IN17202,Bangalore,1173,1,2,15,Semi
IN17203,Bangalore,833,3,2,15,Furnished
IN17204,Delhi,430,2,2,15,Unfurnished
IN17205,Mumbai,1904,2,2,15,Unfurnished
IN17206,Hyderabad,579,4,2,15,Furnished
IN17207,Kolkata,1458,3,2,20.25,Unfurnished
IN17208,Mumbai,920,2,2,15,Semi
IN17209,Delhi,821,2,2,15,Unfurnished
IN17210,Chennai,873,3,3,15,Unfurnished
IN17211,Hyderabad,2001,3,1,15,Semi
IN17212,Delhi,1177,1,3,20.19,Furnished
IN17213,Delhi,1433,3,1,21.07,Semi
IN17214,Bangalore,506,4,2,15,Unfurnished
IN17215,Mumbai,1251,4,2,18.16,Unfurnished
IN17216,Bangalore,1734,4,2,18.09,Furnished
IN17217,Hyderabad,546,2,3,15,Furnished
IN17218,Hyderabad,897,4,1,15,Unfurnished
IN17219,Bangalore,1394,2,2,15,Semi
IN17220,Hyderabad,1157,4,2,15,Semi
IN17221,Hyderabad,1434,2,2,16.42,Furnished
IN17222,Delhi,1678,3,1,33.6,Unfurnished
IN17223,Bangalore,1073,3,3,19.77,Unfurnished
IN17224,Bangalore,1336,3,2,19.69,Unfurnished
IN17225,Bangalore,1457,4,2,20.0,Semi
IN17226,Kolkata,525,2,2,15,Unfurnished
IN17227,Delhi,1150,4,2,17.5,Furnished
IN17228,Mumbai,767,1,1,15,Unfurnished
IN17229,Chennai,1126,4,1,15,Unfurnished
IN17230,Chennai,934,2,3,15,Unfurnished
IN17231,Chennai,729,4,1,15,Unfurnished
IN17232,Delhi,1191,4,1,15,Furnished
IN17233,Bangalore,832,3,1,15,Furnished
IN17234,Mumbai,1884,2,2,19.75,Semi
IN17235,Mumbai,1190,2,3,15,Semi
IN17236,Bangalore,1669,1,2,25.27,Furnished
IN17237,Delhi,878,4,3,15,Unfurnished
IN17238,Hyderabad,390,3,2,15,Unfurnished
IN17239,Chennai,1104,3,2,15,Furnished
IN17240,Delhi,1916,3,1,23.35,Furnished
IN17241,Hyderabad,1002,2,3,15,Semi
IN17242,Hyderabad,1198,4,2,15,Semi
IN17243,Bangalore,1173,2,2,17.3,Furnished
IN17244,Mumbai,985,4,3,15,Unfurnished
IN17245,Delhi,433,3,3,15,Unfurnished
IN17246,Bangalore,1225,1,2,15,Furnished
IN17247,Hyderabad,883,4,2,15,Unfurnished
IN17248,Hyderabad,1300,3,2,15,Semi
IN17249,Kolkata,1442,2,2,16.4,Semi
IN17250,Kolkata,1297,3,3,19.95,Unfurnished
IN17251,Chennai,733,3,3,15,Unfurnished
IN17252,Kolkata,1568,3,2,25.36,Furnished
IN17253,Bangalore,965,2,3,15,Furnished
IN17254,Hyderabad,543,3,2,15,Semi
IN17255,Kolkata,378,2,3,15,Furnished
IN17256,Mumbai,663,1,1,15,Furnished
IN17257,Mumbai,1285,3,3,17.77,Semi
IN17258,Chennai,712,2,1,15,Semi
IN17259,Mumbai,1181,1,2,18.42,Unfurnished
IN17260,Chennai,384,4,1,15,Unfurnished
IN17261,Hyderabad,1072,4,1,17.25,Semi
IN17262,Delhi,789,1,2,15,Unfurnished
IN17263,Kolkata,1185,3,2,15,Unfurnished
IN17264,Kolkata,2384,3,2,23.91,Unfurnished
IN17265,Mumbai,300,3,1,15,Furnished
IN17266,Delhi,734,3,2,15,Semi
IN17267,Bangalore,1647,3,3,31.09,Semi
IN17268,Kolkata,840,3,2,15,Furnished
IN17269,Hyderabad,511,3,3,15,Semi
IN17270,Chennai,873,3,3,17.54,Semi
IN17271,Mumbai,429,3,1,15,Semi
IN17272,Bangalore,896,1,3,15,Unfurnished
IN17273,Kolkata,1164,2,2,15,Semi
IN17274,Delhi,635,4,2,15,Furnished
IN17275,Hyderabad,304,3,3,15,Furnished
IN17276,Delhi,1566,4,2,15,Semi
IN17277,Bangalore,1056,3,1,15,Semi
IN17278,Delhi,507,1,3,15,Furnished
IN17279,Mumbai,1003,3,2,15,Furnished
IN17280,Hyderabad,552,4,2,15,Semi
IN17281,Chennai,332,2,3,15,Semi
IN17282,Bangalore,1658,3,1,20.65,Semi
IN17283,Chennai,1396,2,2,19.65,Furnished
IN17284,Mumbai,432,3,3,15,Semi
IN17285,Kolkata,1164,1,2,18.52,Semi
IN17286,Kolkata,1608,1,1,15,Unfurnished
IN17287,Kolkata,1236,3,3,15.71,Furnished
IN17288,Bangalore,1388,2,3,23.02,Unfurnished
IN17289,Bangalore,830,2,3,15,Unfurnished
IN17290,Bangalore,1848,2,1,31.51,Unfurnished
IN17291,Chennai,1653,3,2,15,Semi
IN17292,Delhi,583,2,2,15,Unfurnished
IN17293,Chennai,673,3,2,15,Semi
IN17294,Delhi,1109,1,1,15,Furnished
IN17295,Mumbai,1058,3,2,17.27,Furnished
IN17296,Chennai,1141,3,2,15,Furnished
IN17297,Hyderabad,1857,1,3,27.63,Furnished
IN17298,Kolkata,856,1,2,15,Furnished
IN17299,Hyderabad,649,3,2,15,Semi
IN17300,Kolkata,1283,1,2,21.38,Furnished
IN17301,Hyderabad,676,1,3,15,Furnished
IN17302,Hyderabad,1459,2,1,15,Furnished
IN17303,Chennai,960,2,1,15,Unfurnished
IN17304,Hyderabad,1511,3,1,20.62,Furnished
IN17305,Bangalore,445,2,2,15,Semi
IN17306,Mumbai,311,2,1,15,Semi
IN17307,Chennai,1664,3,3,24.56,Semi
IN17308,Kolkata,1117,4,2,15,Furnished
IN17309,Chennai,612,2,2,15,Unfurnished
IN17310,Hyderabad,1839,2,1,19.14,Semi
IN17311,Mumbai,786,1,1,15,Unfurnished
IN17312,Bangalore,1297,4,1,15.78,Semi
IN17313,Mumbai,819,3,1,15,Unfurnished
IN17314,Hyderabad,1460,2,1,15,Semi
IN17315,Chennai,1300,1,1,15,Semi
IN17316,Bangalore,300,3,2,15,Unfurnished
IN17317,Kolkata,1332,4,3,15,Semi
IN17318,Delhi,1961,3,2,16.26,Unfurnished
IN17319,Hyderabad,1227,3,2,15,Unfurnished
IN17320,Hyderabad,1271,4,2,21.84,Furnished
IN17321,Bangalore,799,4,3,15,Unfurnished
IN17322,Hyderabad,989,2,2,17.45,Semi
IN17323,Kolkata,1427,3,3,17.36,Furnished
IN17324,Bangalore,1451,3,2,24.55,Semi
IN17325,Mumbai,1347,2,2,15,Furnished
IN17326,Mumbai,961,2,2,15,Unfurnished
IN17327,Bangalore,619,1,3,15,Unfurnished
IN17328,Kolkata,755,2,2,15,Unfurnished
IN17329,Hyderabad,480,1,3,15,Unfurnished
IN17330,Bangalore,1209,2,1,17.73,Semi
IN17331,Mumbai,1393,1,2,24.98,Unfurnished
IN17332,Delhi,1336,2,2,15.75,Unfurnished
IN17333,Kolkata,1440,2,1,22.02,Furnished
IN17334,Chennai,1990,2,1,17.17,Semi
IN17335,Delhi,643,2,2,15,Furnished
IN17336,Kolkata,1299,2,3,15.26,Furnished
IN17337,Mumbai,1424,2,2,23.71,Furnished
IN17338,Delhi,1292,2,3,15,Unfurnished
IN17339,Chennai,1635,2,2,25.78,Semi
IN17340,Bangalore,1143,1,3,17.48,Unfurnished
IN17341,Chennai,942,2,1,16.39,Unfurnished
IN17342,Bangalore,1432,4,2,15,Furnished
IN17343,Kolkata,926,4,2,18.9,Furnished
IN17344,Hyderabad,1642,1,1,35.3,Unfurnished
IN17345,Kolkata,1258,1,2,15,Unfurnished
IN17346,Kolkata,1369,3,2,24.01,Unfurnished
IN17347,Mumbai,1617,3,2,18.31,Furnished
IN17348,Hyderabad,679,2,2,15.6,Unfurnished
IN17349,Kolkata,300,3,2,15,Semi
IN17350,Mumbai,1644,3,2,24.24,Unfurnished
IN17351,Kolkata,631,2,2,15,Unfurnished
IN17352,Delhi,1217,3,2,19.51,Furnished
IN17353,Kolkata,1214,1,3,15,Unfurnished
IN17354,Delhi,1192,3,1,17.35,Unfurnished
IN17355,Hyderabad,622,1,3,15,Unfurnished
IN17356,Bangalore,1264,1,2,16.89,Furnished
IN17357,Mumbai,647,1,2,15,Furnished
IN17358,Chennai,1505,2,2,18.55,Furnished
IN17359,Bangalore,1276,2,3,16.77,Furnished
IN17360,Bangalore,911,3,2,15,Semi
IN17361,Kolkata,1923,3,1,33.02,Semi
IN17362,Bangalore,1180,3,2,15,Semi
IN17363,Hyderabad,1206,3,3,19.45,Unfurnished
IN17364,Bangalore,1633,2,1,24.14,Furnished
IN17365,Chennai,1508,3,2,19.33,Semi
IN17366,Chennai,595,3,2,15,Semi
IN17367,Delhi,913,3,2,15,Semi
IN17368,Kolkata,1239,4,2,15,Unfurnished
IN17369,Kolkata,300,2,2,15,Unfurnished
IN17370,Mumbai,635,2,3,15,Semi
IN17371,Hyderabad,597,3,2,15,Semi
IN17372,Chennai,1747,3,2,15,Furnished
IN17373,Mumbai,806,2,2,15,Semi
IN17374,Chennai,1136,4,3,15,Semi
IN17375,Chennai,1196,3,2,20.95,Semi
IN17376,Delhi,1184,3,2,20.99,Unfurnished
IN17377,Hyderabad,300,3,1,15,Furnished
IN17378,Kolkata,485,2,2,15,Unfurnished
IN17379,Chennai,389,3,2,15,Semi
IN17380,Kolkata,1119,3,2,15,Semi
IN17381,Delhi,1276,4,2,15,Unfurnished
IN17382,Bangalore,1444,2,1,15,Semi
IN17383,Delhi,1907,2,1,16.86,Unfurnished
IN17384,Bangalore,486,2,2,15,Semi
IN17385,Mumbai,990,3,2,18.38,Semi
IN17386,Kolkata,1287,3,1,25.95,Furnished
IN17387,Mumbai,963,4,2,15,Semi
IN17388,Chennai,1138,4,2,15,Furnished
IN17389,Bangalore,1121,1,3,15,Furnished
IN17390,Kolkata,1105,2,1,21.08,Furnished
IN17391,Kolkata,1470,4,2,15,Semi
IN17392,Kolkata,713,4,2,15,Furnished
IN17393,Bangalore,300,3,2,15,Furnished
IN17394,Chennai,1322,1,2,24.29,Furnished
IN17395,Delhi,717,2,1,15,Furnished
IN17396,Delhi,1226,4,3,21.83,Unfurnished
IN17397,Bangalore,459,4,2,15,Semi
IN17398,Bangalore,457,3,3,15,Unfurnished
IN17399,Hyderabad,496,3,1,15,Furnished
IN17400,Hyderabad,945,3,2,15,Furnished
IN17401,Hyderabad,1140,4,3,16.13,Furnished
IN17402,Chennai,991,3,3,15,Unfurnished
IN17403,Chennai,1507,4,2,15.63,Unfurnished
IN17404,Kolkata,970,2,2,15,Furnished
IN17405,Hyderabad,1365,4,2,20.13,Furnished
IN17406,Bangalore,1265,4,3,15,Unfurnished
IN17407,Mumbai,1767,3,2,16.49,Semi
IN17408,Delhi,1080,3,2,17.28,Semi
IN17409,Hyderabad,932,3,1,15.79,Semi
IN17410,Kolkata,662,3,2,15,Semi
IN17411,Bangalore,1455,3,2,15,Unfurnished
IN17412,Bangalore,1102,3,3,16.94,Unfurnished
IN17413,Bangalore,1136,1,2,20.3,Furnished
IN17414,Mumbai,1559,2,3,19.06,Furnished
IN17415,Mumbai,1956,1,1,26.8,Semi
IN17416,Chennai,2317,2,2,35.39,Furnished
IN17417,Bangalore,558,2,3,15,Semi
IN17418,Mumbai,1046,3,2,19.06,Furnished
IN17419,Bangalore,671,3,2,15,Semi
IN17420,Hyderabad,1244,1,1,15,Furnished
IN17421,Chennai,1090,2,2,15,Semi
IN17422,Hyderabad,573,4,1,15,Furnished
IN17423,Kolkata,300,4,3,15,Furnished
IN17424,Hyderabad,386,3,2,15,Furnished
IN17425,Chennai,1823,3,2,15.12,Furnished
IN17426,Mumbai,901,4,2,15,Furnished
IN17427,Kolkata,1341,4,1,15,Unfurnished
IN17428,Kolkata,1645,3,3,21.58,Furnished
IN17429,Hyderabad,1024,3,1,15,Furnished
IN17430,Bangalore,1655,3,2,17.58,Unfurnished
IN17431,Chennai,1206,1,1,15,Unfurnished
IN17432,Delhi,1011,4,1,16.53,Semi
IN17433,Delhi,1412,4,2,15,Furnished
IN17434,Bangalore,1168,4,3,17.01,Unfurnished
IN17435,Chennai,1178,1,3,16.36,Furnished
IN17436,Hyderabad,422,3,2,15,Furnished
IN17437,Hyderabad,1099,2,2,17.57,Furnished
IN17438,Delhi,1333,2,3,15,Furnished
IN17439,Mumbai,1470,3,2,21.02,Furnished
IN17440,Kolkata,750,2,2,15,Semi
IN17441,Kolkata,1268,3,2,15,Unfurnished
IN17442,Kolkata,1557,2,2,15,Furnished
IN17443,Kolkata,1412,4,2,15,Furnished
IN17444,Mumbai,1024,3,1,15,Furnished
IN17445,Delhi,1225,1,3,15,Unfurnished
IN17446,Bangalore,1268,3,1,23.62,Semi
IN17447,Delhi,1642,3,2,19.02,Semi
IN17448,Hyderabad,1129,3,1,17.38,Furnished
IN17449,Kolkata,1477,3,2,18.36,Unfurnished
IN17450,Hyderabad,1466,2,1,15,Unfurnished
IN17451,Delhi,1470,2,2,26.21,Furnished
IN17452,Mumbai,1549,3,2,15.27,Semi
IN17453,Kolkata,843,2,3,15,Semi
IN17454,Hyderabad,822,2,2,15,Unfurnished
IN17455,Hyderabad,633,1,2,15,Furnished
IN17456,Mumbai,570,2,2,15,Furnished
IN17457,Chennai,1459,2,2,23.26,Furnished
IN17458,Delhi,1147,1,1,18.64,Semi
IN17459,Bangalore,668,4,2,15,Unfurnished
IN17460,Kolkata,1376,3,1,15.25,Unfurnished
IN17461,Mumbai,1457,3,2,23.29,Furnished
IN17462,Hyderabad,1937,3,1,31.18,Semi
IN17463,Hyderabad,1708,2,3,15,Semi
IN17464,Kolkata,579,2,2,15,Furnished
IN17465,Kolkata,798,3,2,15,Furnished
IN17466,Delhi,589,1,2,15,Unfurnished
IN17467,Delhi,1489,2,3,20.35,Semi
IN17468,Delhi,1672,2,2,20.42,Unfurnished
IN17469,Bangalore,1497,1,2,15,Unfurnished
IN17470,Kolkata,691,4,2,15,Furnished
IN17471,Hyderabad,533,2,2,15,Furnished
IN17472,Kolkata,1696,4,3,26.78,Furnished
IN17473,Delhi,300,2,3,15,Furnished
IN17474,Kolkata,534,2,2,15,Unfurnished
IN17475,Hyderabad,930,2,2,15,Semi
IN17476,Bangalore,1129,2,2,15,Furnished
IN17477,Chennai,1107,1,2,15,Furnished
IN17478,Chennai,777,4,2,15,Furnished
IN17479,Bangalore,1520,2,3,23.91,Unfurnished
IN17480,Delhi,1702,3,2,22.57,Furnished
IN17481,Bangalore,1502,1,3,15.41,Furnished
IN17482,Delhi,1454,2,3,16.06,Furnished
IN17483,Delhi,2556,1,3,34.29,Semi
IN17484,Mumbai,868,3,2,15,Unfurnished
IN17485,Bangalore,1129,4,2,15.78,Semi
IN17486,Kolkata,300,4,2,15,Furnished
IN17487,Delhi,1220,3,2,17.48,Semi
IN17488,Hyderabad,532,1,1,15,Semi
IN17489,Bangalore,1421,3,2,15,Unfurnished
IN17490,Delhi,665,3,3,15,Semi
IN17491,Bangalore,1519,2,3,22.13,Semi
IN17492,Kolkata,734,4,2,15,Furnished
IN17493,Kolkata,1377,4,1,15,Semi
IN17494,Chennai,937,1,3,15,Furnished
IN17495,Chennai,1328,2,3,15,Unfurnished
IN17496,Mumbai,351,4,2,15,Furnished
IN17497,Chennai,945,4,3,15,Semi
IN17498,Mumbai,300,4,2,15,Furnished
IN17499,Chennai,1732,3,2,17.21,Unfurnished
IN17500,Mumbai,1591,2,2,20.27,Furnished
IN17501,Bangalore,482,1,3,15,Unfurnished
IN17502,Kolkata,803,1,2,15,Unfurnished
IN17503,Mumbai,897,4,1,15,Unfurnished
IN17504,Chennai,300,3,2,15,Unfurnished
IN17505,Bangalore,1050,3,2,15,Unfurnished
IN17506,Delhi,829,2,2,15,Furnished
IN17507,Delhi,1774,2,2,22.4,Furnished
IN17508,Bangalore,300,4,2,15,Unfurnished
IN17509,Bangalore,1444,3,1,16.39,Unfurnished
IN17510,Kolkata,947,2,1,15,Semi
IN17511,Bangalore,1378,4,2,20.54,Furnished
IN17512,Kolkata,963,1,2,15,Semi
IN17513,Hyderabad,1568,1,3,22.04,Semi
IN17514,Mumbai,1733,1,2,24.82,Furnished
IN17515,Delhi,1220,3,3,16.03,Semi
IN17516,Mumbai,418,3,2,15,Unfurnished
IN17517,Kolkata,870,3,2,15,Semi
IN17518,Delhi,1231,2,2,15,Unfurnished
IN17519,Delhi,933,3,2,18.01,Unfurnished
IN17520,Bangalore,1454,4,2,15,Furnished
IN17521,Chennai,1443,1,3,21.06,Unfurnished
IN17522,Hyderabad,809,1,1,15,Unfurnished
IN17523,Mumbai,538,2,1,15,Semi
IN17524,Hyderabad,986,4,2,15,Semi
IN17525,Kolkata,1001,1,2,15,Furnished
IN17526,Bangalore,978,4,3,15,Semi
IN17527,Chennai,773,1,3,15,Semi
IN17528,Mumbai,1050,1,2,15,Semi
IN17529,Delhi,645,2,2,15,Unfurnished
IN17530,Mumbai,963,4,1,15,Furnished
IN17531,Kolkata,1239,2,3,16.55,Unfurnished
IN17532,Bangalore,1531,4,3,25.82,Unfurnished
IN17533,Kolkata,782,1,1,15,Semi
IN17534,Chennai,622,3,3,15,Unfurnished
IN17535,Bangalore,1379,2,3,18.26,Furnished
IN17536,Delhi,801,3,2,15,Semi
IN17537,Chennai,2458,3,2,30.01,Unfurnished
IN17538,Kolkata,751,1,2,15,Semi
IN17539,Delhi,597,4,1,15,Furnished
IN17540,Bangalore,1557,4,2,15,Furnished
IN17541,Bangalore,960,2,1,15,Semi
IN17542,Delhi,1066,3,1,15,Furnished
IN17543,Bangalore,1508,3,2,15,Unfurnished
IN17544,Kolkata,1119,2,3,16.59,Unfurnished
IN17545,Chennai,1054,2,1,15,Furnished
IN17546,Chennai,1012,2,2,15,Semi
IN17547,Delhi,1136,3,2,16.78,Semi
IN17548,Bangalore,1313,3,1,20.9,Unfurnished
IN17549,Chennai,365,3,1,15,Unfurnished
IN17550,Bangalore,1231,3,3,19.27,Semi
IN17551,Hyderabad,1279,2,2,18.24,Semi
IN17552,Kolkata,974,1,1,15,Semi
IN17553,Chennai,1093,3,2,15,Semi
IN17554,Kolkata,1358,3,3,15,Unfurnished
IN17555,Mumbai,748,3,3,15,Semi
IN17556,Delhi,1064,2,2,15,Semi
IN17557,Hyderabad,1642,2,2,20.79,Furnished
IN17558,Mumbai,986,2,2,15,Semi
IN17559,Chennai,300,1,3,15,Unfurnished
IN17560,Kolkata,1455,2,3,15.26,Furnished
IN17561,Hyderabad,603,1,1,15,Semi
IN17562,Kolkata,1265,2,1,16.36,Unfurnished
IN17563,Chennai,2070,1,1,22.65,Semi
IN17564,Bangalore,1369,3,2,15.2,Furnished
IN17565,Mumbai,1195,3,1,20.14,Furnished
IN17566,Chennai,750,3,1,15,Semi
IN17567,Hyderabad,571,4,3,15,Unfurnished
IN17568,Bangalore,783,2,1,15,Semi
IN17569,Hyderabad,1440,1,1,21.98,Semi
IN17570,Chennai,1793,2,2,15,Semi
IN17571,Chennai,774,3,2,15,Semi
IN17572,Kolkata,1004,2,1,17.3,Unfurnished
IN17573,Hyderabad,1739,2,3,19.77,Furnished
IN17574,Delhi,788,2,2,15,Unfurnished
IN17575,Chennai,682,3,3,15,Unfurnished
IN17576,Hyderabad,1040,1,3,19.17,Unfurnished
IN17577,Mumbai,1991,3,1,17.57,Furnished
IN17578,Bangalore,875,1,3,15,Semi
IN17579,Kolkata,1108,3,2,15,Furnished
IN17580,Delhi,382,3,1,15,Furnished
IN17581,Chennai,748,3,2,15,Furnished
IN17582,Hyderabad,1675,1,3,15,Unfurnished
IN17583,Bangalore,608,3,1,15,Furnished
IN17584,Delhi,1451,3,3,15,Semi
IN17585,Bangalore,1040,2,3,15,Unfurnished
IN17586,Chennai,895,4,2,15,Semi
IN17587,Delhi,949,1,1,15,Furnished
IN17588,Kolkata,1215,3,1,24.0,Unfurnished
IN17589,Chennai,750,4,2,15,Semi
IN17590,Mumbai,1485,3,2,15.62,Furnished
IN17591,Chennai,300,2,2,15,Unfurnished
IN17592,Hyderabad,602,4,2,15,Unfurnished
IN17593,Bangalore,945,3,2,15,Furnished
IN17594,Delhi,300,2,2,15,Semi
IN17595,Hyderabad,473,3,3,15,Semi
IN17596,Bangalore,1390,3,2,20.36,Unfurnished
IN17597,Mumbai,1139,3,1,15,Unfurnished
IN17598,Chennai,1834,1,2,15,Unfurnished
IN17599,Delhi,1088,3,1,15,Semi
IN17600,Delhi,859,2,2,15.48,Unfurnished
IN17601,Delhi,1289,2,2,19.41,Semi
IN17602,Delhi,863,3,2,19.12,Semi
IN17603,Hyderabad,1200,3,1,15,Furnished
IN17604,Kolkata,1446,1,1,15,Semi
IN17605,Mumbai,1667,4,2,15.53,Unfurnished
IN17606,Bangalore,1216,4,2,15,Semi
IN17607,Kolkata,1037,1,3,15,Semi
IN17608,Delhi,1530,3,2,20.95,Unfurnished
IN17609,Hyderabad,1099,4,2,17.34,Semi
IN17610,Delhi,707,1,3,15,Furnished
IN17611,Chennai,1636,2,2,15,Semi
IN17612,Chennai,555,1,1,15,Semi
IN17613,Hyderabad,1118,1,1,15,Unfurnished
IN17614,Bangalore,966,1,1,15,Unfurnished
IN17615,Hyderabad,988,1,2,15,Unfurnished
IN17616,Chennai,1328,3,2,15,Unfurnished
IN17617,Delhi,1403,3,1,19.18,Furnished
IN17618,Hyderabad,903,2,2,15,Semi
IN17619,Hyderabad,988,1,2,15,Unfurnished
IN17620,Chennai,1249,2,3,24.85,Furnished
IN17621,Delhi,445,2,1,15,Unfurnished
IN17622,Bangalore,465,4,3,15,Unfurnished
IN17623,Mumbai,632,3,1,15,Semi
IN17624,Kolkata,1230,4,2,21.68,Unfurnished
IN17625,Hyderabad,1581,2,2,15,Unfurnished
IN17626,Bangalore,1509,3,2,26.79,Semi
IN17627,Chennai,856,3,1,15.85,Furnished
IN17628,Chennai,362,1,1,15,Unfurnished
IN17629,Bangalore,1811,2,2,32.29,Unfurnished
IN17630,Hyderabad,1307,4,3,15.56,Furnished
IN17631,Bangalore,469,2,3,15,Semi
IN17632,Delhi,1321,3,2,15.83,Semi
IN17633,Bangalore,858,3,1,15.31,Unfurnished
IN17634,Delhi,1264,4,1,17.04,Semi
IN17635,Hyderabad,1335,3,2,18.62,Furnished
IN17636,Hyderabad,1403,2,2,17.15,Semi
IN17637,Bangalore,1633,1,1,16.5,Unfurnished
IN17638,Chennai,477,3,1,15,Unfurnished
IN17639,Mumbai,1448,2,3,15.33,Furnished
IN17640,Hyderabad,827,2,3,15,Unfurnished
IN17641,Kolkata,1523,3,3,15,Semi
IN17642,Chennai,300,4,3,15,Unfurnished
IN17643,Hyderabad,1182,1,1,15,Semi
IN17644,Bangalore,1495,4,2,24.6,Furnished
IN17645,Delhi,940,3,3,15,Furnished
IN17646,Mumbai,593,3,1,15,Unfurnished
IN17647,Kolkata,915,2,2,15,Unfurnished
IN17648,Hyderabad,909,2,2,15,Unfurnished
IN17649,Chennai,2132,3,2,27.31,Semi
IN17650,Delhi,1406,2,3,17.86,Furnished
IN17651,Bangalore,1761,4,3,15,Furnished
IN17652,Mumbai,434,3,2,15,Furnished
IN17653,Delhi,1498,3,2,16.5,Furnished
IN17654,Delhi,1093,3,3,15,Furnished
IN17655,Kolkata,739,3,1,15,Unfurnished
IN17656,Delhi,1660,3,2,15,Unfurnished
IN17657,Hyderabad,954,2,2,15,Furnished
IN17658,Delhi,1134,3,2,19.63,Semi
IN17659,Mumbai,1056,3,1,16.17,Unfurnished
IN17660,Delhi,1557,4,2,24.75,Unfurnished
IN17661,Hyderabad,1459,4,2,19.06,Unfurnished
IN17662,Kolkata,1328,3,2,15.27,Unfurnished
IN17663,Chennai,426,2,3,15,Semi
IN17664,Chennai,751,4,1,15,Semi
IN17665,Chennai,985,1,3,15,Semi
IN17666,Delhi,1400,3,2,21.01,Furnished
IN17667,Chennai,485,3,2,15,Furnished
IN17668,Kolkata,1554,4,1,15,Unfurnished
IN17669,Chennai,1365,2,3,15,Semi
IN17670,Chennai,1217,2,1,20.02,Unfurnished
IN17671,Mumbai,1643,4,2,23.37,Semi
IN17672,Kolkata,1569,1,3,31.35,Unfurnished
IN17673,Hyderabad,935,3,2,15,Semi
IN17674,Mumbai,1338,3,1,16.78,Unfurnished
IN17675,Kolkata,1310,3,3,23.5,Furnished
IN17676,Chennai,1303,2,3,15,Unfurnished
IN17677,Hyderabad,1292,2,2,19.21,Unfurnished
IN17678,Chennai,1290,3,1,21.33,Furnished
IN17679,Delhi,1051,2,1,15,Unfurnished
IN17680,Chennai,1282,3,2,15,Semi
IN17681,Hyderabad,1055,2,2,15,Furnished
IN17682,Kolkata,1385,2,2,17.12,Unfurnished
IN17683,Hyderabad,1393,4,1,15,Unfurnished
IN17684,Mumbai,639,2,2,15,Furnished
IN17685,Chennai,300,3,3,15,Furnished
IN17686,Hyderabad,1137,2,3,15,Semi
IN17687,Kolkata,1578,2,3,26.09,Unfurnished
IN17688,Kolkata,1688,4,2,17.53,Unfurnished
IN17689,Hyderabad,1047,3,1,15,Semi
IN17690,Bangalore,741,1,2,15,Unfurnished
IN17691,Delhi,1759,3,1,28.46,Semi
IN17692,Kolkata,1037,3,1,16.63,Unfurnished
IN17693,Chennai,1174,3,1,19.32,Semi
IN17694,Chennai,1461,3,3,15,Furnished
IN17695,Kolkata,1009,4,2,15,Unfurnished
IN17696,Hyderabad,300,4,2,15,Unfurnished
IN17697,Mumbai,1540,2,2,19.2,Furnished
IN17698,Bangalore,984,2,3,15,Furnished
IN17699,Bangalore,1524,2,2,17.94,Furnished
IN17700,Kolkata,1004,1,3,15,Semi
IN17701,Bangalore,804,3,2,15,Unfurnished
IN17702,Delhi,1085,2,2,15,Furnished
IN17703,Hyderabad,1467,2,2,20.85,Unfurnished
IN17704,Bangalore,1943,3,2,30.54,Semi
IN17705,Bangalore,427,1,1,15,Unfurnished
IN17706,Chennai,1482,2,1,19.63,Semi
IN17707,Bangalore,1359,3,2,15,Furnished
IN17708,Hyderabad,1217,2,3,15,Semi
IN17709,Mumbai,682,3,2,15,Furnished
IN17710,Kolkata,1685,3,3,24.37,Semi
IN17711,Chennai,2112,3,2,26.74,Semi
IN17712,Mumbai,2224,3,2,15,Unfurnished
IN17713,Chennai,1006,3,3,15,Unfurnished
IN17714,Bangalore,492,2,1,15,Semi
IN17715,Hyderabad,408,1,3,15,Furnished
IN17716,Mumbai,585,2,2,15,Unfurnished
IN17717,Chennai,1485,4,2,22.68,Furnished
IN17718,Delhi,495,3,3,15,Furnished
IN17719,Chennai,1309,3,3,18.09,Furnished
IN17720,Chennai,313,2,3,15,Semi
IN17721,Hyderabad,1095,4,2,15,Furnished
IN17722,Delhi,1315,3,1,15,Semi
IN17723,Chennai,402,2,2,15,Unfurnished
IN17724,Bangalore,1319,1,3,15,Unfurnished
IN17725,Hyderabad,300,2,1,15,Furnished
IN17726,Mumbai,1578,2,1,15,Furnished
IN17727,Bangalore,1476,1,2,31.63,Unfurnished
IN17728,Chennai,1028,2,3,20.44,Furnished
IN17729,Chennai,554,2,3,15,Semi
IN17730,Kolkata,2050,2,3,31.89,Furnished
IN17731,Delhi,1422,2,3,20.69,Unfurnished
IN17732,Chennai,876,4,2,15,Furnished
IN17733,Delhi,1204,2,1,16.27,Unfurnished
IN17734,Delhi,1348,4,1,25.65,Furnished
IN17735,Delhi,742,2,2,15,Furnished
IN17736,Delhi,1247,4,2,15.61,Semi
IN17737,Delhi,340,3,3,15,Furnished
IN17738,Delhi,897,3,3,15,Furnished
IN17739,Delhi,815,4,1,15,Unfurnished
IN17740,Hyderabad,2258,3,3,18.74,Semi
IN17741,Bangalore,662,4,1,15,Semi
IN17742,Delhi,1566,2,3,28.25,Semi
IN17743,Kolkata,1026,3,2,15.08,Furnished
IN17744,Mumbai,1446,2,1,21.09,Semi
IN17745,Bangalore,2081,3,2,15,Semi
IN17746,Bangalore,1476,3,2,15.33,Furnished
IN17747,Kolkata,1102,1,3,15,Semi
IN17748,Delhi,1502,2,3,15,Unfurnished
IN17749,Kolkata,2153,3,3,24.25,Furnished
IN17750,Kolkata,1568,2,1,18.25,Semi
IN17751,Chennai,1403,2,3,16.25,Furnished
IN17752,Chennai,442,2,3,15,Furnished
IN17753,Kolkata,533,4,2,15,Semi
IN17754,Kolkata,1060,2,1,16.79,Semi
IN17755,Delhi,2005,2,3,17.73,Furnished
IN17756,Chennai,1197,3,2,15,Furnished
IN17757,Delhi,1062,3,3,19.52,Semi
IN17758,Kolkata,811,2,1,15,Semi
IN17759,Hyderabad,363,2,2,15,Semi
IN17760,Bangalore,967,1,3,15,Unfurnished
IN17761,Delhi,1808,2,1,16.97,Furnished
IN17762,Chennai,439,2,2,15,Unfurnished
IN17763,Chennai,1251,2,2,15.88,Furnished
IN17764,Kolkata,1364,2,2,15,Semi
IN17765,Hyderabad,1009,3,3,15,Furnished
IN17766,Mumbai,1738,4,2,30.35,Furnished
IN17767,Bangalore,1234,3,3,15,Semi
IN17768,Kolkata,1551,1,2,15,Semi
IN17769,Chennai,1478,2,2,15,Semi
IN17770,Bangalore,300,3,2,15,Semi
IN17771,Mumbai,1655,3,1,19.31,Semi
IN17772,Chennai,1688,3,1,32.39,Unfurnished
IN17773,Kolkata,1326,1,2,15,Semi
IN17774,Chennai,636,3,2,15,Semi
IN17775,Kolkata,774,3,2,15,Furnished
IN17776,Hyderabad,1331,2,1,21.97,Unfurnished
IN17777,Bangalore,1603,1,2,17.56,Semi
IN17778,Kolkata,838,3,1,15,Furnished
IN17779,Hyderabad,644,3,2,15,Semi
IN17780,Mumbai,1409,3,1,20.04,Semi
IN17781,Kolkata,920,2,2,15,Furnished
IN17782,Bangalore,1197,3,3,20.45,Semi
IN17783,Chennai,1360,2,3,15,Unfurnished
IN17784,Kolkata,1249,1,2,19.18,Unfurnished
IN17785,Mumbai,1238,4,2,21.88,Semi
IN17786,Delhi,1491,2,2,15.61,Unfurnished
IN17787,Chennai,617,3,3,15,Unfurnished
IN17788,Mumbai,1138,2,3,15,Semi
IN17789,Delhi,1019,1,3,15,Unfurnished
IN17790,Mumbai,1813,3,1,15,Unfurnished
IN17791,Hyderabad,1400,3,2,16.0,Unfurnished
IN17792,Delhi,1310,3,2,15,Semi
IN17793,Chennai,1104,4,2,15,Unfurnished
IN17794,Kolkata,1144,4,3,15.02,Unfurnished
IN17795,Bangalore,1588,2,2,16.12,Unfurnished
IN17796,Mumbai,1533,4,3,17.92,Unfurnished
IN17797,Hyderabad,810,3,3,15,Furnished
IN17798,Mumbai,733,2,2,15,Unfurnished
IN17799,Bangalore,796,3,2,15,Unfurnished
IN17800,Delhi,709,1,2,15,Furnished
IN17801,Bangalore,1603,4,2,15,Semi
IN17802,Chennai,1661,3,2,28.31,Semi
IN17803,Mumbai,855,3,3,15,Semi
IN17804,Bangalore,1419,4,3,15.37,Semi
IN17805,Delhi,773,2,2,15,Semi
IN17806,Delhi,1750,2,2,19.71,Semi
IN17807,Mumbai,583,2,1,15,Unfurnished
IN17808,Mumbai,1409,4,3,15,Furnished
IN17809,Bangalore,935,3,3,15.54,Furnished
IN17810,Delhi,1389,2,2,17.02,Semi
IN17811,Bangalore,827,3,2,15,Unfurnished
IN17812,Delhi,877,1,1,15,Furnished
IN17813,Mumbai,1285,4,2,16.59,Semi
IN17814,Hyderabad,523,2,2,15,Unfurnished
IN17815,Hyderabad,1352,3,2,15,Semi
IN17816,Kolkata,1284,3,2,15,Unfurnished
IN17817,Delhi,968,1,3,15,Semi
IN17818,Mumbai,1206,3,2,15,Unfurnished
IN17819,Bangalore,1545,2,1,15,Furnished
IN17820,Chennai,1679,2,3,21.82,Furnished
IN17821,Delhi,1936,2,2,15.91,Unfurnished
IN17822,Chennai,1242,4,3,19.13,Semi
IN17823,Delhi,1273,2,1,22.66,Unfurnished
IN17824,Hyderabad,1299,1,2,15,Furnished
IN17825,Kolkata,422,4,2,15,Furnished
IN17826,Hyderabad,696,4,3,15,Semi
IN17827,Mumbai,1688,3,1,15,Semi
IN17828,Mumbai,959,2,2,15,Semi
IN17829,Delhi,553,2,2,15,Unfurnished
IN17830,Mumbai,1517,2,3,29.35,Furnished
IN17831,Mumbai,1197,3,3,15,Unfurnished
IN17832,Delhi,548,1,1,15,Semi
IN17833,Hyderabad,1216,3,2,15,Semi
IN17834,Hyderabad,863,3,1,15,Semi
IN17835,Mumbai,499,3,3,15,Semi
IN17836,Chennai,1732,3,3,15,Furnished
IN17837,Kolkata,1023,2,1,15,Unfurnished
IN17838,Hyderabad,1569,4,2,15,Furnished
IN17839,Bangalore,319,4,2,15,Unfurnished
IN17840,Chennai,1348,3,1,18.84,Furnished
IN17841,Hyderabad,671,3,2,15,Unfurnished
IN17842,Mumbai,979,1,2,15,Furnished
IN17843,Hyderabad,487,3,2,15,Unfurnished
IN17844,Hyderabad,1366,3,2,18.88,Unfurnished
IN17845,Delhi,1083,2,1,15.04,Semi
IN17846,Chennai,896,2,2,15,Semi
IN17847,Hyderabad,300,2,1,15,Unfurnished
IN17848,Delhi,797,2,2,15,Semi
IN17849,Delhi,1421,1,2,15,Furnished
IN17850,Kolkata,790,3,1,15,Semi
IN17851,Hyderabad,1385,1,1,15,Furnished
IN17852,Mumbai,546,2,2,15,Semi
IN17853,Chennai,1761,2,1,17.54,Semi
IN17854,Bangalore,1786,1,2,23.67,Unfurnished
IN17855,Chennai,1200,2,1,15,Furnished
IN17856,Bangalore,1693,3,2,28.16,Semi
IN17857,Mumbai,1639,1,2,20.56,Unfurnished
IN17858,Bangalore,769,4,2,15,Semi
IN17859,Delhi,1087,3,2,15,Furnished
IN17860,Kolkata,1071,2,2,15,Unfurnished
IN17861,Chennai,1467,2,3,17.48,Semi
IN17862,Hyderabad,906,4,1,15,Unfurnished
IN17863,Kolkata,1524,4,3,17.0,Unfurnished
IN17864,Bangalore,1434,2,2,22.18,Unfurnished
IN17865,Delhi,1083,3,1,15.73,Unfurnished
IN17866,Delhi,1044,4,3,15,Semi
IN17867,Mumbai,1183,3,3,15,Unfurnished
IN17868,Mumbai,1131,2,2,23.32,Unfurnished
IN17869,Delhi,1011,3,2,15,Semi
IN17870,Mumbai,1733,3,2,28.85,Unfurnished
IN17871,Mumbai,1295,2,1,18.88,Furnished
IN17872,Mumbai,1577,2,3,18.01,Unfurnished
IN17873,Delhi,814,2,1,15,Furnished
IN17874,Kolkata,1766,4,2,24.92,Semi
IN17875,Delhi,1280,3,3,15,Furnished
IN17876,Mumbai,1720,3,3,30.94,Furnished
IN17877,Mumbai,1182,2,2,15,Unfurnished
IN17878,Mumbai,317,4,1,15,Semi
IN17879,Bangalore,1572,3,2,23.58,Semi
IN17880,Chennai,1155,2,2,15.61,Unfurnished
IN17881,Kolkata,1038,3,1,15,Semi
IN17882,Mumbai,1038,1,3,15,Semi
IN17883,Kolkata,1760,2,2,22.17,Unfurnished
IN17884,Kolkata,1111,3,3,15,Unfurnished
IN17885,Kolkata,682,2,2,15,Semi
IN17886,Hyderabad,741,4,1,15,Semi
IN17887,Kolkata,930,3,2,15,Semi
IN17888,Bangalore,632,2,2,15,Furnished
IN17889,Mumbai,1332,1,3,15,Furnished
IN17890,Bangalore,1001,2,2,15,Unfurnished
IN17891,Bangalore,1571,3,3,17.98,Unfurnished
IN17892,Chennai,1205,4,2,16.21,Semi
IN17893,Delhi,677,3,2,15,Semi
IN17894,Mumbai,1205,2,3,15,Furnished
IN17895,Kolkata,1858,3,2,18.28,Unfurnished
IN17896,Kolkata,1723,3,1,22.17,Furnished
IN17897,Bangalore,676,3,2,15,Unfurnished
IN17898,Delhi,1057,3,1,15.09,Semi
IN17899,Kolkata,1185,3,3,15.97,Furnished
IN17900,Kolkata,1717,2,2,26.33,Furnished
IN17901,Chennai,519,2,2,15,Furnished
IN17902,Bangalore,839,3,2,15,Furnished
IN17903,Delhi,390,1,3,15,Semi
IN17904,Bangalore,1224,2,2,15,Semi
IN17905,Chennai,1373,1,2,19.87,Semi
IN17906,Kolkata,1259,2,2,15,Unfurnished
IN17907,Mumbai,322,1,1,15,Furnished
IN17908,Delhi,1355,2,2,17.45,Semi
IN17909,Delhi,1008,1,3,15,Semi
IN17910,Delhi,446,3,1,15,Furnished
IN17911,Mumbai,1192,2,2,15,Semi
IN17912,Hyderabad,692,4,2,15,Unfurnished
IN17913,Chennai,1052,4,2,15,Unfurnished
IN17914,Hyderabad,1248,1,1,15,Unfurnished
IN17915,Delhi,1140,3,2,18.98,Semi
IN17916,Bangalore,1166,2,3,15,Semi
IN17917,Chennai,930,3,2,15,Unfurnished
IN17918,Delhi,1116,4,2,15,Furnished
IN17919,Bangalore,1066,4,2,15,Furnished
IN17920,Hyderabad,981,3,3,15,Semi
IN17921,Delhi,300,2,1,15,Semi
IN17922,Delhi,1270,1,2,15,Semi
IN17923,Delhi,873,3,2,15.54,Unfurnished
IN17924,Mumbai,1464,2,2,15,Furnished
IN17925,Kolkata,634,3,1,15,Semi
IN17926,Mumbai,1115,2,2,15,Unfurnished
IN17927,Mumbai,1439,2,2,18.25,Unfurnished
IN17928,Hyderabad,1260,2,3,21.4,Semi
IN17929,Kolkata,679,3,1,15,Semi
IN17930,Bangalore,1349,4,3,15,Unfurnished
IN17931,Hyderabad,1478,4,1,22.47,Semi
IN17932,Delhi,1049,1,3,15,Unfurnished
IN17933,Bangalore,1285,2,2,21.82,Semi
IN17934,Chennai,1345,4,2,15,Semi
IN17935,Bangalore,623,2,1,15,Furnished
IN17936,Mumbai,1487,2,2,19.96,Semi
IN17937,Delhi,300,3,2,15,Furnished
IN17938,Delhi,992,1,3,15,Semi
IN17939,Chennai,622,3,2,15,Furnished
IN17940,Mumbai,748,2,2,15,Furnished
IN17941,Kolkata,1774,3,3,17.81,Furnished
IN17942,Mumbai,1223,1,2,15,Unfurnished
IN17943,Hyderabad,781,2,2,15,Unfurnished
IN17944,Kolkata,423,3,2,15,Furnished
IN17945,Bangalore,1011,3,2,15,Semi
IN17946,Chennai,1339,4,3,15,Unfurnished
IN17947,Mumbai,1167,3,3,16.6,Furnished
IN17948,Bangalore,1708,2,2,25.24,Semi
IN17949,Delhi,773,3,3,15,Furnished
IN17950,Bangalore,531,3,1,15,Furnished
IN17951,Mumbai,2121,2,1,19.3,Unfurnished
IN17952,Chennai,772,3,1,15,Semi
IN17953,Kolkata,1764,2,3,15,Semi
IN17954,Delhi,954,3,1,15,Unfurnished
IN17955,Mumbai,576,2,3,15,Unfurnished
IN17956,Delhi,553,2,3,15,Unfurnished
IN17957,Hyderabad,938,2,3,15.6,Semi
IN17958,Bangalore,556,3,2,15,Furnished
IN17959,Bangalore,782,3,3,15,Furnished
IN17960,Kolkata,825,3,2,16.38,Unfurnished
IN17961,Delhi,1205,3,3,20.93,Semi
IN17962,Kolkata,589,3,2,15,Furnished
IN17963,Delhi,748,4,1,15,Unfurnished
IN17964,Chennai,1714,4,2,29.54,Furnished
IN17965,Chennai,1283,1,2,25.39,Semi
IN17966,Mumbai,986,3,2,15.21,Unfurnished
IN17967,Kolkata,1077,3,2,19.25,Semi
IN17968,Hyderabad,300,1,1,15,Furnished
IN17969,Delhi,1868,1,3,21.39,Furnished
IN17970,Mumbai,721,1,1,15,Unfurnished
IN17971,Mumbai,1320,2,3,15,Semi
IN17972,Kolkata,1628,2,2,18.82,Furnished
IN17973,Kolkata,300,3,1,15,Semi
IN17974,Hyderabad,1210,3,3,15,Semi
IN17975,Delhi,755,4,1,15,Semi
IN17976,Chennai,1350,3,2,15,Furnished
IN17977,Chennai,718,1,3,15,Furnished
IN17978,Mumbai,1718,1,3,19.94,Semi
IN17979,Kolkata,1290,3,2,21.14,Semi
IN17980,Chennai,467,3,2,15,Semi
IN17981,Chennai,619,4,2,15,Furnished
IN17982,Chennai,918,2,1,15,Unfurnished
IN17983,Kolkata,977,2,3,15,Furnished
IN17984,Delhi,735,2,3,15,Furnished
IN17985,Kolkata,1496,2,3,15,Unfurnished
IN17986,Chennai,1716,4,2,17.96,Unfurnished
IN17987,Mumbai,1194,2,2,23.42,Unfurnished
IN17988,Chennai,1170,2,2,15,Unfurnished
IN17989,Hyderabad,999,4,2,15,Furnished
IN17990,Hyderabad,300,4,2,15,Semi
IN17991,Kolkata,986,4,3,15,Unfurnished
IN17992,Bangalore,981,2,3,15,Semi
IN17993,Delhi,837,3,3,15,Furnished
IN17994,Chennai,300,2,2,15,Furnished
IN17995,Delhi,995,2,3,15.5,Semi
IN17996,Mumbai,840,4,3,15,Furnished
IN17997,Kolkata,488,3,2,15,Furnished
IN17998,Delhi,1281,4,2,19.25,Furnished
IN17999,Delhi,1717,3,2,32.58,Unfurnished
